problem,optimizer,run_idx,fx_best,site
Armistead,ipopt,6,-301.91618136793875,marvin
Armistead,cmaes,3,-301.916186565731,marvin
Armistead,ipopt,2,-301.916176793672,marvin
Armistead,ipopt,4,-301.91618091241344,marvin
Armistead,cmaes,4,-301.91618671737507,marvin
Armistead,cmaes,8,-301.9161865166826,marvin
Armistead,ipopt,5,-301.91618061409633,marvin
Armistead,cmaes,9,-301.9161864701725,marvin
Armistead,ipopt,7,-301.91617630832457,marvin
Armistead,ipopt,3,-301.9161763641265,marvin
Armistead,cmaes,7,-301.91618668852726,marvin
Armistead,ipopt,1,-301.91617516029356,marvin
Armistead,cmaes,5,-301.9161873420431,marvin
Armistead,ipopt,9,-301.91617899572736,marvin
Armistead,cmaes,10,-301.9161866284794,marvin
Armistead,ipopt,10,-301.9161789550227,marvin
Armistead,cmaes,1,-301.9161871959367,marvin
Armistead,cmaes,6,-301.91618650966416,marvin
Armistead,cg,9,-301.84314672525085,marvin
Armistead,cmaes,2,-301.91618781460875,marvin
Armistead,ipopt,8,-301.9161738564528,marvin
Armistead,cg,8,-301.86904463294604,marvin
Armistead,cg,1,-301.844495876304,marvin
Armistead,cg,5,-301.82770582693644,marvin
Armistead,cg,7,-301.84894234531185,marvin
Armistead,cg,10,-301.88258045696784,marvin
Armistead,cg,6,-301.83045872526264,marvin
Armistead,cg,4,-301.8724109387371,marvin
Armistead,cg,3,-301.8327655854198,marvin
Armistead,Nelder-Mead,5,-301.8601880185812,marvin
Armistead,Nelder-Mead,8,-301.89298462366526,marvin
Armistead,L-BFGS-B,3,-301.9161854957132,marvin
Armistead,Nelder-Mead,9,-301.8668408424318,marvin
Armistead,cg,2,-301.8420666382924,marvin
Armistead,L-BFGS-B,8,-301.9161853140181,marvin
Armistead,Nelder-Mead,10,-301.85560108909317,marvin
Armistead,Nelder-Mead,1,-301.89974483107426,marvin
Armistead,L-BFGS-B,10,-301.91618532976787,marvin
Armistead,Nelder-Mead,7,-301.8904884729434,marvin
Armistead,L-BFGS-B,5,-301.91618533948804,marvin
Armistead,fides,10,-301.91618372841947,marvin
Armistead,fides,1,-301.91618377993836,marvin
Armistead,fides,4,-301.9161837619958,marvin
Armistead,fides,2,-301.9161839407167,marvin
Armistead,Nelder-Mead,2,-301.88422289704073,marvin
Armistead,Nelder-Mead,3,-301.84452325114944,marvin
Armistead,fides,9,-301.916183695422,marvin
Armistead,fides,3,-301.91618367274265,marvin
Armistead,L-BFGS-B,6,-301.91618567149067,marvin
Armistead,Nelder-Mead,6,-301.79065607780353,marvin
Armistead,BFGS,7,-301.8047571715233,marvin
Armistead,BFGS,5,-301.7850481940901,marvin
Armistead,L-BFGS-B,2,-301.91618590238335,marvin
Armistead,Nelder-Mead,4,-301.8748961845911,marvin
Armistead,BFGS,2,-301.8005073655771,marvin
Armistead,L-BFGS-B,9,-301.9161854738679,marvin
Armistead,L-BFGS-B,1,-301.91618606473963,marvin
Armistead,L-BFGS-B,7,-301.91618524760577,marvin
Armistead,fides,5,-301.9161837060774,marvin
Armistead,fides,8,-301.9161836751757,marvin
Armistead,L-BFGS-B,4,-301.91618558774553,marvin
Armistead,nlopt_11,1,-301.9161840268083,marvin
Armistead,fides,7,-301.91618374232485,marvin
Armistead,fides,6,-301.91618370869185,marvin
Armistead,nlopt_11,2,-301.91618415808216,marvin
Armistead,BFGS,4,-301.7819995118071,marvin
Armistead,COBYLA,2,-301.8223169192132,marvin
Armistead,nlopt_11,7,-301.91618399668965,marvin
Armistead,BFGS,8,-301.80570183799495,marvin
Armistead,newton-cg,1,-301.8893731927925,marvin
Armistead,nlopt_11,4,-301.91618402656474,marvin
Armistead,nlopt_11,3,-301.91618398285686,marvin
Armistead,nlopt_11,9,-301.91618399558,marvin
Armistead,BFGS,1,-301.75693141240777,marvin
Armistead,nlopt_11,6,-301.9161840646508,marvin
Armistead,BFGS,3,-301.77642208913244,marvin
Armistead,nlopt_13,3,-301.9161840404464,marvin
Armistead,newton-cg,3,-301.8881034700711,marvin
Armistead,nlopt_16,2,-301.9161817525949,marvin
Armistead,nlopt_16,6,-301.9161834834808,marvin
Armistead,nlopt_12,4,-301.9107261005216,marvin
Armistead,BFGS,9,-301.8162555065294,marvin
Armistead,nlopt_12,1,-301.9102195876703,marvin
Armistead,nlopt_16,3,-301.91618122415537,marvin
Armistead,nlopt_18,2,-301.9161838667365,marvin
Armistead,nlopt_16,5,-301.91618189694407,marvin
Armistead,nlopt_16,4,-301.91618214636446,marvin
Armistead,nlopt_15,3,-301.9161794428039,marvin
Armistead,nlopt_15,1,-301.9161796856065,marvin
Armistead,nlopt_11,8,-301.9161839866646,marvin
Armistead,nlopt_16,1,-301.9161836557,marvin
Armistead,BFGS,6,-301.78575706853394,marvin
Armistead,BFGS,10,-301.76604937458717,marvin
Armistead,nlopt_15,8,-301.9161798158584,marvin
Armistead,nlopt_16,8,-301.91618246005334,marvin
Armistead,nlopt_12,7,-301.9080760949078,marvin
Armistead,nlopt_15,2,-301.91618114180034,marvin
Armistead,nlopt_16,9,-301.91618183010996,marvin
Armistead,newton-cg,5,-301.8917437162925,marvin
Armistead,nlopt_12,2,-301.90803451764054,marvin
Armistead,newton-cg,4,-301.9042906090061,marvin
Armistead,nlopt_18,6,-301.91618388457994,marvin
Armistead,nlopt_18,5,-301.9161837705067,marvin
Armistead,nlopt_11,5,-301.9161840276519,marvin
Armistead,nlopt_12,8,-301.90885214909486,marvin
Armistead,nlopt_15,5,-301.9161805864968,marvin
Armistead,nlopt_18,1,-301.91618385509616,marvin
Armistead,nlopt_11,10,-301.91618397318683,marvin
Armistead,nlopt_14,7,-301.91618409736384,marvin
Armistead,COBYLA,3,-301.84390920263365,marvin
Armistead,nlopt_18,10,-301.9161838390588,marvin
Armistead,nlopt_18,8,-301.91618384397134,marvin
Armistead,nlopt_18,4,-301.91618385357924,marvin
Armistead,nlopt_18,3,-301.91618398159943,marvin
Armistead,newton-cg,6,-301.8855210026399,marvin
Armistead,nlopt_18,7,-301.91618382379954,marvin
Armistead,nlopt_16,7,-301.9161819739562,marvin
Armistead,nlopt_12,3,-301.9089541954653,marvin
Armistead,nlopt_12,5,-301.9107576894503,marvin
Armistead,nlopt_16,10,-301.9161821089789,marvin
Armistead,COBYLA,6,-301.8728792341005,marvin
Armistead,nlopt_15,7,-301.91618085981156,marvin
Armistead,nlopt_13,9,-301.91618403428356,marvin
Armistead,COBYLA,9,-301.8302475336585,marvin
Armistead,SLSQP,9,-301.9161845555768,marvin
Armistead,nlopt_13,1,-301.91618398486276,marvin
Armistead,newton-cg,8,-301.88854729621573,marvin
Armistead,nlopt_13,2,-301.9161840344699,marvin
Armistead,SLSQP,10,-301.9161848113612,marvin
Armistead,SLSQP,6,-301.9161847319856,marvin
Armistead,nlopt_12,6,-301.91041669439915,marvin
Armistead,nlopt_15,6,-301.91617982926505,marvin
Armistead,nlopt_12,10,-301.91305515363894,marvin
Armistead,nlopt_13,8,-301.91618411147886,marvin
Armistead,COBYLA,8,-301.8935305200188,marvin
Armistead,SLSQP,8,-301.9161852989945,marvin
Armistead,newton-cg,9,-301.8988499476706,marvin
Armistead,nlopt_15,4,-301.91617989217207,marvin
Armistead,nlopt_13,5,-301.9161840079152,marvin
Armistead,nlopt_15,10,-301.91618352114483,marvin
Armistead,nlopt_14,2,-301.91618404143253,marvin
Armistead,newton-cg,2,-301.8880190190369,marvin
Armistead,nlopt_14,4,-301.9161841137361,marvin
Armistead,nlopt_13,4,-301.9161840490235,marvin
Armistead,nlopt_18,9,-301.9161838541047,marvin
Armistead,nlopt_14,10,-301.91618398319,marvin
Armistead,nlopt_14,9,-301.9161841014752,marvin
Armistead,nlopt_13,6,-301.9161840662337,marvin
Armistead,newton-cg,7,-301.8964741296897,marvin
Armistead,COBYLA,4,-301.8428452548171,marvin
Armistead,nlopt_14,8,-301.916184044415,marvin
Armistead,COBYLA,10,-301.8692062940603,marvin
Armistead,nlopt_15,9,-301.91618355110654,marvin
Armistead,nlopt_21,3,-301.9161835422385,marvin
Armistead,nlopt_29,5,-301.9161860398997,marvin
Armistead,nlopt_13,10,-301.91618408567695,marvin
Armistead,SLSQP,7,-301.91618468403124,marvin
Armistead,nlopt_14,3,-301.91618400636395,marvin
Armistead,nlopt_34,1,-301.91617658514207,marvin
Armistead,nlopt_21,9,-301.9161829701379,marvin
Armistead,nlopt_29,7,-301.91618540657237,marvin
Armistead,nlopt_14,6,-301.91618401100965,marvin
Armistead,nlopt_21,10,-301.9161832749545,marvin
Armistead,nlopt_21,5,-301.91618315528933,marvin
Armistead,nlopt_29,1,-301.91618648178985,marvin
Armistead,nlopt_12,9,-301.9109317892579,marvin
Armistead,nlopt_34,9,-301.9161433029882,marvin
Armistead,newton-cg,10,-301.90095819420765,marvin
Armistead,nlopt_29,9,-301.916184529195,marvin
Armistead,nlopt_21,1,-301.916183584852,marvin
Armistead,nlopt_21,6,-301.9161831945281,marvin
Armistead,nlopt_21,7,-301.9161833472582,marvin
Armistead,nlopt_34,6,-301.91617226946204,marvin
Armistead,nlopt_21,4,-301.91618328169443,marvin
Armistead,SLSQP,3,-301.9161847917204,marvin
Armistead,nlopt_29,8,-301.91618507148405,marvin
Armistead,nlopt_21,8,-301.9161828557852,marvin
Armistead,nlopt_14,1,-301.916183992133,marvin
Armistead,nlopt_14,5,-301.9161839929618,marvin
Armistead,nlopt_34,5,-301.9161628011109,marvin
Armistead,COBYLA,1,-301.79058655978156,marvin
Armistead,nlopt_29,6,-301.9161853526324,marvin
Armistead,nlopt_34,10,-301.9161535095071,marvin
Armistead,nlopt_29,4,-301.9161842250004,marvin
Armistead,nlopt_21,2,-301.91618335411994,marvin
Armistead,pysacess,2,-301.91618582346257,marvin
Armistead,nlopt_29,2,-301.9161853854547,marvin
Armistead,COBYLA,5,-301.8563990242768,marvin
Armistead,nlopt_28,2,-301.9161686085886,marvin
Armistead,nlopt_13,7,-301.91618409676204,marvin
Armistead,pysacess,7,-301.91618527822203,marvin
Armistead,nlopt_29,10,-301.91618532242296,marvin
Armistead,nlopt_26,3,-301.8194979207741,marvin
Armistead,pysacess,4,-301.9161856489863,marvin
Armistead,nlopt_28,4,-301.91617287559393,marvin
Armistead,pysacess,3,-301.91618488988377,marvin
Armistead,nlopt_29,3,-301.9161839869318,marvin
Armistead,pysacess,6,-301.9161857196868,marvin
Armistead,pysacess,9,-301.9161860912872,marvin
Armistead,nlopt_28,3,-301.9161155906405,marvin
Armistead,SLSQP,1,-301.91618465204783,marvin
Armistead,nlopt_34,2,-301.916128323575,marvin
Armistead,nlopt_34,3,-301.9161676461464,marvin
Armistead,nlopt_26,4,-301.84517084257766,marvin
Armistead,pysacess_cmaes,8,-301.9161877115321,marvin
Armistead,pysacess_cmaes,6,-301.9161865888419,marvin
Armistead,COBYLA,7,-301.8237927503551,marvin
Armistead,pysacess_cmaes,2,-301.91618654585875,marvin
Armistead,pysacess,5,-301.91618590676467,marvin
Armistead,nlopt_34,4,-301.9161318929646,marvin
Armistead,nlopt_26,6,-301.823351828938,marvin
Armistead,pysacess_cmaes,3,-301.9161864805843,marvin
Armistead,pysacess,10,-301.91618594401905,marvin
Armistead,pysacess_fides,2,-301.9161860026355,marvin
Armistead,nlopt_28,10,-301.91616497891306,marvin
Armistead,pysacess_cmaes,5,-301.9161864647091,marvin
Armistead,pysacess_cmaes,9,-301.9161866755013,marvin
Armistead,pysacess_cmaes,10,-301.9161863521854,marvin
Armistead,pysacess_fides,3,-301.91618583807883,marvin
Armistead,pysacess_fides,10,-301.9161862233473,marvin
Armistead,pysacess_fides,4,-301.916185834539,marvin
Armistead,nlopt_26,2,-301.83120495825267,marvin
Armistead,nlopt_26,1,-301.8233502702823,marvin
Armistead,nlopt_28,7,-301.91617927741555,marvin
Armistead,pysacess,1,-301.9161852045347,marvin
Armistead,pysacess_cmaes,7,-301.9161869879654,marvin
Armistead,pysacess_fides,6,-301.91618562195896,marvin
Armistead,nlopt_34,7,-301.91615438761255,marvin
Armistead,pysacess_ipopt,6,-301.9161857963125,marvin
Armistead,pysacess_ipopt,2,-301.91618531437695,marvin
Armistead,pysacess_fides,5,-301.9161861774377,marvin
Armistead,nlopt_28,9,-301.91616811732797,marvin
Armistead,pysacess_cmaes,1,-301.9161868574861,marvin
Armistead,pysacess,8,-301.91618615933015,marvin
Armistead,pysacess_fides,8,-301.9161860918476,marvin
Armistead,nlopt_23,5,-301.91618286613436,marvin
Armistead,pysacess_ipopt,5,-301.9161860144736,marvin
Armistead,nlopt_28,6,-301.91617144266013,marvin
Armistead,pysacess_ipopt,8,-301.9161849544195,marvin
Armistead,pysacess_ipopt,9,-301.9161853228091,marvin
Armistead,pysacess_fides,7,-301.9161860897775,marvin
Armistead,pysacess_ipopt,1,-301.9161853560586,marvin
Armistead,pysacess_ipopt,3,-301.9161848260368,marvin
Armistead,sacess,7,-301.9161861382639,marvin
Armistead,sacess,5,-301.9161862445595,marvin
Armistead,pysacess_fides,1,-301.91618607665146,marvin
Armistead,pysacess_ipopt,4,-301.916185544154,marvin
Armistead,dogleg,8,-212.35579584429138,marvin
Armistead,pysacess_fides,9,-301.91618591668737,marvin
Armistead,nlopt_23,6,-301.91618259016644,marvin
Armistead,pysacess_cmaes,4,-301.91618652369857,marvin
Armistead,sacess_dhc,10,-301.916186425399,marvin
Armistead,sacess,8,-301.9161869824307,marvin
Armistead,sacess,4,-301.9161862469635,marvin
Armistead,nlopt_28,1,-301.9161716565899,marvin
Armistead,sacess,9,-301.916186199055,marvin
Armistead,sacess,2,-301.91618618621413,marvin
Armistead,sacess,3,-301.91618624247326,marvin
Armistead,sacess,6,-301.9161861511401,marvin
Armistead,nlopt_23,1,-301.9161826822104,marvin
Armistead,dogleg,5,-203.02455724556614,marvin
Armistead,sacess_dhc,3,-301.91618644491257,marvin
Armistead,sacess_dhc,5,-301.9161866810083,marvin
Armistead,sacess_dhc,4,-301.916187556894,marvin
Armistead,sacess_dhc,1,-301.9161864582351,marvin
Armistead,sacess_ipopt,3,-301.9161863015664,marvin
Armistead,nlopt_26,5,-301.8430955000912,marvin
Armistead,SLSQP,5,-301.9161853401937,marvin
Armistead,sacess_ipopt,1,-301.91618627487287,marvin
Armistead,sacess_dhc,9,-301.91618646877,marvin
Armistead,sacess_dhc,8,-301.91618644660673,marvin
Armistead,sacess,1,-301.91618630998715,marvin
Armistead,pysacess_ipopt,10,-301.9161852986392,marvin
Armistead,sacess,10,-301.9161862252672,marvin
Armistead,sacess_ipopt,5,-301.9161863573176,marvin
Armistead,sacess_ipopt,10,-301.91618637200446,marvin
Armistead,nlopt_23,3,-301.91618344374285,marvin
Armistead,nlopt_23,7,-301.91618165276583,marvin
Armistead,sacess_dhc,7,-301.91618659213566,marvin
Armistead,pysacess_ipopt,7,-301.91618595798576,marvin
Armistead,nlopt_34,8,-301.916166145068,marvin
Armistead,nlopt_26,7,-301.82583317594003,marvin
Armistead,sacess_dhc,6,-301.91618640758406,marvin
Armistead,sacess_ipopt,8,-301.91618634443523,marvin
Armistead,SLSQP,4,-301.91618483236994,marvin
Armistead,sacess_ipopt,7,-301.916186362473,marvin
Armistead,sacess_ipopt,9,-301.91618630731693,marvin
Armistead,sacess_ipopt,6,-301.91618638966094,marvin
Armistead,nlopt_26,8,-301.8668662088113,marvin
Armistead,nlopt_23,10,-301.9161832283608,marvin
Armistead,nlopt_28,8,-301.9161673085287,marvin
Armistead,nlopt_26,10,-301.85094813858154,marvin
Armistead,dogleg,7,-220.1852620338036,marvin
Armistead,SLSQP,2,-301.9161853071485,marvin
Armistead,nlopt_23,9,-301.91618294757825,marvin
Armistead,sacess_dhc,2,-301.9161873789775,marvin
Armistead,nlopt_26,9,-301.84780607453627,marvin
Armistead,sacess_ipopt,4,-301.91618623645206,marvin
Armistead,sacess_ipopt,2,-301.9161862428418,marvin
Armistead,nlopt_23,4,-301.9161824294764,marvin
Armistead,dogleg,1,-201.35149532673336,marvin
Armistead,nlopt_23,2,-301.916183278172,marvin
Armistead,dogleg,3,-209.86167780049368,marvin
Armistead,dogleg,6,-227.85441571005802,marvin
Armistead,nlopt_28,5,-301.91617077093485,marvin
Armistead,trust-ncg,2,-301.84837888232744,marvin
Armistead,nlopt_23,8,-301.91618285610326,marvin
Armistead,trust-ncg,5,-301.8360947615509,marvin
Armistead,dogleg,4,-205.4764454746532,marvin
Armistead,pyswarm,4,-301.39938986775616,marvin
Armistead,pyswarm,5,-301.4708405046532,marvin
Armistead,dogleg,9,-210.64302538608248,marvin
Armistead,nlopt_36,7,-301.9161840558081,marvin
Armistead,nlopt_37,6,-301.9161842076304,marvin
Armistead,pyswarm,7,-301.7455015311401,marvin
Armistead,dogleg,2,-219.25590445373274,marvin
Armistead,dogleg,10,-200.3634777107253,marvin
Armistead,nlopt_36,6,-301.9161841003141,marvin
Armistead,nlopt_36,8,-301.9161856234176,marvin
Armistead,pyswarm,3,-301.6434827569159,marvin
Armistead,trust-ncg,1,-301.8444630485108,marvin
Armistead,nlopt_39,8,-301.9161830906757,marvin
Armistead,trust-ncg,8,-301.88673999358593,marvin
Armistead,nlopt_39,2,-301.91618290522564,marvin
Armistead,nlopt_39,3,-301.9161814289882,marvin
Armistead,nlopt_36,1,-301.91618399495763,marvin
Armistead,nlopt_39,6,-301.9161836854104,marvin
Armistead,nlopt_39,7,-301.9161830717726,marvin
Armistead,trust-ncg,3,-301.86747377089273,marvin
Armistead,trust-ncg,9,-301.84480711296,marvin
Armistead,trust-ncg,10,-301.852960001221,marvin
Armistead,trust-ncg,4,-301.86651158778733,marvin
Armistead,nlopt_37,1,-301.9161840328658,marvin
Armistead,trust-ncg,6,-301.8543526464608,marvin
Armistead,pyswarm,2,-301.11066473650646,marvin
Armistead,nlopt_37,7,-301.9161848834808,marvin
Armistead,pyswarm,9,-301.5470631665668,marvin
Armistead,trust-krylov,4,-301.8336475432643,marvin
Armistead,nlopt_36,4,-301.916184036574,marvin
Armistead,pyswarm,1,-301.6215417127361,marvin
Armistead,nlopt_39,9,-301.916183503105,marvin
Beer,Nelder-Mead,3,3545.317781575779,marvin
Beer,Nelder-Mead,7,4390.07877847305,marvin
Armistead,nlopt_37,5,-301.9161840716836,marvin
Armistead,nlopt_37,4,-301.9161840740923,marvin
Beer,Nelder-Mead,2,3194.8638963722333,marvin
Armistead,nlopt_36,3,-301.9161839971155,marvin
Armistead,pyswarm,8,-301.5759871900623,marvin
Armistead,trust-krylov,1,-301.85837256814796,marvin
Beer,Nelder-Mead,4,2514.936696390623,marvin
Beer,Nelder-Mead,8,1708.2673615756491,marvin
Beer,Nelder-Mead,1,-687.6608256100515,marvin
Armistead,nlopt_39,4,-301.91618324398814,marvin
Armistead,nlopt_37,10,-301.916184242962,marvin
Beer,Nelder-Mead,5,4590.882255451409,marvin
Armistead,trust-krylov,6,-301.8843428635631,marvin
Beer,cmaes,4,-46109.10486579878,marvin
Armistead,nlopt_37,3,-301.9161840812988,marvin
Armistead,nlopt_36,5,-301.91618412226796,marvin
Armistead,nlopt_37,9,-301.91618408458305,marvin
Armistead,nlopt_39,10,-301.916183463565,marvin
Armistead,pyswarm,10,-301.5118883382149,marvin
Beer,cmaes,2,-29094.893504219915,marvin
Beer,cmaes,6,-21725.29884580126,marvin
Beer,Nelder-Mead,6,-195.25132496142433,marvin
Beer,cmaes,1,-48565.6343287877,marvin
Beer,Nelder-Mead,10,-988.2454814146645,marvin
Armistead,pyswarm,6,-301.5229881948717,marvin
Armistead,trust-ncg,7,-301.8415903335108,marvin
Armistead,nlopt_39,1,-301.91618324270013,marvin
Beer,cmaes,10,-30599.06356924107,marvin
Beer,cmaes,3,-48930.35170948319,marvin
Armistead,nlopt_36,9,-301.91618470295947,marvin
Beer,cmaes,5,-50148.87563171399,marvin
Armistead,nlopt_37,2,-301.9161840505767,marvin
Armistead,nlopt_37,8,-301.9161839969206,marvin
Armistead,trust-krylov,10,-301.8364591487909,marvin
Armistead,nlopt_39,5,-301.9161830475234,marvin
Beer,COBYLA,4,-3367.219933949394,marvin
Beer,cmaes,7,-25614.315000462455,marvin
Beer,cmaes,9,-30682.82736027325,marvin
Armistead,trust-krylov,8,-301.8858352617891,marvin
Beer,cmaes,8,-19965.09993173564,marvin
Beer,Nelder-Mead,9,688.2892410698514,marvin
Armistead,nlopt_36,2,-301.9161841396651,marvin
Armistead,trust-krylov,2,-301.8407672014792,marvin
Beer,BFGS,6,15649.833573795046,marvin
Beer,COBYLA,1,-1454.610016997845,marvin
Armistead,nlopt_36,10,-301.9161842412816,marvin
Beer,newton-cg,1,137409.41215327417,marvin
Armistead,trust-krylov,5,-301.8647747837677,marvin
Beer,COBYLA,3,-1330.0540761676534,marvin
Armistead,trust-krylov,3,-301.8460722631204,marvin
Beer,newton-cg,3,95732.87175214117,marvin
Beer,newton-cg,2,113889.22734557155,marvin
Beer,COBYLA,9,-4823.807542048862,marvin
Armistead,trust-krylov,9,-301.87890310054644,marvin
Beer,newton-cg,4,103084.16565048952,marvin
Beer,BFGS,5,16880.673356781423,marvin
Beer,newton-cg,8,63660.70027639443,marvin
Beer,BFGS,9,7727.1074730773025,marvin
Beer,COBYLA,8,-3547.5438051346205,marvin
Beer,newton-cg,9,141697.98588013093,marvin
Beer,COBYLA,2,-1537.1856029007868,marvin
Beer,BFGS,4,16084.15380865996,marvin
Armistead,trust-krylov,7,-301.8553634786519,marvin
Beer,newton-cg,5,164548.2889920446,marvin
Beer,BFGS,1,9115.73888928277,marvin
Armistead,tnc,5,-301.86524767634967,marvin
Beer,ipopt,5,-30063.99153534632,marvin
Beer,BFGS,3,14705.404300502134,marvin
Beer,newton-cg,10,140097.2801845557,marvin
Beer,newton-cg,6,163049.87920981122,marvin
Beer,BFGS,2,16304.96820507935,marvin
Beer,newton-cg,7,16575.73780422598,marvin
Beer,BFGS,8,15216.339276093839,marvin
Beer,cg,2,8829.556411728245,marvin
Beer,nlopt_12,3,-18248.096698379097,marvin
Armistead,tnc,7,-301.8700986066409,marvin
Beer,ipopt,8,-31022.518610880295,marvin
Beer,COBYLA,7,-4358.384528334636,marvin
Beer,L-BFGS-B,7,1390.7401746434873,marvin
Beer,ipopt,2,-21766.720110085855,marvin
Beer,nlopt_12,6,-10610.672673850613,marvin
Beer,ipopt,6,-23563.552683180704,marvin
Beer,ipopt,10,-42961.344580396,marvin
Beer,cg,10,7283.2619286674535,marvin
Beer,ipopt,4,-21762.633609978882,marvin
Beer,COBYLA,10,-5446.436437816684,marvin
Beer,BFGS,10,11620.455178232418,marvin
Beer,ipopt,1,-44757.33866276219,marvin
Beer,fides,4,-18622.369513588714,marvin
Beer,COBYLA,5,-5642.066101333816,marvin
Beer,nlopt_12,1,-7973.794076217154,marvin
Beer,ipopt,7,-47781.88276790495,marvin
Beer,nlopt_12,5,-10539.317338532433,marvin
Beer,fides,9,-14287.18340882228,marvin
Beer,fides,7,-20909.644571058136,marvin
Beer,nlopt_11,1,-16989.047657132487,marvin
Beer,ipopt,9,-21757.30189142751,marvin
Beer,ipopt,3,-30855.50992654084,marvin
Beer,fides,1,-33982.214726852835,marvin
Beer,nlopt_12,9,-9277.670513704981,marvin
Beer,fides,3,-31056.584814715614,marvin
Beer,nlopt_12,4,-10922.665719796345,marvin
Beer,nlopt_11,2,-14349.053310224648,marvin
Beer,fides,8,-15842.151777023255,marvin
Beer,fides,6,-20208.68064366604,marvin
Beer,L-BFGS-B,8,-4059.1689209447036,marvin
Beer,nlopt_12,7,-984.666359206181,marvin
Beer,L-BFGS-B,5,9861.165530101734,marvin
Beer,L-BFGS-B,3,8597.063747297947,marvin
Beer,nlopt_11,4,-13875.962798679566,marvin
Beer,nlopt_12,2,-2699.191964656499,marvin
Beer,COBYLA,6,-6033.5115303654775,marvin
Beer,nlopt_12,8,-1496.0097035960152,marvin
Beer,nlopt_11,5,-13224.999188686763,marvin
Beer,nlopt_11,10,-16413.36192777371,marvin
Beer,L-BFGS-B,6,3770.505486551261,marvin
Beer,nlopt_11,3,-22726.597368795745,marvin
Beer,fides,5,-19334.402302271832,marvin
Beer,L-BFGS-B,2,12751.899459691725,marvin
Beer,cg,5,4344.585935195895,marvin
Armistead,tnc,9,-301.88027932006946,marvin
Beer,fides,10,-17711.01861344553,marvin
Beer,nlopt_13,9,-18468.13037172338,marvin
Beer,BFGS,7,9684.704612612626,marvin
Beer,cg,8,7003.514414360221,marvin
Beer,nlopt_13,1,-19671.024320297147,marvin
Beer,nlopt_11,9,-19406.87654076882,marvin
Beer,nlopt_16,2,-11327.741517106388,marvin
Beer,L-BFGS-B,10,11107.179290870497,marvin
Beer,L-BFGS-B,9,-346.1512161290699,marvin
Beer,cg,7,9677.919553328216,marvin
Beer,L-BFGS-B,1,5179.51775514171,marvin
Beer,nlopt_14,5,-14795.225511572438,marvin
Beer,nlopt_12,10,-4041.243903329662,marvin
Armistead,tnc,8,-301.87070485632216,marvin
Beer,nlopt_16,1,4507.20079679865,marvin
Armistead,tnc,10,-301.86144667595033,marvin
Beer,nlopt_11,6,-13379.08275198935,marvin
Beer,nlopt_16,4,5738.51218368347,marvin
Beer,nlopt_11,8,-13633.886248383029,marvin
Beer,nlopt_18,10,110.62025801230932,marvin
Beer,fides,2,-27370.51527016515,marvin
Beer,nlopt_16,7,6688.182688925359,marvin
Beer,nlopt_21,5,-12211.543654337816,marvin
Beer,cg,6,4922.952744378571,marvin
Beer,nlopt_18,9,-10025.835676101422,marvin
Beer,nlopt_13,4,-12529.77492625151,marvin
Beer,nlopt_16,3,-1240.4273909085991,marvin
Beer,nlopt_14,2,-14785.422725448958,marvin
Beer,nlopt_16,10,6437.541195492674,marvin
Beer,nlopt_15,2,13171.379992066764,marvin
Beer,nlopt_15,1,2219.4354467499293,marvin
Beer,nlopt_21,9,-12217.3318441605,marvin
Beer,L-BFGS-B,4,4503.791582851586,marvin
Beer,cg,1,9823.543537706206,marvin
Beer,nlopt_11,7,-15447.14469076536,marvin
Beer,nlopt_14,3,-11728.871071044885,marvin
Beer,nlopt_16,5,-7729.585821842156,marvin
Beer,nlopt_13,6,-12993.796236173705,marvin
Beer,nlopt_26,3,10305.866879177152,marvin
Beer,nlopt_14,8,2620.5851955921003,marvin
Beer,nlopt_13,5,-13167.76300802788,marvin
Beer,nlopt_14,6,-1966.7317533009036,marvin
Beer,cg,4,9072.698311723601,marvin
Beer,nlopt_26,7,12148.342196794,marvin
Beer,nlopt_16,6,-11078.767211697403,marvin
Beer,nlopt_21,10,-16704.354646714088,marvin
Beer,nlopt_26,4,14687.27358505343,marvin
Beer,nlopt_26,5,10353.181696433241,marvin
Beer,nlopt_26,9,15050.652280452301,marvin
Beer,nlopt_21,3,-13177.119455128337,marvin
Beer,nlopt_21,6,-12483.255786525657,marvin
Beer,nlopt_28,2,-3452.3457767642135,marvin
Beer,nlopt_13,3,-12415.37273718304,marvin
Beer,nlopt_15,6,9368.916434424962,marvin
Beer,nlopt_26,1,19648.46137164851,marvin
Beer,nlopt_28,3,-6167.140026749368,marvin
Beer,nlopt_21,4,-11193.258685841498,marvin
Beer,nlopt_14,4,-10942.485999436001,marvin
Beer,nlopt_26,2,28051.066419639086,marvin
Beer,nlopt_21,1,-20507.20253694667,marvin
Beer,nlopt_18,8,7954.032999438183,marvin
Beer,nlopt_15,8,4100.526226655141,marvin
Beer,nlopt_16,9,9676.471155253306,marvin
Beer,nlopt_28,1,-3467.018456897329,marvin
Beer,nlopt_26,10,21396.10066501249,marvin
Beer,cg,3,8341.339806302476,marvin
Beer,nlopt_13,2,-12183.939982666721,marvin
Beer,nlopt_26,6,17200.308834883625,marvin
Beer,nlopt_26,8,18393.37478129238,marvin
Beer,nlopt_34,7,698.2696707434619,marvin
Beer,nlopt_14,7,-14513.596147337908,marvin
Beer,nlopt_29,3,-41085.71679284751,marvin
Beer,nlopt_21,8,-16343.082316329035,marvin
Beer,nlopt_15,3,5790.252971474214,marvin
Beer,nlopt_14,1,855.8058301428158,marvin
Beer,nlopt_18,2,5712.757281970368,marvin
Beer,nlopt_34,6,-3379.289739838397,marvin
Beer,nlopt_18,5,5888.282673494161,marvin
Beer,nlopt_18,4,6650.662721467403,marvin
Beer,nlopt_28,5,-1861.8613076044467,marvin
Armistead,tnc,4,-301.8853560732814,marvin
Beer,nlopt_21,7,-15713.595013023083,marvin
Beer,cg,9,-670.7506146735201,marvin
Beer,nlopt_13,7,-12449.305222678304,marvin
Beer,nlopt_15,5,6231.22366818392,marvin
Armistead,tnc,1,-301.88218454472303,marvin
Beer,nlopt_13,10,3942.7750884342577,marvin
Beer,nlopt_28,4,-3322.741003135505,marvin
Beer,nlopt_34,3,3152.775616061548,marvin
Beer,nlopt_29,8,-49112.6712272188,marvin
Beer,nlopt_34,5,5957.556184694858,marvin
Beer,nlopt_29,6,-56669.44976261301,marvin
Beer,nlopt_29,5,-45291.63612397868,marvin
Beer,nlopt_29,10,-49735.091519803726,marvin
Beer,nlopt_29,9,-37685.17020612094,marvin
Beer,nlopt_28,9,-3360.9242651539707,marvin
Beer,nlopt_16,8,9076.74025773096,marvin
Beer,nlopt_34,1,269.0846594852512,marvin
Beer,nlopt_21,2,-14638.769813668125,marvin
Beer,nlopt_29,2,-31939.14609700981,marvin
Beer,nlopt_28,10,2397.486694486953,marvin
Beer,nlopt_18,3,10326.313256988515,marvin
Beer,nlopt_15,4,10313.837620840935,marvin
Beer,nlopt_28,8,-7589.8978790055635,marvin
Beer,nlopt_13,8,-12084.904891032043,marvin
Beer,nlopt_34,4,2189.279009801074,marvin
Beer,nlopt_29,4,-58535.60040630097,marvin
Beer,nlopt_28,7,-3134.241575424238,marvin
Beer,nlopt_29,7,-30779.358131399273,marvin
Beer,nlopt_28,6,-9165.3359661223,marvin
Beer,nlopt_14,10,-15423.85817838467,marvin
Beer,nlopt_34,2,2443.4390423660657,marvin
Beer,nlopt_15,7,2244.0639555246526,marvin
Beer,nlopt_34,10,-1853.2791829657176,marvin
Beer,nlopt_34,9,8321.56756208239,marvin
Beer,pysacess,6,-59057.336374720835,marvin
Beer,pysacess_cmaes,5,-46911.32428107017,marvin
Beer,nlopt_34,8,-8448.921674401618,marvin
Beer,pysacess,9,-36129.621422787575,marvin
Beer,pysacess_cmaes,7,-34642.431547991284,marvin
Beer,pysacess,5,-61664.9508361036,marvin
Beer,nlopt_18,1,-3088.3883387050073,marvin
Beer,nlopt_18,7,6157.184655201163,marvin
Beer,pysacess,2,-35421.93638777786,marvin
Beer,nlopt_14,9,1863.4777983329207,marvin
Beer,pysacess_cmaes,3,-55377.81345013935,marvin
Beer,pysacess_cmaes,2,-38226.54021308873,marvin
Beer,SLSQP,3,-10998.83117171659,marvin
Beer,SLSQP,9,-14547.741070074182,marvin
Beer,pysacess,8,-61488.78731894243,marvin
Beer,pysacess,3,-58256.47893612949,marvin
Beer,pysacess_cmaes,10,-46890.83981159533,marvin
Beer,pysacess,7,-56911.68868121811,marvin
Beer,pysacess_cmaes,1,-43630.59522859431,marvin
Armistead,tnc,3,-301.90570849864093,marvin
Beer,SLSQP,7,-17272.263734487584,marvin
Beer,pysacess_cmaes,4,-51565.21662664304,marvin
Beer,nlopt_18,6,6228.289262677703,marvin
Beer,nlopt_29,1,-31636.14945831912,marvin
Beer,pysacess_fides,3,-57125.48702197292,marvin
Beer,pysacess,4,-55834.57935108708,marvin
Beer,pysacess_cmaes,8,-56995.04697227457,marvin
Beer,SLSQP,8,-11617.682214933939,marvin
Beer,pysacess_ipopt,2,-52830.19843479313,marvin
Beer,pysacess_fides,8,-61745.70221814678,marvin
Beer,pysacess,1,-34473.11991704617,marvin
Beer,pysacess_fides,1,-60910.088343386225,marvin
Beer,pysacess_fides,4,-59857.53270361399,marvin
Beer,pysacess,10,-56496.879629120085,marvin
Beer,pysacess_fides,2,-58743.24980229178,marvin
Beer,nlopt_15,10,6718.547978706392,marvin
Beer,pysacess_fides,9,-61580.515713946384,marvin
Armistead,tnc,2,-301.9043733319501,marvin
Beer,pysacess_fides,7,-61469.326042603694,marvin
Beer,SLSQP,10,-16448.809688781384,marvin
Beer,pysacess_ipopt,5,-58955.35006571932,marvin
Beer,pysacess_fides,5,-57001.55454170828,marvin
Beer,SLSQP,1,-12156.22032418637,marvin
Beer,pysacess_cmaes,6,-56295.60742219208,marvin
Beer,pysacess_ipopt,10,-55517.89388795651,marvin
Beer,pysacess_ipopt,6,-59228.07333565119,marvin
Beer,pysacess_fides,6,-57656.223327747764,marvin
Beer,nlopt_15,9,6569.302668213211,marvin
Beer,nlopt_23,3,-12660.960708257116,marvin
Beer,sacess,1,-35423.21196236884,marvin
Beer,nlopt_36,2,-14723.809977816645,marvin
Beer,nlopt_23,9,-13202.512362798489,marvin
Beer,pysacess_ipopt,4,-51735.67949268761,marvin
Beer,pysacess_ipopt,1,-59648.68323571472,marvin
Beer,nlopt_37,6,-14256.766018728089,marvin
Beer,nlopt_36,5,-16777.58197853168,marvin
Beer,pysacess_ipopt,7,-54620.50929525204,marvin
Beer,pysacess_ipopt,8,-52176.21878622329,marvin
Beer,nlopt_36,8,-15922.461011613263,marvin
Beer,nlopt_37,5,-4591.057148419147,marvin
Beer,pysacess_ipopt,3,-58613.91218723049,marvin
Armistead,tnc,6,-301.86025632527236,marvin
Beer,sacess_dhc,3,-61862.931653034415,marvin
Beer,sacess_dhc,4,-58693.73210997415,marvin
Beer,pysacess_ipopt,9,-55601.98140670139,marvin
Beer,pysacess_fides,10,-58979.395215587065,marvin
Beer,sacess,4,-48482.07947003948,marvin
Beer,sacess,8,-52391.349044407725,marvin
Beer,sacess,9,-58919.991403942506,marvin
Beer,sacess_dhc,2,-59413.44695877261,marvin
Beer,nlopt_37,10,-18862.92117793946,marvin
Beer,sacess,3,-31333.410629301485,marvin
Beer,sacess_ipopt,1,-31887.01919455689,marvin
Beer,nlopt_37,3,-17545.26625254146,marvin
Beer,pyswarm,5,8267.397892478546,marvin
Beer,sacess_dhc,7,-59825.72092789332,marvin
Beer,sacess_dhc,5,-58865.3957083159,marvin
Beer,nlopt_23,5,-16105.493070989383,marvin
Beer,nlopt_23,7,-12240.574563804284,marvin
Beer,nlopt_23,4,-12868.083921503134,marvin
Beer,nlopt_36,6,-25503.00704061157,marvin
Beer,SLSQP,2,-18366.741100952248,marvin
Beer,sacess_ipopt,10,-57925.52936239097,marvin
Beer,nlopt_23,2,-9095.29837844297,marvin
Beer,sacess,7,-30619.36543078765,marvin
Beer,pyswarm,7,11128.251740988446,marvin
Beer,sacess,2,-56583.51368000567,marvin
Beer,sacess_dhc,6,-58342.21868528176,marvin
Beer,nlopt_23,1,-12787.489763790938,marvin
Beer,sacess,6,-26154.443552911896,marvin
Beer,sacess_ipopt,2,-31841.998284073194,marvin
Beer,sacess_ipopt,7,-56554.050914032814,marvin
Beer,pysacess_cmaes,9,-50567.35847672051,marvin
Beer,sacess_dhc,8,-59235.69443066256,marvin
Beer,sacess,5,-56594.78598288867,marvin
Beer,sacess_dhc,1,-61398.58257600781,marvin
Beer,nlopt_37,1,-16710.858075445205,marvin
Beer,sacess_dhc,10,-59529.581109335886,marvin
Beer,pyswarm,2,12746.108336550245,marvin
Beer,nlopt_36,10,-24390.011671389067,marvin
Beer,nlopt_37,4,-14991.481440909452,marvin
Beer,sacess_ipopt,9,-58860.69186154698,marvin
Beer,sacess,10,-21390.047901450656,marvin
Beer,nlopt_36,4,-15554.098725717731,marvin
Beer,nlopt_37,9,-17261.90218128956,marvin
Beer,sacess_ipopt,6,-61739.98932852334,marvin
Beer,nlopt_36,7,-11158.022181691906,marvin
Beer,nlopt_37,2,-12785.911215942444,marvin
Beer,nlopt_36,3,-12977.774659931203,marvin
Beer,sacess_ipopt,8,-58936.97053317924,marvin
Beer,nlopt_36,1,-16322.380958814916,marvin
Beer,pyswarm,10,4048.554254518226,marvin
Beer,nlopt_23,8,-15700.732436032356,marvin
Beer,pyswarm,8,13954.357805671822,marvin
Beer,SLSQP,6,-11840.423493772436,marvin
Beer,sacess_dhc,9,-59302.58196806856,marvin
Beer,pyswarm,4,11651.820482495294,marvin
Beer,sacess_ipopt,5,-47624.47768383157,marvin
Beer,nlopt_37,7,-22738.741414134205,marvin
Beer,sacess_ipopt,4,-59092.96578373836,marvin
Beer,pyswarm,3,4495.948494745594,marvin
Beer,sacess_ipopt,3,-57051.37648726498,marvin
Beer,SLSQP,5,-12042.089519283089,marvin
Beer,dogleg,6,20142.57970647717,marvin
Beer,nlopt_37,8,-12773.398058573219,marvin
Beer,pyswarm,6,11270.960790755009,marvin
Beer,pyswarm,1,12370.575660492954,marvin
Beer,nlopt_39,3,-12239.423064497743,marvin
Beer,nlopt_39,2,-15730.636484008162,marvin
Beer,pyswarm,9,11601.284355875445,marvin
Beer,nlopt_36,9,-14787.366193909294,marvin
Beer,nlopt_23,6,2773.4336952574263,marvin
Beer,nlopt_39,7,-13169.3335643904,marvin
Beer,dogleg,7,23474.013261168046,marvin
Beer,dogleg,2,20849.494960690066,marvin
Beer,nlopt_23,10,-15240.028963392684,marvin
Beer,nlopt_39,8,-11020.070476004315,marvin
Beer,nlopt_39,1,1497.2787584807052,marvin
Beer,dogleg,4,22394.819216729877,marvin
Beer,nlopt_39,10,-12097.251747367416,marvin
Beer,SLSQP,4,-12708.62870896951,marvin
Beer,nlopt_39,9,-14683.111406223496,marvin
Beer,dogleg,5,23853.349442163708,marvin
Beer,nlopt_39,4,-12989.977174937965,marvin
Beer,dogleg,9,21204.53213946359,marvin
Beer,nlopt_39,5,-11390.568961484836,marvin
Beer,dogleg,3,24978.377303858706,marvin
Beer,tnc,9,7923.196795969438,marvin
Beer,tnc,2,9296.723646030214,marvin
Beer,dogleg,1,20697.772465812894,marvin
Beer,tnc,6,12725.922563374908,marvin
Beer,dogleg,10,21721.147066327423,marvin
Beer,tnc,3,4663.1613673607635,marvin
Beer,trust-ncg,7,9459.482587529115,marvin
Beer,nlopt_39,6,-12537.583584696476,marvin
Beer,dogleg,8,21398.33268989268,marvin
Beer,tnc,10,8959.91925704002,marvin
Beer,tnc,4,-3412.0105287849938,marvin
Beer,tnc,5,8373.516653307895,marvin
Beer,trust-ncg,2,8171.869636543762,marvin
Beer,trust-ncg,5,12157.222402089146,marvin
Beer,trust-ncg,1,11375.099736204975,marvin
Beer,trust-ncg,10,11728.54907260048,marvin
Beer,tnc,1,4289.1558908529705,marvin
Beer,trust-ncg,9,9983.218434051752,marvin
Beer,trust-ncg,4,4694.713049713103,marvin
Beer,trust-ncg,8,4837.80023017062,marvin
Beer,tnc,7,-7.187074969026526,marvin
Beer,trust-ncg,6,5006.596960303925,marvin
Beer,trust-krylov,6,-3925.3509053581993,marvin
Beer,trust-ncg,3,8483.485814935651,marvin
Beer,trust-krylov,5,596.1189002313133,marvin
Beer,tnc,8,9537.115850232332,marvin
Beer,trust-krylov,3,-3486.6086158729026,marvin
Bertozzi,cmaes,2,158.86426426277416,marvin
Beer,trust-krylov,8,-12920.903013779229,marvin
Bertozzi,cmaes,1,158.8642649354674,marvin
Beer,trust-krylov,4,-4455.017793147776,marvin
Bertozzi,cmaes,5,158.8642649767634,marvin
Bertozzi,cmaes,3,158.86426521621385,marvin
Beer,trust-krylov,9,2831.937080574778,marvin
Bertozzi,ipopt,1,158.86426664954428,marvin
Bertozzi,cmaes,7,158.864264850841,marvin
Bertozzi,ipopt,2,158.86426713022564,marvin
Bertozzi,cmaes,9,158.86426514538135,marvin
Bertozzi,cmaes,8,158.8642633907943,marvin
Beer,trust-krylov,2,-10787.82125766191,marvin
Bertozzi,cmaes,4,158.86426434267324,marvin
Bertozzi,cmaes,6,158.8642647903814,marvin
Beer,trust-krylov,7,-584.5010390364057,marvin
Beer,trust-krylov,10,-5252.0217532530505,marvin
Beer,trust-krylov,1,-10053.525058917901,marvin
Bertozzi,ipopt,3,158.86426675162653,marvin
Bertozzi,ipopt,8,158.86426657152396,marvin
Bertozzi,ipopt,5,158.8642668360479,marvin
Bertozzi,ipopt,7,158.86426643383615,marvin
Bertozzi,ipopt,4,158.86426658190285,marvin
Bertozzi,cmaes,10,158.86426270904192,marvin
Bertozzi,ipopt,6,158.86426680846398,marvin
Bertozzi,ipopt,10,158.8642667935385,marvin
Bertozzi,ipopt,9,158.86426661986619,marvin
Bertozzi,COBYLA,3,158.86447072691186,marvin
Bertozzi,Nelder-Mead,5,158.86426663436765,marvin
Bertozzi,Nelder-Mead,9,158.86426627641345,marvin
Bertozzi,COBYLA,1,158.86453482285367,marvin
Bertozzi,BFGS,6,158.86427097479628,marvin
Bertozzi,COBYLA,8,158.8644483861832,marvin
Bertozzi,Nelder-Mead,2,158.86426658365957,marvin
Bertozzi,SLSQP,4,158.86426645784,marvin
Bertozzi,Nelder-Mead,1,158.86426677329297,marvin
Bertozzi,COBYLA,2,158.86447977757564,marvin
Bertozzi,Nelder-Mead,7,158.8642665919307,marvin
Bertozzi,L-BFGS-B,8,158.86426642190554,marvin
Bertozzi,COBYLA,5,158.86437283988477,marvin
Bertozzi,COBYLA,4,158.8643920279737,marvin
Bertozzi,cg,4,158.86427924623553,marvin
Bertozzi,SLSQP,9,158.86426658750045,marvin
Bertozzi,SLSQP,2,158.86426638737473,marvin
Bertozzi,L-BFGS-B,6,158.864266376673,marvin
Bertozzi,COBYLA,9,158.86445552817463,marvin
Bertozzi,COBYLA,10,158.8644815507986,marvin
Bertozzi,SLSQP,5,158.86426602254966,marvin
Bertozzi,Nelder-Mead,10,158.86426649152247,marvin
Bertozzi,cg,6,158.86427162108345,marvin
Bertozzi,Nelder-Mead,6,158.86426652912687,marvin
Bertozzi,L-BFGS-B,10,158.86426651388615,marvin
Bertozzi,Nelder-Mead,4,158.86426668033837,marvin
Bertozzi,L-BFGS-B,5,158.86426662254348,marvin
Bertozzi,L-BFGS-B,2,158.8642664806634,marvin
Bertozzi,COBYLA,6,158.8644783201143,marvin
Bertozzi,SLSQP,7,158.86426620798423,marvin
Bertozzi,cg,5,158.86426771812154,marvin
Bertozzi,BFGS,1,158.8642698262966,marvin
Bertozzi,dogleg,1,158.9243087101783,marvin
Bertozzi,cg,7,158.86427177310875,marvin
Bertozzi,BFGS,3,158.86427069053715,marvin
Bertozzi,L-BFGS-B,1,158.8642662631305,marvin
Bertozzi,L-BFGS-B,4,158.8642661837193,marvin
Bertozzi,BFGS,2,158.86427568989575,marvin
Bertozzi,BFGS,10,158.86426891441818,marvin
Bertozzi,BFGS,5,158.86427196422486,marvin
Bertozzi,BFGS,9,158.86426964817628,marvin
Bertozzi,cg,1,158.86427093678344,marvin
Bertozzi,L-BFGS-B,3,158.86426640945203,marvin
Bertozzi,COBYLA,7,158.86445192519994,marvin
Bertozzi,dogleg,2,159.13813985512297,marvin
Bertozzi,Nelder-Mead,3,158.86426655664994,marvin
Bertozzi,BFGS,7,158.86427369295518,marvin
Bertozzi,fides,1,158.8642676097386,marvin
Bertozzi,BFGS,4,158.86427149211414,marvin
Bertozzi,cg,2,158.8642738006622,marvin
Bertozzi,dogleg,10,159.16770716971575,marvin
Bertozzi,cg,3,158.86427105618336,marvin
Bertozzi,SLSQP,8,158.86426597530038,marvin
Bertozzi,cg,9,158.86427051723265,marvin
Bertozzi,BFGS,8,158.86426906145465,marvin
Bertozzi,dogleg,5,159.24292050736466,marvin
Bertozzi,SLSQP,10,158.86426599648252,marvin
Bertozzi,fides,4,158.86426773429866,marvin
Bertozzi,SLSQP,6,158.86426639292173,marvin
Bertozzi,dogleg,3,158.91131849789053,marvin
Bertozzi,SLSQP,3,158.864266511972,marvin
Bertozzi,L-BFGS-B,9,158.86426615041125,marvin
Bertozzi,nlopt_12,3,158.86426801592825,marvin
Bertozzi,cg,8,158.8642706688688,marvin
Bertozzi,cg,10,158.86427265740357,marvin
Bertozzi,fides,2,158.86426762955344,marvin
Bertozzi,L-BFGS-B,7,158.8642667213436,marvin
Bertozzi,nlopt_12,4,158.864268071374,marvin
Bertozzi,nlopt_15,5,158.8642675641593,marvin
Bertozzi,nlopt_11,5,158.86426699931152,marvin
Bertozzi,SLSQP,1,158.8642665785809,marvin
Bertozzi,Nelder-Mead,8,158.86426654835915,marvin
Bertozzi,fides,9,158.86426767688957,marvin
Bertozzi,fides,5,158.8642676852301,marvin
Bertozzi,newton-cg,5,158.8642701850244,marvin
Bertozzi,fides,3,158.86426770675934,marvin
Bertozzi,dogleg,6,159.0008345817645,marvin
Bertozzi,nlopt_16,1,158.8642674446329,marvin
Bertozzi,dogleg,7,158.9941006369947,marvin
Bertozzi,nlopt_16,5,158.864267531118,marvin
Bertozzi,nlopt_12,6,158.86426772395976,marvin
Bertozzi,nlopt_15,9,158.86426749227556,marvin
Bertozzi,dogleg,8,158.91050389082807,marvin
Bertozzi,nlopt_15,6,158.86426752897745,marvin
Bertozzi,nlopt_16,7,158.86426749632244,marvin
Bertozzi,nlopt_15,8,158.86426750660758,marvin
Bertozzi,nlopt_12,7,158.86426796082498,marvin
Bertozzi,nlopt_15,7,158.86426745710054,marvin
Bertozzi,nlopt_16,4,158.8642673134648,marvin
Bertozzi,fides,7,158.86426771225035,marvin
Bertozzi,nlopt_11,8,158.8642673626942,marvin
Bertozzi,nlopt_15,3,158.86426758220156,marvin
Bertozzi,dogleg,4,158.9542817501221,marvin
Bertozzi,newton-cg,4,158.86426923443042,marvin
Bertozzi,nlopt_12,2,158.8642672436601,marvin
Bertozzi,nlopt_15,10,158.8642674920968,marvin
Bertozzi,nlopt_15,4,158.86426753455405,marvin
Bertozzi,nlopt_11,2,158.86426723892504,marvin
Bertozzi,dogleg,9,159.02117734261012,marvin
Bertozzi,nlopt_16,9,158.8642673768755,marvin
Bertozzi,nlopt_16,3,158.86426722736127,marvin
Bertozzi,nlopt_16,10,158.86426733184044,marvin
Bertozzi,nlopt_11,7,158.8642672886318,marvin
Bertozzi,nlopt_16,6,158.8642673301868,marvin
Bertozzi,nlopt_15,1,158.86426739484477,marvin
Bertozzi,fides,10,158.86426770495814,marvin
Bertozzi,nlopt_16,8,158.86426745702994,marvin
Bertozzi,nlopt_16,2,158.86426716187577,marvin
Bertozzi,nlopt_12,8,158.86426759319022,marvin
Bertozzi,fides,6,158.86426769679053,marvin
Bertozzi,nlopt_12,5,158.86426806216423,marvin
Bertozzi,newton-cg,9,158.86427102875473,marvin
Bertozzi,nlopt_15,2,158.8642674083535,marvin
Bertozzi,nlopt_12,1,158.86426771411533,marvin
Bertozzi,fides,8,158.86426769057852,marvin
Bertozzi,newton-cg,7,158.86426859412705,marvin
Bertozzi,newton-cg,1,158.86426885960412,marvin
Bertozzi,nlopt_12,10,158.86426782262882,marvin
Bertozzi,nlopt_11,10,158.8642671468254,marvin
Bertozzi,newton-cg,3,158.8642692226386,marvin
Bertozzi,nlopt_11,4,158.86426731093223,marvin
Bertozzi,newton-cg,2,158.8642695781867,marvin
Bertozzi,nlopt_18,3,158.86426724844716,marvin
Bertozzi,nlopt_18,5,158.86426715392383,marvin
Bertozzi,nlopt_18,2,158.86426699523074,marvin
Bertozzi,nlopt_11,3,158.86426727219413,marvin
Bertozzi,newton-cg,6,158.8642697239781,marvin
Bertozzi,nlopt_14,1,158.8642672920277,marvin
Bertozzi,nlopt_18,8,158.86426728851688,marvin
Bertozzi,nlopt_18,4,158.86426676056004,marvin
Bertozzi,nlopt_18,7,158.8642672665099,marvin
Bertozzi,nlopt_12,9,158.86426745501197,marvin
Bertozzi,nlopt_18,9,158.86426713328464,marvin
Bertozzi,nlopt_18,10,158.86426701493852,marvin
Bertozzi,nlopt_11,6,158.86426715142238,marvin
Bertozzi,nlopt_26,1,158.8642706183669,marvin
Bertozzi,newton-cg,10,158.86426959830095,marvin
Bertozzi,nlopt_14,5,158.8642673844966,marvin
Bertozzi,nlopt_11,9,158.8642672863143,marvin
Bertozzi,nlopt_13,6,158.86426693250604,marvin
Bertozzi,nlopt_18,1,158.86426710388616,marvin
Bertozzi,nlopt_11,1,158.86426712473613,marvin
Bertozzi,nlopt_26,2,158.86427102343123,marvin
Bertozzi,newton-cg,8,158.86427012539207,marvin
Bertozzi,nlopt_29,5,158.8642652936832,marvin
Bertozzi,nlopt_26,10,158.86427442731343,marvin
Bertozzi,nlopt_28,1,158.86426602048152,marvin
Bertozzi,nlopt_13,8,158.86426731640938,marvin
Bertozzi,nlopt_18,6,158.86426690811095,marvin
Bertozzi,nlopt_26,7,158.86428104463135,marvin
Bertozzi,nlopt_14,10,158.86426737402746,marvin
Bertozzi,nlopt_26,4,158.86427082836292,marvin
Bertozzi,nlopt_13,4,158.86426720873,marvin
Bertozzi,nlopt_29,8,158.8642649469324,marvin
Bertozzi,nlopt_13,10,158.8642672676277,marvin
Bertozzi,nlopt_29,7,158.86426514152544,marvin
Bertozzi,nlopt_14,9,158.86426739748563,marvin
Bertozzi,nlopt_13,1,158.86426740824584,marvin
Bertozzi,nlopt_13,2,158.864267275489,marvin
Bertozzi,nlopt_28,5,158.86426589854472,marvin
Bertozzi,pysacess,1,158.86427374397155,marvin
Bertozzi,nlopt_13,5,158.86426734641913,marvin
Bertozzi,nlopt_14,4,158.86426732276243,marvin
Bertozzi,pysacess,2,158.8642730986303,marvin
Bertozzi,nlopt_28,7,158.86426573988092,marvin
Bertozzi,pysacess,7,158.86427285815313,marvin
Bertozzi,pysacess,5,158.86427291788527,marvin
Bertozzi,nlopt_28,6,158.86426590672187,marvin
Bertozzi,nlopt_14,7,158.86426730992565,marvin
Bertozzi,pysacess,8,158.86427229103987,marvin
Bertozzi,nlopt_29,3,158.86426470981377,marvin
Bertozzi,pysacess,3,158.86427235249397,marvin
Bertozzi,pysacess,4,158.86427226575435,marvin
Bertozzi,nlopt_26,3,158.86427070597443,marvin
Bertozzi,pysacess,10,158.86427212382017,marvin
Bertozzi,nlopt_28,2,158.86426591791184,marvin
Bertozzi,pysacess,6,158.86427215701403,marvin
Bertozzi,pysacess_cmaes,1,158.86426509988775,marvin
Bertozzi,nlopt_26,9,158.86426891245483,marvin
Bertozzi,pysacess_cmaes,8,158.86426356975892,marvin
Bertozzi,nlopt_34,3,158.8642661912689,marvin
Bertozzi,pysacess,9,158.8642726356251,marvin
Bertozzi,pysacess_cmaes,7,158.8642656145019,marvin
Bertozzi,pysacess_cmaes,5,158.86426542845032,marvin
Bertozzi,pysacess_fides,1,158.8642682963416,marvin
Bertozzi,pysacess_cmaes,9,158.8642644415449,marvin
Bertozzi,nlopt_29,9,158.86426525757688,marvin
Bertozzi,pysacess_cmaes,4,158.86426591334344,marvin
Bertozzi,nlopt_13,7,158.86426717589904,marvin
Bertozzi,pysacess_fides,3,158.8642678015838,marvin
Bertozzi,pysacess_cmaes,6,158.86426481748464,marvin
Bertozzi,pysacess_fides,6,158.864268482757,marvin
Bertozzi,nlopt_26,8,158.86427015094688,marvin
Bertozzi,nlopt_23,5,158.864267671327,marvin
Bertozzi,nlopt_21,8,158.86426758976364,marvin
Bertozzi,pysacess_ipopt,1,158.86426634343255,marvin
Bertozzi,pysacess_ipopt,7,158.8642683004212,marvin
Bertozzi,pysacess_cmaes,3,158.8642653164738,marvin
Bertozzi,nlopt_26,5,158.86426813682252,marvin
Bertozzi,pysacess_fides,8,158.86426813187472,marvin
Bertozzi,nlopt_29,6,158.8642643772692,marvin
Bertozzi,pysacess_ipopt,4,158.86426796774845,marvin
Bertozzi,pysacess_fides,10,158.86426800828323,marvin
Bertozzi,nlopt_34,7,158.8642661445001,marvin
Bertozzi,pysacess_fides,4,158.86426862908334,marvin
Bertozzi,pysacess_ipopt,2,158.86426700726628,marvin
Bertozzi,pysacess_fides,2,158.8642688516427,marvin
Bertozzi,nlopt_13,9,158.86426731844068,marvin
Bertozzi,nlopt_34,6,158.8642666412121,marvin
Bertozzi,pysacess_ipopt,9,158.86426814068366,marvin
Bertozzi,pysacess_cmaes,2,158.8642646223774,marvin
Bertozzi,pysacess_ipopt,8,158.86426712010706,marvin
Bertozzi,pysacess_fides,9,158.8642678335326,marvin
Bertozzi,nlopt_29,1,158.86426467595996,marvin
Bertozzi,pysacess_ipopt,10,158.86426700532252,marvin
Bertozzi,nlopt_23,3,158.8642676899592,marvin
Bertozzi,pysacess_ipopt,3,158.86426736408723,marvin
Bertozzi,pysacess_fides,5,158.8642680411309,marvin
Bertozzi,nlopt_28,4,158.86426609963473,marvin
Bertozzi,sacess,3,158.86426964021493,marvin
Bertozzi,nlopt_14,6,158.86426738152446,marvin
Bertozzi,pysacess_ipopt,6,158.86426630215237,marvin
Bertozzi,pysacess_cmaes,10,158.86426462172898,marvin
Bertozzi,sacess,4,158.86427121575207,marvin
Bertozzi,sacess,8,158.8642712191733,marvin
Bertozzi,nlopt_14,3,158.8642674410516,marvin
Bertozzi,nlopt_13,3,158.86426750565983,marvin
Bertozzi,sacess,6,158.8642708336772,marvin
Bertozzi,sacess_dhc,7,158.864266492796,marvin
Bertozzi,sacess_dhc,4,158.86426643364064,marvin
Bertozzi,sacess_dhc,1,158.8642669537768,marvin
Bertozzi,nlopt_28,3,158.8642657496657,marvin
Bertozzi,pysacess_ipopt,5,158.86426797713278,marvin
Bertozzi,sacess,7,158.8642722676661,marvin
Bertozzi,sacess_dhc,8,158.86426663300327,marvin
Bertozzi,sacess_dhc,5,158.8642666113914,marvin
Bertozzi,sacess,5,158.86427128732782,marvin
Bertozzi,sacess_ipopt,5,158.86426671863745,marvin
Bertozzi,sacess_ipopt,1,158.86426699557177,marvin
Bertozzi,pysacess_fides,7,158.8642680070978,marvin
Bertozzi,sacess_ipopt,6,158.86426684803655,marvin
Bertozzi,sacess_dhc,6,158.86426608799266,marvin
Bertozzi,sacess,10,158.86426984607735,marvin
Bertozzi,sacess,2,158.8642702809072,marvin
Bertozzi,nlopt_29,2,158.86426467211544,marvin
Bertozzi,sacess_dhc,9,158.86426646272974,marvin
Bertozzi,nlopt_28,9,158.86426601923637,marvin
Bertozzi,sacess,1,158.86427210396795,marvin
Bertozzi,nlopt_23,6,158.86426767945744,marvin
Bertozzi,sacess_dhc,2,158.86426672904884,marvin
Bertozzi,sacess,9,158.86427242802523,marvin
Bertozzi,nlopt_26,6,158.86427395585383,marvin
Bertozzi,sacess_ipopt,10,158.86426688256887,marvin
Bertozzi,nlopt_29,4,158.8642637446392,marvin
Bertozzi,sacess_ipopt,9,158.86426691618408,marvin
Bertozzi,nlopt_14,8,158.86426727274466,marvin
Bertozzi,sacess_ipopt,8,158.86426694972806,marvin
Bertozzi,nlopt_14,2,158.8642674519026,marvin
Bertozzi,sacess_ipopt,2,158.86426650414225,marvin
Bertozzi,sacess_dhc,3,158.86426664135683,marvin
Bertozzi,sacess_ipopt,7,158.8642665431223,marvin
Bertozzi,sacess_dhc,10,158.86426640320576,marvin
Bertozzi,nlopt_21,10,158.86426735153788,marvin
Bertozzi,nlopt_28,10,158.86426609678057,marvin
Bertozzi,nlopt_28,8,158.86426611238346,marvin
Bertozzi,nlopt_23,8,158.86426768616127,marvin
Bertozzi,nlopt_21,4,158.86426702966702,marvin
Bertozzi,nlopt_21,9,158.86426746937474,marvin
Bertozzi,sacess_ipopt,4,158.8642666384725,marvin
Bertozzi,nlopt_34,8,158.86426664671518,marvin
Bertozzi,nlopt_21,7,158.86426763221124,marvin
Bertozzi,nlopt_29,10,158.8642650033454,marvin
Bertozzi,sacess_ipopt,3,158.86426683968068,marvin
Bertozzi,nlopt_34,2,158.86426644842334,marvin
Bertozzi,nlopt_21,1,158.86426752111623,marvin
Bertozzi,nlopt_34,1,158.864266754648,marvin
Bertozzi,nlopt_34,5,158.8642666572503,marvin
Bertozzi,nlopt_21,3,158.86426709307838,marvin
Bertozzi,nlopt_21,5,158.8642675514102,marvin
Bertozzi,pyswarm,2,158.86426720464829,marvin
Bertozzi,nlopt_23,4,158.86426765023242,marvin
Bertozzi,pyswarm,6,158.86426839511157,marvin
Bertozzi,nlopt_23,9,158.86426760667328,marvin
Bertozzi,pyswarm,3,158.86426783704383,marvin
Bertozzi,nlopt_21,6,158.8642675901085,marvin
Bertozzi,nlopt_34,10,158.8642663135186,marvin
Bertozzi,nlopt_34,9,158.86426637765442,marvin
Bertozzi,pyswarm,9,158.86426616568198,marvin
Bertozzi,nlopt_34,4,158.86426638958272,marvin
Bertozzi,pyswarm,1,158.8642718581101,marvin
Bertozzi,nlopt_23,2,158.86426766782932,marvin
Bertozzi,nlopt_23,1,158.86426770642817,marvin
Bertozzi,pyswarm,4,158.86426657889893,marvin
Bertozzi,nlopt_23,10,158.8642676770667,marvin
Bertozzi,pyswarm,7,158.86426691997985,marvin
Bertozzi,nlopt_21,2,158.86426746159174,marvin
Bertozzi,nlopt_36,2,158.86426666720635,marvin
Bertozzi,pyswarm,8,158.864267066594,marvin
Bertozzi,nlopt_36,4,158.8642661981737,marvin
Bertozzi,nlopt_23,7,158.8642675863295,marvin
Bertozzi,pyswarm,10,158.86426648687777,marvin
Bertozzi,nlopt_37,4,158.8642669908935,marvin
Bertozzi,pyswarm,5,158.86426678613446,marvin
Bertozzi,nlopt_36,1,158.86426679457787,marvin
Bertozzi,nlopt_37,5,158.86426664520752,marvin
Bertozzi,nlopt_39,8,158.86426767939105,marvin
Bertozzi,nlopt_37,2,158.86426685839734,marvin
Bertozzi,nlopt_36,5,158.86426713031898,marvin
Bertozzi,nlopt_36,10,158.86426673041194,marvin
Bertozzi,nlopt_37,1,158.86426651467508,marvin
Bertozzi,nlopt_39,4,158.86426743330486,marvin
Bertozzi,nlopt_36,3,158.86426697819232,marvin
Bertozzi,nlopt_36,7,158.86426709561295,marvin
Bertozzi,nlopt_37,8,158.864266769893,marvin
Blasi,BFGS,7,-1090.561776603786,marvin
Blasi,COBYLA,2,-1090.5615999236586,marvin
Bertozzi,nlopt_37,3,158.86426671395287,marvin
Bertozzi,nlopt_39,9,158.86426765867733,marvin
Bertozzi,nlopt_39,2,158.86426759251725,marvin
Blasi,COBYLA,1,-1090.561488412973,marvin
Blasi,L-BFGS-B,1,-1090.5617766036596,marvin
Bertozzi,nlopt_37,10,158.8642667086811,marvin
Bertozzi,nlopt_37,9,158.86426662486045,marvin
Bertozzi,nlopt_36,8,158.86426695551563,marvin
Bertozzi,nlopt_36,6,158.8642667980029,marvin
Bertozzi,nlopt_39,5,158.86426766549653,marvin
Bertozzi,nlopt_36,9,158.86426619939883,marvin
Blasi,L-BFGS-B,9,-1090.5617766035934,marvin
Bertozzi,tnc,4,158.86428123435087,marvin
Bertozzi,trust-krylov,5,158.86426889781143,marvin
Bertozzi,trust-ncg,9,158.86426921061707,marvin
Bertozzi,nlopt_37,6,158.8642667611239,marvin
Blasi,COBYLA,3,-1090.5616307420423,marvin
Blasi,COBYLA,10,-1090.5617311841706,marvin
Blasi,COBYLA,8,-1090.5615802069851,marvin
Blasi,COBYLA,9,-1090.5616103792931,marvin
Blasi,COBYLA,6,-1090.5615860706648,marvin
Bertozzi,nlopt_39,3,158.86426767735693,marvin
Blasi,COBYLA,5,-1090.5615547284242,marvin
Blasi,Nelder-Mead,2,-1085.8679746613911,marvin
Bertozzi,tnc,9,158.86427335146078,marvin
Blasi,L-BFGS-B,8,-1090.5617766037274,marvin
Blasi,BFGS,9,-1090.5617766038574,marvin
Blasi,L-BFGS-B,5,-1090.5617766037446,marvin
Bertozzi,tnc,2,158.8642806436667,marvin
Bertozzi,trust-krylov,2,158.86426983766881,marvin
Bertozzi,nlopt_39,7,158.86426766531628,marvin
Bertozzi,nlopt_39,10,158.86426768016162,marvin
Bertozzi,trust-krylov,9,158.86426857928114,marvin
Blasi,cmaes,1,-1090.5617766039331,marvin
Blasi,Nelder-Mead,1,-1082.2804681027212,marvin
Bertozzi,nlopt_37,7,158.8642666336169,marvin
Bertozzi,trust-ncg,3,158.86426928926852,marvin
Bertozzi,tnc,5,158.8642765247589,marvin
Blasi,cmaes,6,-1090.5617766039336,marvin
Blasi,BFGS,1,-1090.5617766038426,marvin
Blasi,BFGS,4,-1090.561776603893,marvin
Bertozzi,nlopt_39,1,158.86426763692538,marvin
Blasi,COBYLA,4,-1090.5617087228602,marvin
Blasi,BFGS,3,-1090.5617766037763,marvin
Blasi,L-BFGS-B,10,-1090.5617766036673,marvin
Blasi,cmaes,8,-1090.5617766039336,marvin
Bertozzi,trust-krylov,8,158.8642693062577,marvin
Blasi,Nelder-Mead,9,-1083.0132791310396,marvin
Bertozzi,trust-ncg,5,158.86426935649888,marvin
Bertozzi,trust-krylov,1,158.8642694663624,marvin
Bertozzi,trust-krylov,7,158.86426928788399,marvin
Blasi,Nelder-Mead,3,-1088.4208189048334,marvin
Bertozzi,tnc,7,158.864279599954,marvin
Blasi,L-BFGS-B,3,-1090.561776603772,marvin
Bertozzi,trust-krylov,4,158.8642693171525,marvin
Bertozzi,trust-ncg,8,158.86426904780893,marvin
Blasi,cmaes,2,-1090.5617766039334,marvin
Bertozzi,trust-ncg,6,158.86426916757267,marvin
Blasi,Nelder-Mead,8,-1081.8048879995247,marvin
Bertozzi,trust-ncg,2,158.86426938006133,marvin
Blasi,L-BFGS-B,4,-1090.5617766036153,marvin
Blasi,Nelder-Mead,5,-1085.5006623268073,marvin
Bertozzi,tnc,1,158.86429409360562,marvin
Blasi,cmaes,4,-1090.5617766039334,marvin
Blasi,Nelder-Mead,10,-1074.9626181464068,marvin
Blasi,L-BFGS-B,7,-1090.561776603598,marvin
Blasi,COBYLA,7,-1090.5614969109977,marvin
Bertozzi,trust-ncg,10,158.86426899934304,marvin
Blasi,BFGS,2,-1090.561776603811,marvin
Blasi,cmaes,9,-1090.5617766039334,marvin
Blasi,Nelder-Mead,6,-1086.4108195209358,marvin
Blasi,cmaes,3,-1090.5617766039336,marvin
Blasi,L-BFGS-B,2,-1090.561776603703,marvin
Blasi,BFGS,5,-1090.5617766038324,marvin
Blasi,cmaes,5,-1090.561776603934,marvin
Blasi,Nelder-Mead,4,-1085.0004004518878,marvin
Blasi,cmaes,7,-1090.5617766039338,marvin
Bertozzi,trust-ncg,7,158.86426947294174,marvin
Bertozzi,tnc,10,158.86427786781198,marvin
Blasi,ipopt,2,-1090.5617766038313,marvin
Blasi,BFGS,10,-1090.5617766038165,marvin
Blasi,cmaes,10,-1090.5617766039334,marvin
Bertozzi,nlopt_39,6,158.86426756853126,marvin
Blasi,ipopt,3,-1090.5617766038436,marvin
Blasi,ipopt,8,-1090.5617766038501,marvin
Blasi,ipopt,6,-1090.5617766038254,marvin
Blasi,ipopt,10,-1090.5617766038167,marvin
Bertozzi,trust-krylov,3,158.86426979317218,marvin
Blasi,ipopt,5,-1090.56177660381,marvin
Blasi,ipopt,9,-1090.561776603784,marvin
Bertozzi,trust-krylov,6,158.86426939844569,marvin
Bertozzi,trust-ncg,4,158.86426936305088,marvin
Bertozzi,tnc,6,158.864281010912,marvin
Blasi,ipopt,7,-1090.5617766037753,marvin
Blasi,Nelder-Mead,7,-1089.249097218503,marvin
Bertozzi,tnc,8,158.86427378923568,marvin
Bertozzi,trust-krylov,10,158.864269834228,marvin
Blasi,dogleg,1,-1090.5618245592837,marvin
Bertozzi,trust-ncg,1,158.86426888958812,marvin
Blasi,dogleg,10,-1090.5618245598043,marvin
Bertozzi,tnc,3,158.86428061472742,marvin
Blasi,ipopt,4,-1090.5617766038183,marvin
Blasi,ipopt,1,-1090.5617766038463,marvin
Blasi,dogleg,2,-1090.5618245660944,marvin
Blasi,L-BFGS-B,6,-1090.5617766036105,marvin
Blasi,dogleg,8,-1090.5618245608425,marvin
Blasi,dogleg,7,-1090.5618245686821,marvin
Blasi,dogleg,6,-1090.5618245615608,marvin
Blasi,newton-cg,1,-1090.56177660367,marvin
Blasi,cg,7,-1090.561776603844,marvin
Blasi,dogleg,5,-1090.561824566795,marvin
Blasi,cg,8,-1090.5617766038108,marvin
Blasi,newton-cg,6,-1090.561776603716,marvin
Blasi,newton-cg,7,-1090.561776603687,marvin
Blasi,newton-cg,5,-1090.5617766036569,marvin
Blasi,fides,9,-1090.5617766036664,marvin
Blasi,fides,2,-1090.5617766036864,marvin
Blasi,cg,2,-1090.5617766038747,marvin
Blasi,dogleg,3,-1090.5618245566766,marvin
Blasi,fides,3,-1090.5617766037788,marvin
Blasi,cg,5,-1090.5617766038783,marvin
Blasi,dogleg,9,-1090.5618245634662,marvin
Blasi,nlopt_12,9,-1090.5617766039327,marvin
Blasi,newton-cg,4,-1090.5617766037788,marvin
Blasi,fides,4,-1090.5617766037076,marvin
Blasi,newton-cg,9,-1090.561776603744,marvin
Blasi,dogleg,4,-1090.5618245604194,marvin
Blasi,newton-cg,2,-1090.5617766036776,marvin
Blasi,BFGS,8,-1090.5617766038056,marvin
Blasi,cg,1,-1090.5617766038588,marvin
Blasi,cg,3,-1090.5617766038017,marvin
Blasi,nlopt_18,1,-1090.5617766036107,marvin
Blasi,nlopt_18,4,-1090.5617766036141,marvin
Blasi,nlopt_15,1,-1090.5617766038351,marvin
Blasi,nlopt_18,2,-1090.5617766036369,marvin
Blasi,cg,10,-1090.5617766038858,marvin
Blasi,cg,6,-1090.5617766038595,marvin
Blasi,nlopt_18,8,-1090.5617766036523,marvin
Blasi,nlopt_18,6,-1090.5617766036182,marvin
Blasi,nlopt_18,3,-1090.5617766035884,marvin
Blasi,fides,8,-1090.5617766037303,marvin
Blasi,cg,9,-1090.5617766038229,marvin
Blasi,cg,4,-1090.5617766038727,marvin
Blasi,nlopt_11,7,-1090.5617766038013,marvin
Blasi,nlopt_18,5,-1090.5617766036223,marvin
Blasi,newton-cg,10,-1090.561776603686,marvin
Blasi,nlopt_18,10,-1090.561776603592,marvin
Blasi,nlopt_15,6,-1090.5617766037706,marvin
Blasi,newton-cg,8,-1090.5617766036987,marvin
Blasi,nlopt_18,7,-1090.5617766036019,marvin
Blasi,nlopt_18,9,-1090.5617766036237,marvin
Blasi,nlopt_13,6,-1090.561776603848,marvin
Blasi,BFGS,6,-1090.5617766038195,marvin
Blasi,nlopt_21,6,-1090.5617766038301,marvin
Blasi,newton-cg,3,-1090.5617766037014,marvin
Blasi,nlopt_15,9,-1090.5617766038029,marvin
Blasi,fides,6,-1090.561776603802,marvin
Blasi,nlopt_12,2,-1090.5617766039325,marvin
Blasi,nlopt_12,8,-1090.5617766039325,marvin
Blasi,nlopt_21,2,-1090.5617766038563,marvin
Blasi,nlopt_21,7,-1090.5617766038938,marvin
Blasi,fides,7,-1090.5617766037376,marvin
Blasi,nlopt_12,1,-1090.561776603933,marvin
Blasi,nlopt_15,10,-1090.5617766037117,marvin
Blasi,nlopt_15,3,-1090.5617766037744,marvin
Blasi,nlopt_21,1,-1090.561776603822,marvin
Blasi,nlopt_15,2,-1090.5617766037583,marvin
Blasi,nlopt_12,3,-1090.5617766039327,marvin
Blasi,nlopt_12,5,-1090.5617766039331,marvin
Blasi,nlopt_16,1,-1090.5617766037506,marvin
Blasi,fides,1,-1090.5617766036949,marvin
Blasi,nlopt_13,1,-1090.561776603837,marvin
Blasi,nlopt_21,9,-1090.5617766038508,marvin
Blasi,nlopt_21,3,-1090.5617766038104,marvin
Blasi,nlopt_12,4,-1090.561776603933,marvin
Blasi,fides,5,-1090.5617766037212,marvin
Blasi,nlopt_14,2,-1090.5617766038736,marvin
Blasi,nlopt_21,10,-1090.561776603834,marvin
Blasi,nlopt_12,10,-1090.5617766039331,marvin
Blasi,nlopt_21,4,-1090.561776603834,marvin
Blasi,fides,10,-1090.5617766034586,marvin
Blasi,nlopt_21,8,-1090.5617766038501,marvin
Blasi,nlopt_23,1,-1090.561776603721,marvin
Blasi,nlopt_16,3,-1090.5617766037683,marvin
Blasi,nlopt_11,6,-1090.561776603822,marvin
Blasi,nlopt_16,9,-1090.5617766037892,marvin
Blasi,nlopt_12,7,-1090.5617766039327,marvin
Blasi,nlopt_15,5,-1090.5617766038013,marvin
Blasi,nlopt_13,7,-1090.5617766038358,marvin
Blasi,nlopt_16,2,-1090.5617766037794,marvin
Blasi,nlopt_21,5,-1090.5617766038001,marvin
Blasi,nlopt_13,4,-1090.5617766038592,marvin
Blasi,nlopt_14,4,-1090.5617766038456,marvin
Blasi,nlopt_11,4,-1090.561776603799,marvin
Blasi,nlopt_16,7,-1090.5617766038101,marvin
Blasi,nlopt_23,4,-1090.5617766037153,marvin
Blasi,nlopt_15,4,-1090.5617766037483,marvin
Blasi,nlopt_14,6,-1090.5617766038458,marvin
Blasi,nlopt_12,6,-1090.5617766039327,marvin
Blasi,nlopt_11,1,-1090.5617766038622,marvin
Blasi,nlopt_15,8,-1090.5617766038336,marvin
Blasi,nlopt_23,5,-1090.5617766036603,marvin
Blasi,nlopt_23,7,-1090.5617766036705,marvin
Blasi,nlopt_23,2,-1090.5617766038172,marvin
Blasi,nlopt_13,10,-1090.5617766038743,marvin
Blasi,nlopt_15,7,-1090.5617766037717,marvin
Blasi,nlopt_13,2,-1090.5617766038342,marvin
Blasi,nlopt_11,2,-1090.5617766038781,marvin
Blasi,nlopt_16,4,-1090.5617766038308,marvin
Blasi,nlopt_11,9,-1090.5617766038458,marvin
Blasi,nlopt_11,5,-1090.5617766038433,marvin
Blasi,nlopt_16,6,-1090.5617766037478,marvin
Blasi,nlopt_11,3,-1090.5617766038004,marvin
Blasi,nlopt_11,10,-1090.5617766038397,marvin
Blasi,nlopt_16,8,-1090.5617766037349,marvin
Blasi,nlopt_23,6,-1090.5617766038058,marvin
Blasi,nlopt_14,9,-1090.5617766038847,marvin
Blasi,nlopt_23,8,-1090.5617766038574,marvin
Blasi,SLSQP,1,-1090.5617766036846,marvin
Blasi,nlopt_11,8,-1090.5617766038206,marvin
Blasi,nlopt_16,10,-1090.5617766038001,marvin
Blasi,nlopt_26,2,-1090.5617766039325,marvin
Blasi,nlopt_16,5,-1090.5617766037458,marvin
Blasi,nlopt_13,3,-1090.5617766038401,marvin
Blasi,pysacess,2,-1090.5616415437419,marvin
Blasi,nlopt_14,5,-1090.5617766038959,marvin
Blasi,pysacess,5,-1090.5617251610533,marvin
Blasi,nlopt_13,8,-1090.5617766038197,marvin
Blasi,nlopt_23,10,-1090.561776603776,marvin
Blasi,SLSQP,7,-1090.561776603717,marvin
Blasi,SLSQP,4,-1090.5617766036653,marvin
Blasi,nlopt_13,9,-1090.5617766038622,marvin
Blasi,nlopt_23,9,-1090.5617766036908,marvin
Blasi,nlopt_23,3,-1090.5617766037315,marvin
Blasi,pysacess,6,-1090.561657191843,marvin
Blasi,pysacess_cmaes,2,-1090.5617766039338,marvin
Blasi,nlopt_34,7,-1090.561776603932,marvin
Blasi,pysacess,4,-1090.5616345156072,marvin
Blasi,pysacess,1,-1090.5617315930429,marvin
Blasi,pysacess_cmaes,1,-1090.5617766039347,marvin
Blasi,nlopt_14,7,-1090.561776603827,marvin
Blasi,pysacess_cmaes,8,-1090.5617766039331,marvin
Blasi,nlopt_26,5,-1090.5617766039318,marvin
Blasi,SLSQP,6,-1090.5617766036157,marvin
Blasi,pysacess,8,-1090.5616572343247,marvin
Blasi,pysacess_cmaes,6,-1090.5617766039336,marvin
Blasi,pysacess,3,-1090.5616438691222,marvin
Blasi,pysacess,7,-1090.5616488309101,marvin
Blasi,pysacess_cmaes,7,-1090.5617766039334,marvin
Blasi,pysacess,9,-1090.5616836357647,marvin
Blasi,pysacess_cmaes,3,-1090.5617766039334,marvin
Blasi,SLSQP,8,-1090.5617766037344,marvin
Blasi,nlopt_14,3,-1090.5617766038279,marvin
Blasi,pysacess_cmaes,4,-1090.561776603934,marvin
Blasi,pysacess_cmaes,5,-1090.5617766039331,marvin
Blasi,nlopt_26,4,-1090.5617766039325,marvin
Blasi,pysacess_fides,8,-1090.5617765970278,marvin
Blasi,nlopt_26,9,-1090.5617766039325,marvin
Blasi,nlopt_26,6,-1090.5617766039327,marvin
Blasi,pysacess_fides,3,-1090.5617765978095,marvin
Blasi,pysacess_cmaes,10,-1090.5617766039336,marvin
Blasi,SLSQP,9,-1090.561776603623,marvin
Blasi,pysacess_fides,1,-1090.5617766011426,marvin
Blasi,pysacess,10,-1090.5616691788618,marvin
Blasi,nlopt_13,5,-1090.5617766038274,marvin
Blasi,nlopt_26,1,-1090.5617766039318,marvin
Blasi,pysacess_fides,6,-1090.5617766036341,marvin
Blasi,pysacess_fides,9,-1090.5617766034034,marvin
Blasi,nlopt_26,7,-1090.561776603932,marvin
Blasi,pysacess_fides,4,-1090.561776600571,marvin
Blasi,pysacess_ipopt,9,-1090.5617766038865,marvin
Blasi,pysacess_cmaes,9,-1090.5617766039331,marvin
Blasi,nlopt_26,3,-1090.5617766039322,marvin
Blasi,nlopt_34,5,-1090.5617766039318,marvin
Blasi,pysacess_ipopt,2,-1090.561776603844,marvin
Blasi,pysacess_ipopt,1,-1090.5617766039013,marvin
Blasi,pysacess_fides,7,-1090.5617765975674,marvin
Blasi,nlopt_39,2,-1090.5617766037026,marvin
Blasi,pysacess_ipopt,5,-1090.5617766038413,marvin
Blasi,pysacess_ipopt,8,-1090.5617766038997,marvin
Blasi,nlopt_39,7,-1090.5617766037383,marvin
Blasi,pysacess_fides,10,-1090.5617765989498,marvin
Blasi,nlopt_34,4,-1090.5617766039315,marvin
Blasi,sacess,5,-1090.561057129211,marvin
Blasi,pysacess_ipopt,6,-1090.5617766038695,marvin
Blasi,sacess,1,-1090.5608783243745,marvin
Blasi,pysacess_ipopt,7,-1090.5617766038506,marvin
Blasi,pysacess_ipopt,4,-1090.5617766038888,marvin
Blasi,sacess,2,-1090.560410677777,marvin
Blasi,pysacess_fides,5,-1090.5617765987442,marvin
Blasi,nlopt_26,8,-1090.5617766039327,marvin
Blasi,pysacess_fides,2,-1090.5617765985023,marvin
Blasi,sacess,7,-1090.5615060190944,marvin
Blasi,nlopt_29,10,-1090.5617766039334,marvin
Blasi,sacess_dhc,6,-1090.561776603928,marvin
Blasi,SLSQP,5,-1090.5617766036314,marvin
Blasi,sacess_dhc,9,-1090.5617766039293,marvin
Blasi,sacess_dhc,1,-1090.561776603928,marvin
Blasi,sacess_dhc,7,-1090.5617766039295,marvin
Blasi,nlopt_28,1,-1090.5617766039322,marvin
Blasi,nlopt_14,10,-1090.5617766038831,marvin
Blasi,nlopt_39,4,-1090.5617766036596,marvin
Blasi,sacess_dhc,3,-1090.5617766039295,marvin
Blasi,sacess_ipopt,4,-1090.5617766038777,marvin
Blasi,nlopt_39,5,-1090.561776603723,marvin
Blasi,sacess_ipopt,5,-1090.5617766038743,marvin
Blasi,nlopt_39,3,-1090.5617766037765,marvin
Blasi,sacess,10,-1090.5611523924476,marvin
Blasi,sacess,9,-1090.5606273369235,marvin
Blasi,sacess_ipopt,3,-1090.5617766038704,marvin
Blasi,sacess,8,-1090.5604465519637,marvin
Blasi,sacess,6,-1090.5609684250476,marvin
Blasi,pysacess_ipopt,3,-1090.5617766038806,marvin
Blasi,nlopt_26,10,-1090.5617766039318,marvin
Blasi,pysacess_ipopt,10,-1090.5617766038715,marvin
Blasi,sacess_dhc,10,-1090.561776603928,marvin
Blasi,sacess,3,-1090.5608073252477,marvin
Blasi,sacess_dhc,4,-1090.561776603927,marvin
Blasi,sacess_ipopt,2,-1090.5617766038963,marvin
Blasi,nlopt_34,1,-1090.5617766039313,marvin
Blasi,sacess_ipopt,7,-1090.5617766038915,marvin
Blasi,nlopt_28,7,-1090.5617766039327,marvin
Blasi,nlopt_39,8,-1090.561776603662,marvin
Blasi,sacess,4,-1090.5610349418953,marvin
Blasi,nlopt_28,5,-1090.561776603933,marvin
Blasi,sacess_ipopt,10,-1090.5617766039022,marvin
Blasi,nlopt_34,8,-1090.5617766039318,marvin
Blasi,sacess_ipopt,1,-1090.5617766038797,marvin
Blasi,nlopt_34,10,-1090.5617766039322,marvin
Blasi,sacess_dhc,8,-1090.5617766039277,marvin
Blasi,nlopt_14,8,-1090.5617766038959,marvin
Blasi,nlopt_34,2,-1090.5617766039318,marvin
Blasi,nlopt_29,3,-1090.5617766039334,marvin
Blasi,sacess_ipopt,6,-1090.561776603884,marvin
Blasi,sacess_ipopt,9,-1090.5617766038815,marvin
Blasi,SLSQP,3,-1090.5617766036885,marvin
Blasi,nlopt_39,1,-1090.5617766037565,marvin
Blasi,sacess_dhc,5,-1090.561776603928,marvin
Blasi,sacess_ipopt,8,-1090.5617766038952,marvin
Blasi,sacess_dhc,2,-1090.5617766039277,marvin
Blasi,nlopt_29,5,-1090.561776603933,marvin
Blasi,nlopt_29,7,-1090.561776603933,marvin
Blasi,SLSQP,10,-1090.5617766036044,marvin
Blasi,nlopt_39,6,-1090.5617766036687,marvin
Blasi,nlopt_29,1,-1090.561776603933,marvin
Blasi,nlopt_39,9,-1090.5617766037396,marvin
Blasi,nlopt_28,6,-1090.5617766039322,marvin
Blasi,nlopt_28,2,-1090.5617766039331,marvin
Blasi,nlopt_28,9,-1090.5617766039327,marvin
Blasi,trust-ncg,8,-1090.5618245558846,marvin
Blasi,nlopt_28,10,-1090.5617766039325,marvin
Blasi,nlopt_34,9,-1090.561776603932,marvin
Blasi,nlopt_39,10,-1090.5617766036635,marvin
Blasi,nlopt_29,8,-1090.5617766039331,marvin
Blasi,trust-ncg,7,-1090.5618245498222,marvin
Blasi,trust-ncg,2,-1090.5618245544044,marvin
Blasi,trust-ncg,10,-1090.5618245592852,marvin
Blasi,nlopt_29,9,-1090.561776603933,marvin
Blasi,nlopt_28,3,-1090.5617766039327,marvin
Blasi,nlopt_14,1,-1090.5617766038195,marvin
Blasi,nlopt_29,2,-1090.5617766039331,marvin
Blasi,trust-ncg,5,-1090.5618245479884,marvin
Blasi,nlopt_37,6,-1090.5617766038508,marvin
Blasi,nlopt_34,6,-1090.5617766039325,marvin
Blasi,nlopt_28,4,-1090.5617766039322,marvin
Blasi,trust-ncg,3,-1090.5618245611145,marvin
Blasi,nlopt_34,3,-1090.561776603932,marvin
Blasi,SLSQP,2,-1090.5617766037847,marvin
Blasi,nlopt_29,6,-1090.561776603933,marvin
Blasi,pyswarm,10,-1083.6240867059676,marvin
Blasi,nlopt_29,4,-1090.561776603933,marvin
Blasi,trust-ncg,4,-1090.561824550546,marvin
Blasi,nlopt_36,6,-1090.561776603791,marvin
Blasi,trust-ncg,9,-1090.5618245463675,marvin
Blasi,pyswarm,2,-1090.5611987859666,marvin
Blasi,pyswarm,6,-1043.134103354578,marvin
Blasi,pyswarm,3,-1088.4832236533953,marvin
Blasi,nlopt_28,8,-1090.5617766039327,marvin
Blasi,pyswarm,4,-1090.4584467476257,marvin
Blasi,nlopt_37,4,-1090.5617766038563,marvin
Blasi,trust-ncg,1,-1090.5618245439546,marvin
Blasi,trust-ncg,6,-1090.5618245510664,marvin
Blasi,trust-krylov,9,-1090.5618245597427,marvin
Blasi,pyswarm,9,-1090.5533181050903,marvin
Blasi,pyswarm,1,-1066.7589796622535,marvin
Blasi,trust-krylov,2,-1090.5618245603741,marvin
Blasi,trust-krylov,3,-1090.5618245561743,marvin
Blasi,trust-krylov,1,-1090.5618245663252,marvin
Blasi,pyswarm,7,-1067.7880220303266,marvin
Blasi,pyswarm,8,-1087.3451992617554,marvin
Blasi,nlopt_37,3,-1090.5617766038526,marvin
Blasi,nlopt_36,10,-1090.5617766038285,marvin
Blasi,nlopt_36,4,-1090.5617766038404,marvin
Blasi,pyswarm,5,-1090.209497399454,marvin
Blasi,nlopt_37,5,-1090.5617766038033,marvin
Blasi,trust-krylov,7,-1090.561824562748,marvin
Blasi,nlopt_36,3,-1090.5617766038285,marvin
Blasi,trust-krylov,6,-1090.5618245646708,marvin
Blasi,nlopt_36,9,-1090.561776603809,marvin
Blasi,nlopt_37,10,-1090.5617766038536,marvin
Blasi,nlopt_36,2,-1090.5617766038147,marvin
Blasi,trust-krylov,4,-1090.5618245605713,marvin
Blasi,nlopt_37,7,-1090.5617766038297,marvin
Blasi,nlopt_36,8,-1090.5617766038442,marvin
Blasi,nlopt_37,2,-1090.5617766038092,marvin
Blasi,trust-krylov,10,-1090.561824566531,marvin
Blasi,trust-krylov,8,-1090.5618245578928,marvin
Blasi,nlopt_36,7,-1090.561776603836,marvin
Blasi,nlopt_36,1,-1090.5617766038165,marvin
Blasi,nlopt_37,8,-1090.5617766038306,marvin
Blasi,trust-krylov,5,-1090.5618245715154,marvin
Blasi,nlopt_37,1,-1090.561776603839,marvin
Boehm,cmaes,2,138.2219708705949,marvin
Blasi,nlopt_37,9,-1090.561776603833,marvin
Blasi,tnc,2,-1090.5617766034648,marvin
Blasi,nlopt_36,5,-1090.5617766038242,marvin
Boehm,cmaes,9,138.221970852633,marvin
Blasi,tnc,6,-1090.5617766035557,marvin
Boehm,cmaes,4,138.22197078044854,marvin
Boehm,cmaes,10,138.22197078169418,marvin
Blasi,tnc,4,-1090.5617766034945,marvin
Boehm,cmaes,3,138.22197078712432,marvin
Blasi,tnc,10,-1090.5617766037042,marvin
Boehm,cmaes,8,138.22197057405972,marvin
Blasi,tnc,1,-1090.561776603575,marvin
Boehm,cmaes,7,138.22197078212588,marvin
Boehm,cmaes,6,138.22197008037682,marvin
Boehm,cmaes,5,138.22197055147547,marvin
Blasi,tnc,5,-1090.5617766036073,marvin
Boehm,Nelder-Mead,3,138.2219912636547,marvin
Boehm,cmaes,1,138.22197061231503,marvin
Boehm,cg,4,138.22211518490303,marvin
Boehm,L-BFGS-B,7,138.22196959784947,marvin
Blasi,tnc,3,-1090.5617766035286,marvin
Boehm,L-BFGS-B,3,138.22196940097572,marvin
Boehm,L-BFGS-B,6,138.22196985156572,marvin
Boehm,L-BFGS-B,5,138.22196969662522,marvin
Blasi,tnc,8,-1090.5617766033868,marvin
Boehm,L-BFGS-B,10,138.22196929784764,marvin
Boehm,ipopt,2,138.2219707694791,marvin
Boehm,L-BFGS-B,1,138.22196923905514,marvin
Boehm,ipopt,10,138.22197096485309,marvin
Boehm,Nelder-Mead,1,138.2219742380999,marvin
Boehm,Nelder-Mead,10,138.22197564749703,marvin
Boehm,COBYLA,5,138.22323059269644,marvin
Boehm,Nelder-Mead,4,138.22197423709773,marvin
Boehm,cg,3,138.22202504296015,marvin
Boehm,L-BFGS-B,4,138.22196985254774,marvin
Boehm,L-BFGS-B,2,138.22196979585175,marvin
Boehm,cg,7,138.2220106735501,marvin
Boehm,L-BFGS-B,8,138.22196949841467,marvin
Boehm,cg,1,138.22231387865548,marvin
Boehm,ipopt,8,138.22197127872644,marvin
Blasi,tnc,7,-1090.5617766036657,marvin
Boehm,Nelder-Mead,8,138.2219746656397,marvin
Boehm,Nelder-Mead,7,138.2219746254344,marvin
Boehm,Nelder-Mead,6,138.22197236361808,marvin
Boehm,cg,5,138.22204064486505,marvin
Boehm,ipopt,1,138.22197102714392,marvin
Boehm,dogleg,5,138.32469600249445,marvin
Boehm,cg,8,138.22205439049884,marvin
Boehm,Nelder-Mead,5,138.22197524036307,marvin
Boehm,ipopt,5,138.22197067739685,marvin
Boehm,L-BFGS-B,9,138.22196986128293,marvin
Boehm,BFGS,10,138.22266295833836,marvin
Boehm,cg,6,138.22202966185475,marvin
Boehm,cg,2,138.22205325263323,marvin
Boehm,Nelder-Mead,9,138.2219748629129,marvin
Boehm,ipopt,4,138.22197162854988,marvin
Boehm,COBYLA,1,138.22320827772998,marvin
Boehm,COBYLA,4,138.222763213965,marvin
Boehm,BFGS,1,138.2222733523849,marvin
Boehm,COBYLA,10,138.22375883761862,marvin
Boehm,cg,9,138.22204323392774,marvin
Boehm,COBYLA,2,138.22322989854754,marvin
Boehm,COBYLA,8,138.22347002832296,marvin
Boehm,ipopt,7,138.22197080411132,marvin
Boehm,BFGS,6,138.2230894752599,marvin
Boehm,BFGS,2,138.22290010140603,marvin
Blasi,tnc,9,-1090.5617766036207,marvin
Boehm,ipopt,3,138.2219703943898,marvin
Boehm,ipopt,9,138.22197082536508,marvin
Boehm,Nelder-Mead,2,138.22197343574567,marvin
Boehm,nlopt_15,1,138.24911278202964,marvin
Boehm,dogleg,1,138.40964032658664,marvin
Boehm,cg,10,138.22201172586102,marvin
Boehm,ipopt,6,138.22197096800792,marvin
Boehm,dogleg,7,138.30840453082703,marvin
Boehm,nlopt_15,5,138.24394730965764,marvin
Boehm,nlopt_15,3,138.24598683660082,marvin
Boehm,COBYLA,3,138.22247062113522,marvin
Boehm,nlopt_15,7,138.23955066092694,marvin
Boehm,nlopt_16,2,138.22197686532445,marvin
Boehm,dogleg,10,138.35406721386664,marvin
Boehm,nlopt_15,10,138.25780883190205,marvin
Boehm,nlopt_15,9,138.25240563342126,marvin
Boehm,dogleg,8,138.36406769477117,marvin
Boehm,BFGS,3,138.22302308941985,marvin
Boehm,nlopt_15,6,138.26878969354794,marvin
Boehm,nlopt_15,4,138.2778152146784,marvin
Boehm,BFGS,7,138.22242437271152,marvin
Boehm,nlopt_16,1,138.22211770186303,marvin
Boehm,dogleg,4,138.32791352519348,marvin
Boehm,nlopt_15,2,138.2719950090118,marvin
Boehm,nlopt_16,6,138.222116487862,marvin
Boehm,nlopt_16,7,138.22238913249882,marvin
Boehm,dogleg,3,138.34733106974886,marvin
Boehm,nlopt_18,2,138.22197418346664,marvin
Boehm,fides,5,138.22196955270894,marvin
Boehm,nlopt_18,1,138.22197431186197,marvin
Boehm,nlopt_16,5,138.22204813845988,marvin
Boehm,nlopt_16,3,138.22198231778134,marvin
Boehm,nlopt_15,8,138.28877197357218,marvin
Boehm,nlopt_16,8,138.22216317509222,marvin
Boehm,nlopt_16,9,138.22198889138886,marvin
Boehm,nlopt_18,6,138.22197402346825,marvin
Boehm,nlopt_18,7,138.22197418151742,marvin
Boehm,nlopt_18,3,138.2219721394779,marvin
Boehm,nlopt_18,8,138.2219740369664,marvin
Boehm,dogleg,9,138.29526782910355,marvin
Boehm,nlopt_16,10,138.2220152527891,marvin
Boehm,nlopt_18,5,138.22197474635195,marvin
Boehm,COBYLA,9,138.22350232665082,marvin
Boehm,dogleg,2,138.27802255100337,marvin
Boehm,nlopt_18,10,138.22197361270685,marvin
Boehm,COBYLA,7,138.22423426147566,marvin
Boehm,dogleg,6,138.39534979624858,marvin
Boehm,SLSQP,1,138.22197173611596,marvin
Boehm,nlopt_16,4,138.2219856272967,marvin
Boehm,nlopt_18,9,138.22197395022766,marvin
Boehm,nlopt_18,4,138.22197379070477,marvin
Boehm,COBYLA,6,138.22258441899876,marvin
Boehm,BFGS,4,138.22320832533154,marvin
Boehm,fides,9,138.2219698791863,marvin
Boehm,fides,2,138.2219697696542,marvin
Boehm,BFGS,8,138.2231824263375,marvin
Boehm,BFGS,5,138.2232063078245,marvin
Boehm,fides,3,138.22196931678448,marvin
Boehm,nlopt_12,6,138.22197866787965,marvin
Boehm,newton-cg,3,138.2220429138938,marvin
Boehm,nlopt_11,3,138.2219695085379,marvin
Boehm,SLSQP,6,138.22197047511222,marvin
Boehm,fides,7,138.2219695303055,marvin
Boehm,SLSQP,3,138.22197060559677,marvin
Boehm,fides,1,138.221969466127,marvin
Boehm,nlopt_11,9,138.2219695573476,marvin
Boehm,nlopt_12,1,138.22197888506244,marvin
Boehm,SLSQP,4,138.22197065298144,marvin
Boehm,newton-cg,1,138.22204063139333,marvin
Boehm,nlopt_12,9,138.2219782660449,marvin
Boehm,newton-cg,2,138.22200454119667,marvin
Boehm,nlopt_21,3,138.22197186521797,marvin
Boehm,newton-cg,7,138.2220291289892,marvin
Boehm,nlopt_11,1,138.2219693331234,marvin
Boehm,fides,4,138.22196966366948,marvin
Boehm,nlopt_12,8,138.2219758910448,marvin
Boehm,nlopt_12,4,138.22197925305264,marvin
Boehm,nlopt_21,10,138.2219729986961,marvin
Boehm,nlopt_21,4,138.221970080636,marvin
Boehm,nlopt_12,5,138.2219769329146,marvin
Boehm,BFGS,9,138.22296072598147,marvin
Boehm,nlopt_12,3,138.22197991552676,marvin
Boehm,nlopt_21,2,138.22197073522707,marvin
Boehm,nlopt_21,1,138.2219712532309,marvin
Boehm,nlopt_13,9,138.2219690686624,marvin
Boehm,SLSQP,5,138.22197062618105,marvin
Boehm,nlopt_11,6,138.22196945457043,marvin
Boehm,nlopt_21,9,138.22197217910556,marvin
Boehm,nlopt_12,10,138.2219768166123,marvin
Boehm,newton-cg,10,138.2220320579467,marvin
Boehm,SLSQP,9,138.2219705184965,marvin
Boehm,fides,6,138.22197000474392,marvin
Boehm,nlopt_13,5,138.22196936183434,marvin
Boehm,nlopt_23,8,138.22197476281275,marvin
Boehm,nlopt_14,10,138.22196901706772,marvin
Boehm,SLSQP,10,138.2219714657218,marvin
Boehm,nlopt_11,2,138.22196956120118,marvin
Boehm,nlopt_23,7,138.2219736475286,marvin
Boehm,nlopt_11,5,138.22196951640257,marvin
Boehm,newton-cg,5,138.22202341540466,marvin
Boehm,newton-cg,6,138.22202950093126,marvin
Boehm,fides,8,138.2219704047079,marvin
Boehm,nlopt_14,4,138.22196953094377,marvin
Boehm,nlopt_13,7,138.2219692875248,marvin
Boehm,nlopt_11,10,138.2219693376221,marvin
Boehm,nlopt_13,4,138.2219695376089,marvin
Boehm,nlopt_21,5,138.22197141934663,marvin
Boehm,newton-cg,4,138.22206621216648,marvin
Boehm,nlopt_14,9,138.22196923612285,marvin
Boehm,nlopt_23,1,138.22197419337323,marvin
Boehm,nlopt_13,1,138.2219692579152,marvin
Boehm,nlopt_13,3,138.2219693434017,marvin
Boehm,nlopt_14,1,138.22196937302644,marvin
Boehm,nlopt_21,7,138.22197049179312,marvin
Boehm,nlopt_14,5,138.2219681969045,marvin
Boehm,fides,10,138.2219696866321,marvin
Boehm,newton-cg,8,138.22205204893328,marvin
Boehm,nlopt_13,2,138.22196904529514,marvin
Boehm,nlopt_23,4,138.22197270147637,marvin
Boehm,nlopt_23,9,138.22197411985178,marvin
Boehm,SLSQP,2,138.2219695731167,marvin
Boehm,nlopt_26,6,138.2220887268104,marvin
Boehm,SLSQP,7,138.221970373292,marvin
Boehm,nlopt_14,7,138.22196934287538,marvin
Boehm,nlopt_23,2,138.2219738956241,marvin
Boehm,pysacess,1,138.2219732810462,marvin
Boehm,nlopt_12,2,138.2219774371563,marvin
Boehm,nlopt_21,6,138.2219699517304,marvin
Boehm,pysacess,10,138.22197309262708,marvin
Boehm,nlopt_11,4,138.22196945925046,marvin
Boehm,nlopt_11,7,138.2219694767554,marvin
Boehm,nlopt_23,3,138.22197471707256,marvin
Boehm,nlopt_13,6,138.22196925686902,marvin
Boehm,nlopt_14,2,138.22196899335648,marvin
Boehm,pysacess,4,138.22197354698704,marvin
Boehm,nlopt_26,4,138.22205302861073,marvin
Boehm,nlopt_14,8,138.22196934697445,marvin
Boehm,nlopt_13,8,138.22196939446513,marvin
Boehm,nlopt_21,8,138.22196986184616,marvin
Boehm,pysacess,2,138.22197334883182,marvin
Boehm,pysacess_cmaes,2,138.22197081552778,marvin
Boehm,pysacess,6,138.22197343412097,marvin
Boehm,nlopt_12,7,138.22197735872487,marvin
Boehm,nlopt_23,5,138.22197400918094,marvin
Boehm,nlopt_14,6,138.2219692431765,marvin
Boehm,newton-cg,9,138.22203670850072,marvin
Boehm,pysacess_cmaes,4,138.22197095569908,marvin
Boehm,pysacess,8,138.22197319799525,marvin
Boehm,pysacess_fides,2,138.22196991765946,marvin
Boehm,nlopt_26,2,138.222053399457,marvin
Boehm,pysacess,7,138.22197394248658,marvin
Boehm,nlopt_23,6,138.22197428684896,marvin
Boehm,pysacess_cmaes,5,138.2219708834428,marvin
Boehm,nlopt_23,10,138.22197378593353,marvin
Boehm,pysacess_cmaes,10,138.2219703772589,marvin
Boehm,pysacess_fides,1,138.22197065339006,marvin
Boehm,pysacess,5,138.2219733577733,marvin
Boehm,pysacess_cmaes,8,138.22197063935718,marvin
Boehm,pysacess_cmaes,3,138.2219706964848,marvin
Boehm,pysacess_fides,9,138.22197005922143,marvin
Boehm,pysacess_cmaes,1,138.22197120016955,marvin
Boehm,pysacess_cmaes,9,138.22197091435166,marvin
Boehm,pysacess,3,138.22197217340658,marvin
Boehm,pysacess_fides,7,138.2219704281076,marvin
Boehm,pysacess_ipopt,10,138.22197119095821,marvin
Boehm,pysacess_cmaes,7,138.2219711087328,marvin
Boehm,pysacess_fides,3,138.2219718678495,marvin
Boehm,pysacess_fides,10,138.22197100551136,marvin
Boehm,pysacess_ipopt,1,138.22197192124506,marvin
Boehm,pysacess_fides,4,138.22197010332192,marvin
Boehm,pysacess_fides,5,138.22197108959355,marvin
Boehm,nlopt_26,5,138.2220618696284,marvin
Boehm,pysacess_ipopt,4,138.22197143014287,marvin
Boehm,pysacess_ipopt,6,138.22197153038323,marvin
Boehm,pysacess_fides,6,138.22196974413689,marvin
Boehm,pysacess_ipopt,9,138.22197108031472,marvin
Boehm,pysacess_ipopt,7,138.2219711009209,marvin
Boehm,pysacess,9,138.22197362144078,marvin
Boehm,pysacess_ipopt,5,138.22197191040985,marvin
Boehm,pysacess_ipopt,3,138.22197160991396,marvin
Boehm,nlopt_26,1,138.22209933399017,marvin
Boehm,pysacess_cmaes,6,138.22197115599792,marvin
Boehm,nlopt_29,1,138.22197106655588,marvin
Boehm,pysacess_ipopt,8,138.2219707010681,marvin
Boehm,pysacess_fides,8,138.22197226856647,marvin
Boehm,nlopt_11,8,138.22196924941642,marvin
Boehm,pysacess_ipopt,2,138.22197109095575,marvin
Boehm,sacess,2,138.2219721411602,marvin
Boehm,sacess,6,138.22197337861965,marvin
Boehm,sacess,9,138.22197328979058,marvin
Boehm,sacess_dhc,2,138.2219717495547,marvin
Boehm,sacess,10,138.22197312612803,marvin
Boehm,sacess,4,138.22197266800225,marvin
Boehm,sacess_dhc,4,138.22197145110212,marvin
Boehm,sacess_dhc,1,138.2219717964341,marvin
Boehm,sacess,5,138.22197301200575,marvin
Boehm,sacess_dhc,9,138.22197146094544,marvin
Boehm,nlopt_14,3,138.22196958289106,marvin
Boehm,sacess,8,138.2219728352239,marvin
Boehm,sacess,3,138.22197289952948,marvin
Boehm,sacess,1,138.22197313470213,marvin
Boehm,sacess_dhc,10,138.22197162016343,marvin
Boehm,nlopt_26,3,138.22201173347773,marvin
Boehm,sacess,7,138.22197337213137,marvin
Boehm,sacess_ipopt,3,138.221972464164,marvin
Boehm,sacess_dhc,6,138.22197166555227,marvin
Boehm,nlopt_13,10,138.22196967123196,marvin
Boehm,sacess_dhc,3,138.22197203379977,marvin
Boehm,sacess_dhc,8,138.22197171300388,marvin
Boehm,sacess_ipopt,8,138.22197199112827,marvin
Boehm,sacess_ipopt,5,138.22197219348715,marvin
Boehm,sacess_ipopt,7,138.22197209066627,marvin
Boehm,sacess_dhc,5,138.22197133108207,marvin
Boehm,sacess_ipopt,2,138.2219724558437,marvin
Boehm,sacess_ipopt,6,138.22197168681404,marvin
Boehm,sacess_ipopt,4,138.22197205867536,marvin
Boehm,sacess_ipopt,1,138.22197242826275,marvin
Boehm,sacess_dhc,7,138.2219715130136,marvin
Boehm,nlopt_26,8,138.2222008649631,marvin
Boehm,nlopt_26,10,138.22208762091446,marvin
Boehm,nlopt_29,3,138.22197143884824,marvin
Boehm,sacess_ipopt,10,138.2219723783223,marvin
Boehm,nlopt_29,8,138.2219708701726,marvin
Boehm,nlopt_29,2,138.22197157259447,marvin
Boehm,nlopt_26,7,138.22202870077984,marvin
Boehm,nlopt_34,4,138.22197298049113,marvin
Boehm,nlopt_29,6,138.22197097586107,marvin
Boehm,sacess_ipopt,9,138.22197189041196,marvin
Boehm,nlopt_29,7,138.22197082069596,marvin
Boehm,nlopt_29,9,138.22197147515882,marvin
Boehm,nlopt_34,9,138.22197305368016,marvin
Boehm,SLSQP,8,138.22197244887795,marvin
Boehm,nlopt_29,4,138.22197116946518,marvin
Boehm,nlopt_28,6,138.22197194446048,marvin
Boehm,nlopt_34,7,138.22197297981702,marvin
Boehm,nlopt_39,1,138.22197250472266,marvin
Boehm,nlopt_34,10,138.2219735273498,marvin
Boehm,nlopt_34,1,138.22197324075447,marvin
Boehm,nlopt_34,6,138.2219731318124,marvin
Boehm,nlopt_29,10,138.22197105780594,marvin
Boehm,nlopt_34,8,138.22197347800554,marvin
Boehm,nlopt_39,5,138.2219750962763,marvin
Boehm,nlopt_34,2,138.22197326562886,marvin
Boehm,nlopt_26,9,138.2220347872332,marvin
Boehm,nlopt_39,7,138.22197422668708,marvin
Boehm,nlopt_28,5,138.22197140236258,marvin
Boehm,nlopt_28,4,138.22197198263936,marvin
Boehm,nlopt_39,6,138.22197479448954,marvin
Boehm,nlopt_39,4,138.22197398875628,marvin
Boehm,nlopt_28,8,138.2219720896783,marvin
Boehm,nlopt_39,2,138.2219718942699,marvin
Boehm,nlopt_28,9,138.22197189374742,marvin
Boehm,nlopt_28,7,138.2219709942224,marvin
Boehm,nlopt_34,5,138.22197346697192,marvin
Boehm,nlopt_28,1,138.22197166593833,marvin
Boehm,pyswarm,4,138.3480940715841,marvin
Boehm,nlopt_39,9,138.221973614044,marvin
Boehm,pyswarm,2,138.24295656036188,marvin
Boehm,trust-krylov,9,138.22201157361494,marvin
Boehm,nlopt_39,8,138.2219740440111,marvin
Boehm,nlopt_28,3,138.22197237669184,marvin
Boehm,pyswarm,10,138.23087985261247,marvin
Boehm,nlopt_28,10,138.22197184566733,marvin
Boehm,pyswarm,1,138.27112040780656,marvin
Boehm,nlopt_39,3,138.22197416406095,marvin
Boehm,trust-ncg,1,138.22200345669563,marvin
Boehm,pyswarm,3,138.23919856261347,marvin
Boehm,nlopt_39,10,138.22197440727098,marvin
Boehm,nlopt_29,5,138.22197159563254,marvin
Boehm,nlopt_28,2,138.22197177364706,marvin
Boehm,nlopt_36,8,138.22196940819745,marvin
Boehm,pyswarm,8,138.22255147925125,marvin
Boehm,trust-ncg,5,138.22199151011182,marvin
Boehm,trust-ncg,10,138.22201541521036,marvin
Boehm,nlopt_36,3,138.22196949763705,marvin
Boehm,nlopt_34,3,138.22197165460437,marvin
Boehm,pyswarm,9,138.32100346134868,marvin
Boehm,trust-krylov,2,138.22200904459672,marvin
Boehm,trust-ncg,3,138.22200285380188,marvin
Boehm,pyswarm,6,138.24683348263105,marvin
Boehm,trust-ncg,7,138.2219935039979,marvin
Boehm,trust-ncg,9,138.22199072664023,marvin
Boehm,trust-ncg,6,138.22200457740107,marvin
Boehm,trust-krylov,3,138.2220086452684,marvin
Boehm,trust-ncg,2,138.22200940319127,marvin
Boehm,nlopt_37,2,138.2219688011938,marvin
Boehm,nlopt_36,1,138.22196952249786,marvin
Boehm,pyswarm,5,138.22714561989613,marvin
Boehm,nlopt_37,1,138.22196947869855,marvin
Boehm,nlopt_37,4,138.22196951050663,marvin
Boehm,nlopt_37,9,138.2219696667118,marvin
Boehm,nlopt_36,2,138.22196922419712,marvin
Boehm,trust-krylov,5,138.22201493004522,marvin
Boehm,trust-ncg,8,138.22200302617415,marvin
Boehm,trust-krylov,6,138.22200493065787,marvin
Boehm,nlopt_36,5,138.2219696233608,marvin
Boehm,nlopt_37,6,138.22196927732008,marvin
Boehm,nlopt_36,4,138.22196980341678,marvin
Boehm,trust-krylov,4,138.22200934532904,marvin
Boehm,trust-krylov,1,138.2220108652706,marvin
Boehm,trust-krylov,8,138.22200466700184,marvin
Boehm,trust-ncg,4,138.22200399290838,marvin
Borghans,cmaes,1,-123.45310523058335,marvin
Boehm,nlopt_36,6,138.22196916052727,marvin
Boehm,nlopt_37,3,138.22196971180816,marvin
Boehm,nlopt_37,5,138.22196948269013,marvin
Borghans,cmaes,2,-101.13886342833656,marvin
Borghans,cmaes,3,-116.68143174910333,marvin
Borghans,cmaes,7,-102.03215897087752,marvin
Boehm,pyswarm,7,138.22445440992462,marvin
Boehm,nlopt_37,7,138.2219695406434,marvin
Borghans,cmaes,6,-113.30295198923872,marvin
Borghans,cmaes,5,-116.61398455600846,marvin
Boehm,trust-krylov,7,138.22201828814323,marvin
Boehm,nlopt_36,10,138.22196954547152,marvin
Boehm,nlopt_37,10,138.22196958829966,marvin
Borghans,cmaes,10,-132.00847649739424,marvin
Borghans,cmaes,4,-127.22738494823749,marvin
Borghans,cmaes,9,-130.61921779319462,marvin
Boehm,trust-krylov,10,138.22201214184798,marvin
Boehm,nlopt_37,8,138.2219692983778,marvin
Borghans,cmaes,8,-110.81642850571833,marvin
Borghans,Nelder-Mead,2,-64.28742643420131,marvin
Boehm,nlopt_36,7,138.22196961088525,marvin
Boehm,nlopt_36,9,138.2219692712402,marvin
Borghans,Nelder-Mead,3,-72.99827048298042,marvin
Borghans,Nelder-Mead,4,-86.51104509183045,marvin
Borghans,Nelder-Mead,5,-66.25422453455984,marvin
Borghans,ipopt,2,-91.61953862594073,marvin
Borghans,BFGS,9,-58.31305913797227,marvin
Borghans,Nelder-Mead,6,-82.88352844673925,marvin
Borghans,Nelder-Mead,1,-61.37874684502995,marvin
Borghans,Nelder-Mead,8,-61.88009803363489,marvin
Borghans,Nelder-Mead,10,-68.45967374030286,marvin
Borghans,ipopt,3,-98.41610867549237,marvin
Borghans,Nelder-Mead,9,-61.48219361643843,marvin
Borghans,ipopt,4,-92.07046386797565,marvin
Borghans,ipopt,5,-94.28817841666404,marvin
Boehm,tnc,3,138.22494495421296,marvin
Borghans,cg,1,-76.77250810211437,marvin
Borghans,BFGS,7,-58.76600337591367,marvin
Boehm,tnc,5,138.23084260106577,marvin
Boehm,tnc,8,138.2252332278369,marvin
Borghans,ipopt,6,-96.16515327931474,marvin
Borghans,ipopt,8,-79.13261133520977,marvin
Borghans,L-BFGS-B,1,-83.9126014087383,marvin
Borghans,ipopt,1,-89.60346875368144,marvin
Borghans,BFGS,10,-58.66225799487896,marvin
Borghans,BFGS,8,-58.14725167191008,marvin
Boehm,tnc,7,138.22639728791586,marvin
Borghans,L-BFGS-B,4,-84.22785673465663,marvin
Boehm,tnc,4,138.22356260966555,marvin
Borghans,cg,10,-76.29119604212096,marvin
Borghans,L-BFGS-B,8,-94.57341980549994,marvin
Borghans,ipopt,7,-87.21415929438068,marvin
Borghans,BFGS,5,-60.08895214550506,marvin
Borghans,ipopt,10,-95.52876150781411,marvin
Boehm,tnc,9,138.2249485325836,marvin
Borghans,BFGS,3,-58.87640774014221,marvin
Borghans,L-BFGS-B,7,-93.2088142744499,marvin
Borghans,cg,5,-62.04478036512719,marvin
Borghans,cg,4,-59.43251719248259,marvin
Borghans,cg,6,-61.483772832532416,marvin
Borghans,Nelder-Mead,7,-63.020177884745934,marvin
Boehm,tnc,2,138.22332776625444,marvin
Borghans,ipopt,9,-89.8413328829443,marvin
Borghans,BFGS,6,-61.81480698040253,marvin
Borghans,L-BFGS-B,5,-86.4833204521291,marvin
Borghans,cg,8,-62.28200753023463,marvin
Borghans,cg,2,-61.54845886794113,marvin
Borghans,BFGS,1,-58.75725279407567,marvin
Borghans,cg,9,-62.88819226989774,marvin
Boehm,tnc,1,138.23626754775472,marvin
Borghans,BFGS,2,-60.42982037160939,marvin
Borghans,cg,7,-61.819532887399816,marvin
Boehm,tnc,10,138.22895912674826,marvin
Borghans,L-BFGS-B,3,-89.09687851957901,marvin
Borghans,BFGS,4,-60.79501802610761,marvin
Borghans,fides,1,-108.41974096045706,marvin
Borghans,L-BFGS-B,6,-81.19800681637888,marvin
Borghans,fides,9,-103.70629900251402,marvin
Borghans,fides,2,-129.1467165967017,marvin
Boehm,tnc,6,138.22347634439078,marvin
Borghans,cg,3,-61.66291921425374,marvin
Borghans,L-BFGS-B,10,-64.38616717834321,marvin
Borghans,L-BFGS-B,9,-87.9919227765016,marvin
Borghans,fides,7,-121.13439266614553,marvin
Borghans,nlopt_15,7,-63.57388850347528,marvin
Borghans,fides,4,-101.38555593645304,marvin
Borghans,fides,10,-101.27747704263443,marvin
Borghans,nlopt_15,1,-63.253330363002995,marvin
Borghans,fides,3,-101.03249343323772,marvin
Borghans,fides,6,-100.67424874153325,marvin
Borghans,fides,5,-100.75318138868356,marvin
Borghans,nlopt_12,3,-89.7287042107901,marvin
Borghans,nlopt_15,9,-64.45567831776589,marvin
Borghans,nlopt_15,3,-63.14133834480315,marvin
Borghans,nlopt_15,2,-60.461505788467896,marvin
Borghans,nlopt_15,6,-62.517036100575524,marvin
Borghans,nlopt_15,8,-63.34084936146107,marvin
Borghans,COBYLA,8,-59.44209862340782,marvin
Borghans,COBYLA,3,-56.961281262099675,marvin
Borghans,nlopt_15,5,-58.988225429239186,marvin
Borghans,nlopt_12,8,-80.09936064724293,marvin
Borghans,COBYLA,4,-58.28651453426226,marvin
Borghans,nlopt_15,10,-63.504152187338484,marvin
Borghans,nlopt_18,5,-63.373869300717246,marvin
Borghans,nlopt_15,4,-62.83203606116393,marvin
Borghans,nlopt_18,2,-54.37156915593688,marvin
Borghans,nlopt_16,4,-63.125660623377776,marvin
Borghans,nlopt_12,6,-70.59038678752027,marvin
Borghans,nlopt_12,5,-86.33947297101004,marvin
Borghans,nlopt_16,5,-64.43058026380176,marvin
Borghans,nlopt_12,2,-63.124756153793214,marvin
Borghans,nlopt_12,7,-63.67500427745873,marvin
Borghans,nlopt_16,3,-63.14793758217426,marvin
Borghans,nlopt_18,8,-60.832818872862525,marvin
Borghans,nlopt_18,4,-54.30652000669642,marvin
Borghans,nlopt_16,1,-68.09668123240911,marvin
Borghans,nlopt_18,6,-63.725729281064254,marvin
Borghans,nlopt_16,6,-86.25362711539171,marvin
Borghans,nlopt_11,3,-81.608357379897,marvin
Borghans,nlopt_16,7,-67.55029228821172,marvin
Borghans,nlopt_18,1,-54.30652050731304,marvin
Borghans,nlopt_16,2,-71.8111312775899,marvin
Borghans,nlopt_18,9,-62.317328963625435,marvin
Borghans,nlopt_16,9,-65.4055729190093,marvin
Borghans,nlopt_18,10,-60.55055224626374,marvin
Borghans,nlopt_18,7,-54.30652018790515,marvin
Borghans,nlopt_11,10,-99.74240222714751,marvin
Borghans,nlopt_18,3,-63.12637280333457,marvin
Borghans,nlopt_11,5,-87.27757226102007,marvin
Borghans,nlopt_13,5,-87.39960452653055,marvin
Borghans,nlopt_13,2,-92.41486577887851,marvin
Borghans,nlopt_11,1,-85.16487669831552,marvin
Borghans,L-BFGS-B,2,-83.9425156542934,marvin
Borghans,COBYLA,1,-58.12988892694269,marvin
Borghans,nlopt_13,6,-90.50365454414317,marvin
Borghans,nlopt_16,8,-63.1412950355142,marvin
Borghans,COBYLA,2,-58.59710789219159,marvin
Borghans,COBYLA,9,-59.83196879214906,marvin
Borghans,nlopt_16,10,-60.23764057377382,marvin
Borghans,nlopt_11,9,-90.09353376314712,marvin
Borghans,SLSQP,6,-93.1416455759945,marvin
Borghans,nlopt_14,1,-99.05645094908014,marvin
Borghans,nlopt_11,7,-80.63166934526865,marvin
Borghans,COBYLA,10,-58.00029337791624,marvin
Borghans,nlopt_14,2,-88.84791103266743,marvin
Borghans,nlopt_12,10,-64.06993339621067,marvin
Borghans,nlopt_14,4,-98.91053794609834,marvin
Borghans,nlopt_13,1,-97.35658990718856,marvin
Borghans,nlopt_11,2,-66.52339912011774,marvin
Borghans,nlopt_12,9,-63.77738249901856,marvin
Borghans,nlopt_11,6,-70.83694612770901,marvin
Borghans,nlopt_12,1,-65.45156703383947,marvin
Borghans,COBYLA,5,-78.41355274938988,marvin
Borghans,nlopt_13,7,-93.23916023850633,marvin
Borghans,nlopt_11,4,-67.45198648829907,marvin
Borghans,fides,8,-101.23340329307358,marvin
Borghans,nlopt_21,1,-82.51995358258338,marvin
Borghans,nlopt_14,3,-86.79100091472601,marvin
Borghans,nlopt_21,4,-90.47627152231402,marvin
Borghans,nlopt_13,10,-88.34693360122311,marvin
Borghans,nlopt_12,4,-62.14551063562999,marvin
Borghans,nlopt_13,9,-88.36148750797436,marvin
Borghans,nlopt_21,5,-73.54591127039737,marvin
Borghans,nlopt_26,3,-56.19740814690201,marvin
Borghans,nlopt_21,7,-83.5161989885871,marvin
Borghans,nlopt_34,1,-54.37748014140549,marvin
Borghans,nlopt_34,4,-54.36946051379191,marvin
Borghans,SLSQP,3,-89.11436505060485,marvin
Borghans,nlopt_21,3,-83.21762111258,marvin
Borghans,nlopt_34,3,-53.071399874690734,marvin
Borghans,nlopt_34,6,-53.07225818295921,marvin
Borghans,nlopt_34,2,-54.30605257944587,marvin
Borghans,nlopt_13,3,-91.94733937312427,marvin
Borghans,nlopt_14,5,-82.27790635771025,marvin
Borghans,nlopt_29,4,-63.301826170138064,marvin
Borghans,nlopt_23,10,-64.38551947111928,marvin
Borghans,nlopt_34,7,-59.25703530502106,marvin
Borghans,nlopt_21,9,-85.25441524337089,marvin
Borghans,nlopt_13,8,-69.27082381527111,marvin
Borghans,nlopt_34,8,-54.30585130196805,marvin
Borghans,nlopt_11,8,-88.3054376604866,marvin
Borghans,nlopt_21,2,-87.97343576544128,marvin
Borghans,dogleg,4,-51.06706181599723,marvin
Borghans,nlopt_34,5,-54.375863834125504,marvin
Borghans,nlopt_14,8,-97.0219397664489,marvin
Borghans,nlopt_34,10,-53.068567462509094,marvin
Borghans,nlopt_29,1,-64.0155775986277,marvin
Borghans,SLSQP,7,-91.50794692491348,marvin
Borghans,SLSQP,2,-90.59150540899661,marvin
Borghans,nlopt_29,2,-72.10122932691897,marvin
Borghans,nlopt_29,6,-68.99706005718413,marvin
Borghans,nlopt_21,10,-69.34354339573245,marvin
Borghans,nlopt_21,8,-83.78955785762534,marvin
Borghans,SLSQP,5,-96.85749351816868,marvin
Borghans,nlopt_14,6,-66.89588814530325,marvin
Borghans,nlopt_21,6,-96.76981403130172,marvin
Borghans,nlopt_26,5,-54.38531056341573,marvin
Borghans,SLSQP,4,-105.80623592984996,marvin
Borghans,SLSQP,1,-93.11200930593255,marvin
Borghans,nlopt_26,1,-61.1287425570406,marvin
Borghans,nlopt_23,9,-63.11847410072141,marvin
Borghans,nlopt_34,9,-60.80467090975839,marvin
Borghans,dogleg,2,-50.889005514967046,marvin
Borghans,nlopt_26,2,-56.101002741240734,marvin
Borghans,nlopt_29,3,-68.90629473474448,marvin
Borghans,nlopt_26,8,-54.37965847198316,marvin
Borghans,nlopt_29,10,-80.0781649434032,marvin
Borghans,nlopt_29,7,-63.35734981636743,marvin
Borghans,nlopt_23,1,-85.2003466232857,marvin
Borghans,pysacess,3,-92.28258973136013,marvin
Borghans,pysacess_cmaes,3,-97.95353080156876,marvin
Borghans,nlopt_23,6,-82.6691284278653,marvin
Borghans,pysacess,2,-93.60747688802311,marvin
Borghans,pysacess,1,-91.22240182934443,marvin
Borghans,pysacess,6,-92.83283579267199,marvin
Borghans,nlopt_23,7,-63.741214361871464,marvin
Borghans,pysacess,7,-92.66578760559712,marvin
Borghans,nlopt_23,3,-81.42050668982428,marvin
Borghans,nlopt_13,4,-76.3259869264549,marvin
Borghans,nlopt_29,5,-70.4355435992391,marvin
Borghans,dogleg,8,-49.62210528893664,marvin
Borghans,pysacess,8,-102.92996536554504,marvin
Borghans,pysacess,5,-93.2143302089231,marvin
Borghans,nlopt_23,8,-85.26247737594976,marvin
Borghans,pysacess,4,-92.36408597590629,marvin
Borghans,nlopt_29,8,-71.45750740219974,marvin
Borghans,COBYLA,7,-84.30943715896996,marvin
Borghans,nlopt_26,9,-62.199036480152344,marvin
Borghans,nlopt_23,5,-64.36877172511618,marvin
Borghans,nlopt_23,2,-63.727260824601906,marvin
Borghans,pysacess,10,-93.80228475606641,marvin
Borghans,nlopt_26,6,-59.337723787331335,marvin
Borghans,pysacess_cmaes,2,-121.01857324260494,marvin
Borghans,pysacess,9,-91.28767419604418,marvin
Borghans,COBYLA,6,-60.58178254789558,marvin
Borghans,pysacess_cmaes,1,-104.66135596439665,marvin
Borghans,pysacess_cmaes,10,-99.67920195619973,marvin
Borghans,pysacess_cmaes,6,-100.99371692739908,marvin
Borghans,nlopt_23,4,-62.34732546398079,marvin
Borghans,nlopt_26,4,-70.54048501061058,marvin
Borghans,nlopt_14,7,-66.63591503811294,marvin
Borghans,pysacess_fides,8,-124.79150321393637,marvin
Borghans,nlopt_29,9,-107.5013816159642,marvin
Borghans,pysacess_fides,5,-115.72045269051688,marvin
Borghans,newton-cg,1,-81.16489304141615,marvin
Borghans,pysacess_cmaes,8,-107.98553097760565,marvin
Borghans,pysacess_cmaes,7,-119.27307348009627,marvin
Borghans,pysacess_fides,7,-112.89781858799462,marvin
Borghans,pysacess_cmaes,4,-116.12873628084317,marvin
Borghans,pysacess_cmaes,5,-117.83606577382633,marvin
Borghans,pysacess_fides,10,-126.75191649515347,marvin
Borghans,pysacess_ipopt,2,-98.67515636535369,marvin
Borghans,pysacess_ipopt,9,-97.55451282873885,marvin
Borghans,pysacess_fides,4,-100.46878857217064,marvin
Borghans,pysacess_ipopt,5,-105.43941196091853,marvin
Borghans,nlopt_26,7,-54.37371407778897,marvin
Borghans,pysacess_ipopt,3,-98.47144713813901,marvin
Borghans,pysacess_cmaes,9,-103.74742886354542,marvin
Borghans,pysacess_fides,2,-110.00923085413987,marvin
Borghans,pysacess_fides,3,-130.49976170163325,marvin
Borghans,sacess,3,-108.94775399274116,marvin
Borghans,pysacess_fides,9,-121.11325862048209,marvin
Borghans,pysacess_ipopt,8,-98.08329965481813,marvin
Borghans,pysacess_ipopt,7,-96.91172370085117,marvin
Borghans,sacess,6,-95.35497282146963,marvin
Borghans,pysacess_fides,1,-102.112094466693,marvin
Borghans,pysacess_ipopt,6,-119.77647299225131,marvin
Borghans,pysacess_ipopt,1,-95.57591797953718,marvin
Borghans,sacess_dhc,1,-108.4479343590834,marvin
Borghans,sacess_dhc,6,-110.78848585912932,marvin
Borghans,nlopt_14,10,-97.1119377834768,marvin
Borghans,sacess,1,-94.44361807133224,marvin
Borghans,sacess_dhc,10,-114.95792599637215,marvin
Borghans,pysacess_ipopt,4,-97.04443405199108,marvin
Borghans,nlopt_28,3,-80.32074269508784,marvin
Borghans,sacess,5,-93.3511322160594,marvin
Borghans,nlopt_26,10,-59.2520898672006,marvin
Borghans,nlopt_14,9,-82.7201956231279,marvin
Borghans,pysacess_fides,6,-120.8325868089742,marvin
Borghans,nlopt_28,10,-68.85888508596385,marvin
Borghans,sacess,10,-92.37326075341635,marvin
Borghans,sacess_dhc,3,-109.45845824893524,marvin
Borghans,sacess,7,-96.69441591513176,marvin
Borghans,sacess_dhc,4,-107.389688554253,marvin
Borghans,sacess_dhc,5,-102.90554347275913,marvin
Borghans,sacess_dhc,2,-110.08486398423588,marvin
Borghans,sacess_ipopt,3,-97.17445705318113,marvin
Borghans,sacess_ipopt,6,-97.15062637203432,marvin
Borghans,sacess_ipopt,5,-105.75510661043835,marvin
Borghans,sacess_ipopt,1,-98.38734116509733,marvin
Borghans,sacess,4,-96.92576033919616,marvin
Borghans,nlopt_28,8,-85.02653068048399,marvin
Borghans,sacess,8,-87.9569113150959,marvin
Borghans,sacess,9,-102.20069498086566,marvin
Borghans,sacess_ipopt,7,-98.89207492922138,marvin
Borghans,sacess,2,-92.9610323197355,marvin
Borghans,sacess_dhc,8,-97.8876123684992,marvin
Borghans,pysacess_ipopt,10,-117.12159275799172,marvin
Borghans,sacess_ipopt,10,-97.80713899151321,marvin
Borghans,sacess_dhc,9,-103.31220596995328,marvin
Borghans,newton-cg,6,-62.9803123500583,marvin
Borghans,sacess_ipopt,2,-106.16104873655875,marvin
Borghans,nlopt_28,5,-67.23547175686429,marvin
Borghans,nlopt_28,2,-81.70064990096279,marvin
Borghans,sacess_ipopt,4,-98.62746765105263,marvin
Borghans,sacess_ipopt,8,-100.72217637939936,marvin
Borghans,SLSQP,10,-93.88648022790233,marvin
Borghans,nlopt_28,4,-87.74687439156887,marvin
Borghans,SLSQP,8,-97.29620338826132,marvin
Borghans,sacess_ipopt,9,-97.7201036349809,marvin
Borghans,nlopt_39,10,-85.9533050537418,marvin
Borghans,nlopt_39,4,-63.65883210157778,marvin
Borghans,nlopt_39,3,-62.610283216765616,marvin
Borghans,nlopt_28,7,-83.02136176586725,marvin
Borghans,newton-cg,5,-84.90052527279404,marvin
Borghans,dogleg,6,-51.078670585516356,marvin
Borghans,nlopt_39,9,-62.58011512999609,marvin
Borghans,dogleg,5,-51.15675468129344,marvin
Borghans,sacess_dhc,7,-102.44708772256504,marvin
Borghans,newton-cg,4,-81.04941104690458,marvin
Borghans,dogleg,10,-51.09988034509023,marvin
Borghans,nlopt_28,6,-89.14218765779148,marvin
Borghans,nlopt_39,1,-84.9798285701038,marvin
Borghans,nlopt_28,9,-79.98795693041814,marvin
Borghans,dogleg,9,-50.940182712976046,marvin
Borghans,nlopt_39,6,-90.64808889643518,marvin
Borghans,nlopt_39,7,-84.56867893345529,marvin
Borghans,nlopt_28,1,-84.9809257905388,marvin
Borghans,newton-cg,10,-63.83448214342836,marvin
Borghans,nlopt_39,5,-74.34959235212429,marvin
Borghans,dogleg,7,-50.73002681431777,marvin
Borghans,SLSQP,9,-105.5906136800341,marvin
Borghans,trust-ncg,7,-54.30649110889206,marvin
Borghans,pyswarm,1,-62.35997255503826,marvin
Borghans,nlopt_39,2,-84.62409653011862,marvin
Borghans,trust-ncg,4,-60.9135186073758,marvin
Borghans,trust-ncg,5,-54.30651931795074,marvin
Borghans,trust-ncg,8,-59.12852987147344,marvin
Borghans,nlopt_36,10,-86.21660815297648,marvin
Borghans,dogleg,3,-51.33342614885903,marvin
Borghans,nlopt_39,8,-63.6919670844327,marvin
Borghans,trust-ncg,9,-55.28172967485586,marvin
Borghans,trust-ncg,10,-56.05207142394828,marvin
Borghans,trust-ncg,1,-61.41206756819202,marvin
Borghans,dogleg,1,-51.0899492547236,marvin
Borghans,trust-ncg,6,-58.870365924218035,marvin
Borghans,nlopt_37,4,-81.83121444427962,marvin
Borghans,newton-cg,2,-82.69248861850168,marvin
Borghans,pyswarm,6,-59.500626021494774,marvin
Borghans,pyswarm,10,-61.04000994647992,marvin
Borghans,newton-cg,8,-80.02869116103527,marvin
Borghans,trust-ncg,2,-60.459765610358794,marvin
Borghans,trust-ncg,3,-54.30651312054465,marvin
Borghans,nlopt_36,5,-87.04737173504103,marvin
Borghans,pyswarm,9,-60.69007296663319,marvin
Borghans,nlopt_36,8,-85.91664155862419,marvin
Brannmark,Nelder-Mead,8,160.82586541366427,marvin
Borghans,pyswarm,2,-59.27060392276399,marvin
Brannmark,Nelder-Mead,5,157.81621493162197,marvin
Borghans,pyswarm,8,-61.60029482690306,marvin
Borghans,pyswarm,4,-58.769753692737346,marvin
Borghans,newton-cg,9,-63.821085481944266,marvin
Brannmark,COBYLA,1,162.17278829752937,marvin
Borghans,pyswarm,5,-58.832109860007336,marvin
Borghans,nlopt_37,8,-85.85868245397305,marvin
Borghans,nlopt_36,1,-92.47344253760208,marvin
Borghans,newton-cg,7,-61.98838791813175,marvin
Borghans,nlopt_36,4,-70.77073021170976,marvin
Brannmark,Nelder-Mead,1,154.9329173041973,marvin
Brannmark,Nelder-Mead,6,166.16389748278047,marvin
Brannmark,Nelder-Mead,2,160.723016571208,marvin
Brannmark,Nelder-Mead,4,173.08956772852753,marvin
Borghans,nlopt_37,3,-89.23327127012689,marvin
Borghans,newton-cg,3,-62.764008049941026,marvin
Brannmark,Nelder-Mead,10,171.4087553202882,marvin
Brannmark,Nelder-Mead,9,158.88145645348249,marvin
Borghans,nlopt_36,3,-74.33689366297524,marvin
Brannmark,cmaes,3,141.90585316897423,marvin
Borghans,trust-krylov,9,-62.16459817806621,marvin
Brannmark,cmaes,1,142.14526279522929,marvin
Brannmark,COBYLA,3,163.28614616719847,marvin
Borghans,pyswarm,3,-58.85397315824403,marvin
Borghans,nlopt_36,9,-97.3374434265315,marvin
Brannmark,cmaes,2,141.82518620239864,marvin
Brannmark,cmaes,5,141.82718732135578,marvin
Borghans,trust-krylov,3,-81.47376352628612,marvin
Borghans,pyswarm,7,-62.534271499164745,marvin
Brannmark,cmaes,4,141.88950693367337,marvin
Brannmark,Nelder-Mead,3,173.1586276729224,marvin
Borghans,nlopt_36,6,-87.46630940990113,marvin
Brannmark,cmaes,9,141.82488553419978,marvin
Brannmark,cmaes,7,141.88974252795555,marvin
Brannmark,cmaes,6,141.82740343463664,marvin
Brannmark,COBYLA,8,165.0795386809213,marvin
Brannmark,Nelder-Mead,7,170.50466068415767,marvin
Borghans,nlopt_37,2,-93.4122651416934,marvin
Brannmark,COBYLA,2,164.75125903894113,marvin
Borghans,trust-krylov,4,-62.33879564021642,marvin
Brannmark,cmaes,8,142.14844481871782,marvin
Borghans,trust-krylov,2,-62.57649782904787,marvin
Borghans,trust-krylov,5,-82.26200051616685,marvin
Borghans,nlopt_37,5,-98.5018855652163,marvin
Brannmark,COBYLA,9,159.80283940362176,marvin
Brannmark,COBYLA,6,165.7138015214299,marvin
Brannmark,cmaes,10,142.14628555366718,marvin
Borghans,nlopt_36,7,-86.73237949257742,marvin
Borghans,trust-krylov,8,-62.573617373210396,marvin
Brannmark,COBYLA,7,164.1382878838939,marvin
Borghans,nlopt_37,10,-87.81129293179943,marvin
Borghans,nlopt_37,6,-86.78062968927546,marvin
Borghans,trust-krylov,10,-61.72725179014042,marvin
Brannmark,COBYLA,5,171.5016547132035,marvin
Borghans,trust-krylov,6,-59.919321450052585,marvin
Borghans,trust-krylov,1,-61.22184764160314,marvin
Brannmark,COBYLA,10,171.0100228861251,marvin
Brannmark,COBYLA,4,167.28349520914836,marvin
Brannmark,cg,5,152.5565488806082,marvin
Borghans,nlopt_36,2,-87.47224132209877,marvin
Brannmark,BFGS,3,143.2187292642006,marvin
Brannmark,L-BFGS-B,10,141.89055960250295,marvin
Brannmark,BFGS,6,144.4278873486628,marvin
Borghans,nlopt_37,7,-75.39186881065064,marvin
Brannmark,L-BFGS-B,8,142.7276442365715,marvin
Brannmark,L-BFGS-B,6,142.72953166882883,marvin
Brannmark,cg,6,149.47274510500097,marvin
Brannmark,cg,2,149.4841269519741,marvin
Brannmark,cg,10,144.37328548768446,marvin
Brannmark,BFGS,10,144.09975064538023,marvin
Brannmark,newton-cg,4,170.94686677322312,marvin
Brannmark,L-BFGS-B,7,142.23269916886989,marvin
Brannmark,ipopt,6,143.82965319925594,marvin
Borghans,trust-krylov,7,-63.62892705495201,marvin
Borghans,nlopt_37,1,-83.81690557993825,marvin
Brannmark,cg,3,149.51319468067928,marvin
Borghans,tnc,3,-60.63940895054735,marvin
Borghans,nlopt_37,9,-81.06017251539953,marvin
Brannmark,ipopt,3,143.16636553938096,marvin
Brannmark,BFGS,8,144.80734754627275,marvin
Brannmark,newton-cg,2,187.81296344198523,marvin
Brannmark,ipopt,10,142.78221386212698,marvin
Brannmark,newton-cg,3,161.61140068529372,marvin
Brannmark,cg,4,145.15322451441446,marvin
Brannmark,L-BFGS-B,4,142.2276121417989,marvin
Brannmark,L-BFGS-B,2,143.16690003929514,marvin
Brannmark,fides,1,141.825638617934,marvin
Borghans,tnc,4,-77.3285173772012,marvin
Brannmark,L-BFGS-B,3,141.8988587204064,marvin
Borghans,tnc,10,-62.04110139702014,marvin
Brannmark,BFGS,7,142.70229534760472,marvin
Brannmark,newton-cg,1,165.69429758405684,marvin
Brannmark,fides,6,141.82507229625134,marvin
Brannmark,newton-cg,8,187.617047257248,marvin
Brannmark,ipopt,4,143.47425756305637,marvin
Borghans,tnc,8,-62.132688814316595,marvin
Brannmark,newton-cg,5,160.3177743561473,marvin
Brannmark,ipopt,2,143.6679854431265,marvin
Brannmark,nlopt_12,2,143.46038659394216,marvin
Brannmark,cg,7,150.58562939790832,marvin
Brannmark,nlopt_12,8,142.2240801099068,marvin
Brannmark,L-BFGS-B,1,143.365107994952,marvin
Brannmark,fides,3,141.82583760718416,marvin
Borghans,tnc,2,-60.90655250243929,marvin
Brannmark,ipopt,5,143.0854970286639,marvin
Brannmark,nlopt_12,5,143.847621327228,marvin
Brannmark,newton-cg,9,180.3413132191173,marvin
Brannmark,nlopt_15,4,158.5901354326271,marvin
Brannmark,newton-cg,6,177.28179385915766,marvin
Brannmark,BFGS,2,145.30612470699134,marvin
Brannmark,cg,9,149.09306244822415,marvin
Brannmark,newton-cg,7,147.76610087388656,marvin
Brannmark,L-BFGS-B,9,142.5927868424876,marvin
Brannmark,BFGS,9,143.21047545357854,marvin
Brannmark,nlopt_12,10,144.07401232513843,marvin
Brannmark,fides,7,141.82486272166082,marvin
Brannmark,fides,8,141.84082561294497,marvin
Brannmark,newton-cg,10,185.57964598573642,marvin
Brannmark,nlopt_12,4,142.40968585355984,marvin
Brannmark,nlopt_15,6,150.13143460903453,marvin
Brannmark,nlopt_12,9,144.2974414607093,marvin
Brannmark,nlopt_15,5,160.29295251603446,marvin
Brannmark,ipopt,7,142.68977203441727,marvin
Brannmark,BFGS,4,144.5280787861602,marvin
Brannmark,nlopt_12,3,144.84993972542162,marvin
Brannmark,fides,2,141.83058837484873,marvin
Brannmark,nlopt_13,3,143.43751765128803,marvin
Brannmark,BFGS,5,142.17521613017234,marvin
Brannmark,nlopt_13,6,143.55323644918644,marvin
Brannmark,ipopt,1,142.70585817447594,marvin
Brannmark,nlopt_13,4,142.27058660111567,marvin
Brannmark,nlopt_16,1,151.07423151581742,marvin
Brannmark,nlopt_16,4,149.49807611740573,marvin
Brannmark,nlopt_13,7,143.62984144697418,marvin
Brannmark,cg,8,150.81370305232832,marvin
Borghans,tnc,9,-79.8151031219942,marvin
Brannmark,nlopt_14,3,142.70177653221435,marvin
Brannmark,nlopt_12,6,143.85088853270219,marvin
Brannmark,nlopt_13,2,143.16520345957144,marvin
Brannmark,nlopt_18,2,142.73144857175203,marvin
Brannmark,nlopt_15,1,157.1374996777306,marvin
Brannmark,ipopt,8,143.32729627621038,marvin
Brannmark,nlopt_18,4,148.8413179862935,marvin
Brannmark,nlopt_16,9,149.50999355890747,marvin
Brannmark,nlopt_18,5,145.51919863186868,marvin
Brannmark,nlopt_16,7,150.04598709367943,marvin
Borghans,tnc,5,-71.84930227015933,marvin
Brannmark,nlopt_16,8,142.7027264445743,marvin
Brannmark,nlopt_15,7,150.65620477860048,marvin
Brannmark,nlopt_12,1,143.75116610615072,marvin
Brannmark,nlopt_16,2,170.9746960615712,marvin
Brannmark,nlopt_18,10,145.31759041815536,marvin
Brannmark,nlopt_13,10,143.29525439432416,marvin
Borghans,tnc,1,-60.63661061076139,marvin
Brannmark,nlopt_12,7,145.125343078991,marvin
Brannmark,cg,1,148.07352541309893,marvin
Brannmark,nlopt_21,7,142.98477447903318,marvin
Brannmark,fides,4,141.82608825674453,marvin
Brannmark,nlopt_21,4,142.218181774345,marvin
Brannmark,nlopt_15,3,166.87687630453422,marvin
Brannmark,nlopt_13,5,142.7273228819635,marvin
Brannmark,nlopt_18,1,143.61101146503626,marvin
Brannmark,nlopt_14,8,142.42767454176715,marvin
Brannmark,nlopt_14,9,143.17188467896173,marvin
Brannmark,nlopt_16,5,172.22665126339786,marvin
Brannmark,nlopt_13,8,141.904534964952,marvin
Brannmark,ipopt,9,142.71351587143684,marvin
Brannmark,nlopt_14,2,141.88924054461626,marvin
Brannmark,nlopt_21,3,142.7284498946202,marvin
Brannmark,nlopt_16,3,150.19785613449983,marvin
Brannmark,nlopt_23,9,149.14059721361866,marvin
Brannmark,nlopt_23,4,145.94327502942508,marvin
Borghans,tnc,7,-65.2283845106493,marvin
Brannmark,nlopt_15,10,173.7530314244224,marvin
Brannmark,nlopt_15,9,154.3780248724594,marvin
Brannmark,L-BFGS-B,5,142.73342363645904,marvin
Brannmark,BFGS,1,147.44718364011644,marvin
Brannmark,nlopt_18,8,149.30545253663203,marvin
Brannmark,nlopt_18,6,149.11269001200952,marvin
Brannmark,nlopt_23,8,144.42684106922493,marvin
Brannmark,nlopt_16,10,150.80559569651075,marvin
Brannmark,nlopt_14,6,142.83481956871793,marvin
Brannmark,fides,9,141.82671699589375,marvin
Brannmark,nlopt_23,2,149.14059721361866,marvin
Brannmark,fides,10,141.82500394182307,marvin
Brannmark,nlopt_13,1,142.1636365675778,marvin
Brannmark,nlopt_14,10,142.70422346951398,marvin
Brannmark,nlopt_18,7,149.49732281912816,marvin
Brannmark,nlopt_21,6,144.04117817275164,marvin
Brannmark,nlopt_18,9,146.15346051156678,marvin
Brannmark,nlopt_11,3,141.88926336845537,marvin
Brannmark,nlopt_18,3,142.36401688381505,marvin
Brannmark,nlopt_29,8,142.7485724606782,marvin
Brannmark,nlopt_29,7,144.77365791477104,marvin
Brannmark,nlopt_14,7,143.5466995934247,marvin
Brannmark,nlopt_23,10,145.04788210355593,marvin
Borghans,tnc,6,-67.84475137844365,marvin
Brannmark,nlopt_23,1,149.14059721361866,marvin
Brannmark,nlopt_16,6,152.56089474728313,marvin
Brannmark,nlopt_23,6,149.14059721361866,marvin
Brannmark,nlopt_21,2,143.30184185461218,marvin
Brannmark,nlopt_29,1,144.61595010507486,marvin
Brannmark,nlopt_26,2,145.27426381608925,marvin
Brannmark,nlopt_34,3,144.6314581593093,marvin
Brannmark,nlopt_23,7,142.58340228487128,marvin
Brannmark,nlopt_21,5,142.6853280586388,marvin
Brannmark,nlopt_14,4,142.26870441688754,marvin
Brannmark,nlopt_23,5,149.14059721361866,marvin
Brannmark,nlopt_34,5,150.5246384855747,marvin
Brannmark,nlopt_23,3,145.72881632437523,marvin
Brannmark,nlopt_11,7,141.89636343988647,marvin
Brannmark,nlopt_34,10,146.20717936245592,marvin
Brannmark,fides,5,141.82494458002105,marvin
Brannmark,nlopt_26,8,143.63255816346117,marvin
Brannmark,nlopt_21,8,143.49413340411604,marvin
Brannmark,nlopt_26,5,145.95723144778907,marvin
Brannmark,nlopt_34,8,164.53361422551325,marvin
Brannmark,nlopt_29,9,143.8435639119953,marvin
Brannmark,nlopt_15,8,153.51151404148794,marvin
Brannmark,nlopt_21,1,142.23460862724951,marvin
Brannmark,nlopt_11,4,142.64145953752606,marvin
Brannmark,nlopt_11,5,141.8888115716456,marvin
Brannmark,nlopt_26,6,148.84557690972363,marvin
Brannmark,nlopt_29,2,144.24260208801832,marvin
Brannmark,nlopt_34,2,151.08260562732696,marvin
Brannmark,nlopt_39,4,149.14059721361866,marvin
Brannmark,nlopt_26,1,142.73412919545615,marvin
Brannmark,nlopt_34,1,153.69695067806467,marvin
Brannmark,pysacess,2,144.64033127305845,marvin
Brannmark,nlopt_29,6,144.18245690665245,marvin
Brannmark,nlopt_29,10,143.77413340965612,marvin
Brannmark,nlopt_29,5,144.61689141345136,marvin
Brannmark,pysacess,6,144.3264615105909,marvin
Brannmark,nlopt_11,1,142.17353101387337,marvin
Brannmark,nlopt_39,1,142.28031861948944,marvin
Brannmark,nlopt_34,6,150.90842225481475,marvin
Brannmark,nlopt_34,9,152.72753341499921,marvin
Brannmark,pysacess,4,144.73199719072423,marvin
Brannmark,nlopt_15,2,159.7529549235422,marvin
Brannmark,nlopt_34,4,151.9956246191132,marvin
Brannmark,nlopt_11,2,141.8896113563701,marvin
Brannmark,pysacess_cmaes,4,141.89182234493853,marvin
Brannmark,pysacess,7,144.41171008878626,marvin
Brannmark,pysacess,10,143.8175615948748,marvin
Brannmark,nlopt_28,1,152.88504511093925,marvin
Brannmark,nlopt_11,9,142.7020339895256,marvin
Brannmark,pysacess,5,143.60323217381782,marvin
Brannmark,nlopt_34,7,159.34294246104727,marvin
Brannmark,pysacess,8,143.85387821964758,marvin
Brannmark,nlopt_39,5,144.30288104875078,marvin
Brannmark,nlopt_28,2,146.1464616526991,marvin
Brannmark,nlopt_26,10,143.8005112081839,marvin
Brannmark,pysacess,9,143.43799104864365,marvin
Brannmark,nlopt_39,7,149.14059721361866,marvin
Brannmark,nlopt_39,3,149.14059721361866,marvin
Brannmark,nlopt_29,4,144.81979588355847,marvin
Brannmark,nlopt_29,3,143.357845785108,marvin
Brannmark,nlopt_26,4,142.85360365671374,marvin
Brannmark,pysacess_cmaes,8,141.82535485287957,marvin
Brannmark,nlopt_28,6,153.74778562872595,marvin
Brannmark,pysacess_fides,1,141.83010282556376,marvin
Brannmark,nlopt_39,8,149.14059721361866,marvin
Brannmark,nlopt_39,10,149.14059721361866,marvin
Brannmark,pysacess_cmaes,2,141.8894385953152,marvin
Brannmark,pysacess_fides,5,141.825206005896,marvin
Brannmark,nlopt_26,3,144.1547209644179,marvin
Brannmark,pysacess_cmaes,10,141.90503120665167,marvin
Brannmark,pysacess_fides,2,141.8275576633583,marvin
Brannmark,nlopt_39,2,149.14059721361866,marvin
Brannmark,nlopt_28,3,153.7304718593906,marvin
Brannmark,pysacess_cmaes,9,141.82514703056864,marvin
Brannmark,pysacess_cmaes,3,142.2271416187906,marvin
Brannmark,pysacess_cmaes,7,141.889678497371,marvin
Brannmark,pysacess_cmaes,5,142.14527269543157,marvin
Brannmark,nlopt_39,9,145.62610498409558,marvin
Brannmark,nlopt_13,9,143.32104341082587,marvin
Brannmark,nlopt_14,5,142.3121116086421,marvin
Brannmark,nlopt_26,9,143.9090711520994,marvin
Brannmark,nlopt_21,10,142.2200875254913,marvin
Brannmark,pysacess_ipopt,1,142.6899527954814,marvin
Brannmark,pysacess_fides,10,142.22912706362519,marvin
Brannmark,pysacess_fides,6,141.82794667339644,marvin
Brannmark,nlopt_28,8,154.76821861048666,marvin
Brannmark,pysacess_fides,4,141.90459895145776,marvin
Brannmark,nlopt_11,6,142.29205938972513,marvin
Brannmark,nlopt_39,6,149.14059721361866,marvin
Brannmark,nlopt_28,5,149.19297020463983,marvin
Brannmark,pysacess_ipopt,7,141.89156859469,marvin
Brannmark,pysacess_fides,3,141.82485427243665,marvin
Brannmark,nlopt_28,10,157.5661014633365,marvin
Brannmark,pysacess,1,143.9553456625581,marvin
Brannmark,sacess_dhc,6,143.20220359145927,marvin
Brannmark,pysacess_ipopt,3,141.83035268975033,marvin
Brannmark,sacess,5,147.72068882519108,marvin
Brannmark,pysacess_fides,9,141.8248862772371,marvin
Brannmark,pysacess_cmaes,1,142.14873297228758,marvin
Brannmark,nlopt_28,9,153.85461460729948,marvin
Brannmark,sacess_dhc,1,144.46895108649963,marvin
Brannmark,pysacess_ipopt,8,142.7012708633265,marvin
Brannmark,pysacess_cmaes,6,142.14528280672454,marvin
Brannmark,pysacess,3,145.60937442330572,marvin
Brannmark,sacess_dhc,3,144.03226710413173,marvin
Brannmark,sacess_dhc,10,143.24091047914214,marvin
Brannmark,nlopt_28,4,154.01672759862097,marvin
Brannmark,pysacess_ipopt,2,142.22657828097124,marvin
Brannmark,nlopt_26,7,142.32876292809812,marvin
Brannmark,pysacess_fides,8,141.82488223877203,marvin
Brannmark,sacess,3,207.1213008889436,marvin
Brannmark,nlopt_21,9,141.93873383649566,marvin
Brannmark,sacess,6,144.98381260581667,marvin
Brannmark,pysacess_fides,7,141.82486388564848,marvin
Brannmark,pysacess_ipopt,5,142.2315287429327,marvin
Brannmark,pysacess_ipopt,6,142.13362919715297,marvin
Brannmark,sacess,7,207.12130947980572,marvin
Brannmark,sacess,2,144.52207301813107,marvin
Brannmark,sacess_dhc,9,143.46263557388542,marvin
Brannmark,nlopt_28,7,149.73744372186815,marvin
Brannmark,pysacess_ipopt,9,141.899377171702,marvin
Brannmark,sacess,8,149.01974486241147,marvin
Brannmark,sacess,10,143.73142839289753,marvin
Brannmark,nlopt_11,8,142.22048266073318,marvin
Brannmark,sacess_ipopt,2,142.14748149693423,marvin
Brannmark,pyswarm,5,177.7854156351285,marvin
Brannmark,sacess_dhc,4,143.8385188268468,marvin
Brannmark,sacess_ipopt,1,142.17527052042263,marvin
Brannmark,sacess_ipopt,5,142.25691042180836,marvin
Brannmark,nlopt_11,10,142.22227980203903,marvin
Brannmark,pysacess_ipopt,4,142.58971055214204,marvin
Brannmark,sacess_dhc,2,142.72510729190668,marvin
Brannmark,sacess_ipopt,3,141.8901658225487,marvin
Brannmark,sacess_ipopt,6,142.2409010424944,marvin
Brannmark,sacess_dhc,8,143.95064705434237,marvin
Brannmark,pysacess_ipopt,10,142.57166360612365,marvin
Brannmark,sacess_ipopt,4,142.2119675146022,marvin
Brannmark,sacess,9,144.60470921887483,marvin
Brannmark,pyswarm,8,191.45614171174427,marvin
Brannmark,sacess_ipopt,7,141.8909948491128,marvin
Brannmark,pyswarm,4,190.9399512934099,marvin
Brannmark,nlopt_14,1,142.56809326112176,marvin
Brannmark,trust-ncg,7,149.4676583285738,marvin
Brannmark,pyswarm,3,183.5317410125872,marvin
Brannmark,sacess_dhc,5,144.12068501492269,marvin
Brannmark,trust-ncg,2,142.31693601067514,marvin
Brannmark,sacess_dhc,7,144.0663818535353,marvin
Brannmark,pyswarm,6,176.03260974989595,marvin
Brannmark,sacess,1,143.7797257768612,marvin
Brannmark,pyswarm,1,188.24689401953185,marvin
Brannmark,pyswarm,7,177.50531673642945,marvin
Brannmark,trust-ncg,4,144.4101583478101,marvin
Brannmark,sacess_ipopt,9,141.89074886767196,marvin
Brannmark,sacess,4,143.74166906582377,marvin
Brannmark,pyswarm,2,186.47749693911086,marvin
Brannmark,trust-ncg,8,150.5326070720976,marvin
Brannmark,trust-ncg,9,144.091163009626,marvin
Brannmark,trust-ncg,3,149.47241757604502,marvin
Brannmark,pyswarm,10,189.49213300345767,marvin
Brannmark,sacess_ipopt,8,142.57058495670364,marvin
Brannmark,sacess_ipopt,10,142.67561553007715,marvin
Brannmark,trust-ncg,10,148.7263211163283,marvin
Brannmark,trust-ncg,6,142.3182121143136,marvin
Brannmark,trust-krylov,3,142.44203174708952,marvin
Brannmark,nlopt_36,5,141.8960376941363,marvin
Brannmark,trust-krylov,1,142.00990049389625,marvin
Brannmark,trust-ncg,1,145.45166537211102,marvin
Brannmark,trust-krylov,7,141.97616279140175,marvin
Brannmark,trust-ncg,5,145.82604115833982,marvin
Brannmark,trust-krylov,6,142.7390215172348,marvin
Brannmark,trust-krylov,4,142.2876351268427,marvin
Brannmark,trust-krylov,5,142.63858042862591,marvin
Brannmark,nlopt_36,10,142.41357925967074,marvin
Brannmark,trust-krylov,2,142.69003956265914,marvin
Brannmark,nlopt_36,2,141.8977299849201,marvin
Brannmark,nlopt_37,8,142.22040799824447,marvin
Brannmark,nlopt_37,10,142.41757671146254,marvin
Brannmark,tnc,3,153.95369460039456,marvin
Brannmark,nlopt_36,6,142.2114496919927,marvin
Brannmark,tnc,8,153.46020711302884,marvin
Brannmark,tnc,4,154.48944677933434,marvin
Brannmark,tnc,9,154.24297717790373,marvin
Brannmark,tnc,10,152.4925967319278,marvin
Brannmark,nlopt_37,7,142.14627971969082,marvin
Brannmark,trust-krylov,9,142.26618951515024,marvin
Brannmark,tnc,5,151.9753581636744,marvin
Brannmark,nlopt_37,3,142.17844821921642,marvin
Brannmark,trust-krylov,8,142.31577722377492,marvin
Brannmark,nlopt_37,9,142.69345438101516,marvin
Brannmark,nlopt_36,3,142.2456138682308,marvin
Brannmark,nlopt_37,5,141.88920776099172,marvin
Brannmark,tnc,2,158.81050495574755,marvin
Brannmark,tnc,1,153.82754507532664,marvin
Brannmark,nlopt_37,4,141.89106460466553,marvin
Brannmark,nlopt_37,2,142.71488506875184,marvin
Brannmark,trust-krylov,10,142.44631203018858,marvin
Brannmark,nlopt_37,1,141.88754306852462,marvin
Brannmark,nlopt_36,7,142.15725795389184,marvin
Brannmark,nlopt_36,4,141.92533991635418,marvin
Brannmark,nlopt_36,9,142.72282521545128,marvin
Brannmark,pyswarm,9,188.13197704317804,marvin
Brannmark,nlopt_36,1,142.41362006499617,marvin
Brannmark,nlopt_36,8,142.21879399175742,marvin
Brannmark,tnc,6,162.25572710722892,marvin
Brannmark,nlopt_37,6,142.72253119940245,marvin
Bruno,cmaes,1,-46.688193455513215,marvin
Brannmark,tnc,7,159.3025012328395,marvin
Bruno,cmaes,4,-46.688194473448405,marvin
Bruno,cmaes,3,-46.68819338470361,marvin
Bruno,cmaes,2,-46.688197918626756,marvin
Bruno,cmaes,5,-46.68819292272897,marvin
Bruno,cmaes,10,-46.688193548174,marvin
Bruno,cmaes,6,-46.688195886421525,marvin
Bruno,cmaes,9,-46.6881931589006,marvin
Bruno,cmaes,8,-46.68819336583637,marvin
Bruno,Nelder-Mead,2,165.72156962465579,marvin
Brannmark,SLSQP,7,142.26416463864848,marvin
Bruno,Nelder-Mead,9,18.54302560371167,marvin
Bruno,Nelder-Mead,3,35.48713543605637,marvin
Bruno,Nelder-Mead,8,133.91570834431522,marvin
Bruno,Nelder-Mead,10,56.877090544624394,marvin
Bruno,cmaes,7,-46.68819282172183,marvin
Bruno,Nelder-Mead,1,8.464809152025662,marvin
Bruno,Nelder-Mead,4,87.92121635077991,marvin
Bruno,L-BFGS-B,3,-46.68818944404984,marvin
Brannmark,dogleg,9,188.80464336039574,marvin
Bruno,COBYLA,8,-46.6862689122925,marvin
Brannmark,dogleg,5,224.63574249965765,marvin
Bruno,COBYLA,2,-46.68583569750007,marvin
Bruno,Nelder-Mead,7,103.68114441277503,marvin
Bruno,cg,2,-46.68818486035373,marvin
Bruno,Nelder-Mead,6,111.08934847576701,marvin
Bruno,BFGS,10,-46.68818919980612,marvin
Brannmark,SLSQP,10,142.43576688735612,marvin
Bruno,ipopt,1,-46.68819122676546,marvin
Bruno,ipopt,3,-46.68818965246737,marvin
Bruno,ipopt,4,-46.68818822831598,marvin
Bruno,ipopt,2,-46.68818942448276,marvin
Bruno,COBYLA,5,-46.676864172379624,marvin
Brannmark,SLSQP,6,142.67245929264269,marvin
Bruno,COBYLA,1,-46.66757077671489,marvin
Bruno,COBYLA,4,-46.687212180388116,marvin
Bruno,cg,4,-46.68818559280212,marvin
Bruno,L-BFGS-B,5,-46.68818993913,marvin
Brannmark,dogleg,2,218.9200830363378,marvin
Brannmark,dogleg,3,215.76206500368397,marvin
Bruno,ipopt,5,-46.68818884802003,marvin
Bruno,COBYLA,7,-46.68086486789079,marvin
Bruno,ipopt,9,-46.688188803618374,marvin
Bruno,ipopt,7,-46.68819006163237,marvin
Bruno,Nelder-Mead,5,84.86392090309597,marvin
Brannmark,dogleg,1,200.81991053107473,marvin
Bruno,COBYLA,10,-46.68477060952014,marvin
Bruno,ipopt,6,-46.68818937596636,marvin
Bruno,COBYLA,6,-46.65590503345563,marvin
Bruno,BFGS,8,-46.688189044836335,marvin
Bruno,L-BFGS-B,1,-46.68818882668616,marvin
Bruno,cg,10,-46.68818492986716,marvin
Bruno,ipopt,8,-46.688188266381474,marvin
Brannmark,dogleg,6,211.97561793109844,marvin
Bruno,BFGS,5,-46.68818807934245,marvin
Bruno,L-BFGS-B,2,-46.68819138219367,marvin
Bruno,L-BFGS-B,4,-46.68819037569672,marvin
Bruno,COBYLA,3,-46.68466056612979,marvin
Bruno,BFGS,7,-46.688189856303005,marvin
Bruno,COBYLA,9,-46.687558921242726,marvin
Bruno,L-BFGS-B,9,-46.68818995737461,marvin
Bruno,cg,5,-46.688183672503854,marvin
Bruno,BFGS,9,-46.68819018128526,marvin
Bruno,L-BFGS-B,6,-46.688189304480346,marvin
Bruno,cg,3,-46.68818640493092,marvin
Bruno,L-BFGS-B,10,-46.68818840200838,marvin
Bruno,L-BFGS-B,8,-46.688189711999144,marvin
Bruno,BFGS,2,-46.68818873323589,marvin
Brannmark,SLSQP,2,142.26379960258794,marvin
Bruno,ipopt,10,-46.68818919564585,marvin
Brannmark,SLSQP,4,142.8536184591395,marvin
Bruno,SLSQP,1,-46.688188030598894,marvin
Brannmark,SLSQP,3,142.4098297688684,marvin
Bruno,L-BFGS-B,7,-46.688191467808196,marvin
Bruno,BFGS,6,-46.688188823047604,marvin
Bruno,cg,6,-46.68818478659045,marvin
Bruno,fides,1,-46.688184777759155,marvin
Bruno,BFGS,1,-46.68818811991496,marvin
Brannmark,SLSQP,5,142.09619102798217,marvin
Bruno,cg,1,-46.68818581956212,marvin
Bruno,BFGS,3,-46.68818924573675,marvin
Brannmark,dogleg,8,217.70057324567185,marvin
Brannmark,dogleg,4,159.59904475169705,marvin
Brannmark,dogleg,10,190.6437194721146,marvin
Bruno,cg,8,-46.68818481095515,marvin
Brannmark,SLSQP,1,142.26635425210065,marvin
Bruno,cg,7,-46.68818711934389,marvin
Bruno,BFGS,4,-46.68819101568839,marvin
Bruno,cg,9,-46.68818457169841,marvin
Brannmark,dogleg,7,221.9663570087589,marvin
Bruno,fides,3,-46.68818429867642,marvin
Bruno,nlopt_12,1,-46.688186924573216,marvin
Bruno,nlopt_16,1,-46.688183970669286,marvin
Bruno,nlopt_16,2,-46.68818357001067,marvin
Brannmark,SLSQP,9,141.91538023026496,marvin
Brannmark,SLSQP,8,142.47159516342168,marvin
Bruno,nlopt_16,5,-46.68818389833887,marvin
Bruno,fides,5,-46.688184946277104,marvin
Bruno,fides,2,-46.68818463092994,marvin
Bruno,nlopt_16,4,-46.68818382477578,marvin
Bruno,nlopt_16,6,-46.68818375843854,marvin
Bruno,fides,6,-46.68818517514022,marvin
Bruno,nlopt_12,3,-46.68818809321565,marvin
Bruno,nlopt_12,4,-46.68818666111028,marvin
Bruno,fides,4,-46.6881845144248,marvin
Bruno,SLSQP,4,-46.688189504842924,marvin
Bruno,nlopt_12,6,-46.688186378173924,marvin
Bruno,nlopt_16,10,-46.68818399848287,marvin
Bruno,SLSQP,2,-46.6881881053227,marvin
Bruno,nlopt_16,8,-46.68818412669515,marvin
Bruno,nlopt_16,7,-46.6881837507807,marvin
Bruno,nlopt_12,8,-46.68818660040566,marvin
Bruno,nlopt_18,1,-46.688184251263166,marvin
Bruno,nlopt_12,5,-46.68818606521252,marvin
Bruno,nlopt_16,3,-46.68818422885265,marvin
Bruno,nlopt_18,6,-46.68818443074041,marvin
Bruno,nlopt_11,1,-46.68818414580434,marvin
Bruno,nlopt_15,3,-46.68818325105986,marvin
Bruno,nlopt_18,3,-46.68818398561564,marvin
Bruno,nlopt_16,9,-46.688184042971585,marvin
Bruno,nlopt_18,7,-46.68818386655248,marvin
Bruno,SLSQP,7,-46.68818815136014,marvin
Bruno,nlopt_18,8,-46.68818380893369,marvin
Bruno,newton-cg,3,-46.68818908077449,marvin
Bruno,fides,9,-46.68818530399179,marvin
Bruno,nlopt_18,10,-46.68818419176212,marvin
Bruno,nlopt_13,2,-46.68818480728784,marvin
Bruno,nlopt_11,4,-46.68818486034059,marvin
Bruno,fides,7,-46.68818525420103,marvin
Bruno,nlopt_18,2,-46.688183935209494,marvin
Bruno,nlopt_15,2,-46.68818376876296,marvin
Bruno,nlopt_13,1,-46.68818445760324,marvin
Bruno,nlopt_18,5,-46.68818405420738,marvin
Bruno,nlopt_15,1,-46.68818421498473,marvin
Bruno,nlopt_13,8,-46.68818412959836,marvin
Bruno,nlopt_12,2,-46.68818800808446,marvin
Bruno,nlopt_15,8,-46.688183761732176,marvin
Bruno,nlopt_11,2,-46.68818439336343,marvin
Bruno,nlopt_12,7,-46.68818816754239,marvin
Bruno,SLSQP,10,-46.68818913388405,marvin
Bruno,nlopt_12,9,-46.68818665121182,marvin
Bruno,nlopt_12,10,-46.68818710494531,marvin
Bruno,fides,10,-46.68818455576481,marvin
Bruno,nlopt_15,6,-46.68818347637134,marvin
Bruno,fides,8,-46.688184665100366,marvin
Bruno,nlopt_11,8,-46.68818461781595,marvin
Bruno,nlopt_11,7,-46.68818426475855,marvin
Bruno,nlopt_11,9,-46.6881841083626,marvin
Bruno,nlopt_15,4,-46.68818364014726,marvin
Bruno,newton-cg,7,-46.68818950088189,marvin
Bruno,nlopt_11,3,-46.6881842701694,marvin
Bruno,nlopt_18,9,-46.68818405416323,marvin
Bruno,nlopt_14,6,-46.68818427088324,marvin
Bruno,nlopt_18,4,-46.688184166008,marvin
Bruno,SLSQP,6,-46.688187513074375,marvin
Bruno,nlopt_15,9,-46.68818348095659,marvin
Bruno,SLSQP,3,-46.688189005655374,marvin
Bruno,newton-cg,4,-46.688187961085106,marvin
Bruno,nlopt_14,10,-46.688184211760415,marvin
Bruno,newton-cg,1,-46.68818969072675,marvin
Bruno,nlopt_15,7,-46.68818356528718,marvin
Bruno,nlopt_13,7,-46.68818408068767,marvin
Bruno,nlopt_14,1,-46.68818418519203,marvin
Bruno,nlopt_13,4,-46.68818425295557,marvin
Bruno,nlopt_13,9,-46.68818424992618,marvin
Bruno,nlopt_13,10,-46.68818419931247,marvin
Bruno,nlopt_13,3,-46.688184939308776,marvin
Bruno,nlopt_11,6,-46.688184151184444,marvin
Bruno,newton-cg,6,-46.68818893169747,marvin
Bruno,nlopt_15,5,-46.688183672461,marvin
Bruno,nlopt_11,5,-46.688184766197885,marvin
Bruno,newton-cg,2,-46.68818930357165,marvin
Bruno,newton-cg,5,-46.68818982659991,marvin
Bruno,nlopt_14,9,-46.68818409897578,marvin
Bruno,newton-cg,9,-46.688189571517825,marvin
Bruno,nlopt_13,6,-46.688185078307605,marvin
Bruno,newton-cg,8,-46.68818845331366,marvin
Bruno,SLSQP,8,-46.688188949893785,marvin
Bruno,nlopt_14,4,-46.68818461787145,marvin
Bruno,nlopt_21,1,-46.68818386268934,marvin
Bruno,nlopt_14,2,-46.68818415831695,marvin
Bruno,nlopt_15,10,-46.68818350121761,marvin
Bruno,nlopt_11,10,-46.68818494812314,marvin
Bruno,nlopt_14,3,-46.68818411210063,marvin
Bruno,nlopt_23,6,-46.68818296807531,marvin
Bruno,nlopt_14,7,-46.68818418760321,marvin
Bruno,nlopt_14,5,-46.68818418380341,marvin
Bruno,newton-cg,10,-46.68818941856986,marvin
Bruno,nlopt_14,8,-46.68818432964167,marvin
Bruno,SLSQP,5,-46.68818810069983,marvin
Bruno,nlopt_29,5,-46.68818327187145,marvin
Bruno,SLSQP,9,-46.68818814942434,marvin
Bruno,nlopt_29,1,-46.688184177307456,marvin
Bruno,nlopt_13,5,-46.68818424258904,marvin
Bruno,nlopt_23,2,-46.688182560502405,marvin
Bruno,nlopt_21,4,-46.688183617690555,marvin
Bruno,nlopt_29,2,-46.6881826053135,marvin
Bruno,nlopt_23,4,-46.68818311796845,marvin
Bruno,nlopt_21,9,-46.6881837705901,marvin
Bruno,nlopt_23,8,-46.688182559631926,marvin
Bruno,nlopt_23,7,-46.68818277726699,marvin
Bruno,nlopt_21,2,-46.68818355401693,marvin
Bruno,nlopt_21,10,-46.68818382569576,marvin
Bruno,nlopt_29,9,-46.688180150597915,marvin
Bruno,nlopt_29,3,-46.68818439803094,marvin
Bruno,nlopt_23,10,-46.688182932633474,marvin
Bruno,pysacess,1,-46.68464908550018,marvin
Bruno,pysacess,3,-46.68745680183932,marvin
Bruno,pysacess,8,-46.68582692096119,marvin
Bruno,pysacess,4,-46.687084113832626,marvin
Bruno,pysacess,6,-46.686042160599,marvin
Bruno,pysacess_cmaes,3,-46.68819314998735,marvin
Bruno,nlopt_23,3,-46.68818301041892,marvin
Bruno,pysacess,7,-46.68542242155826,marvin
Bruno,pysacess,9,-46.68590281582664,marvin
Bruno,pysacess,2,-46.68600177423316,marvin
Bruno,nlopt_21,8,-46.68818365082807,marvin
Bruno,nlopt_29,7,-46.688185589893074,marvin
Bruno,nlopt_21,7,-46.688183824738374,marvin
Bruno,pysacess_cmaes,1,-46.688197235490435,marvin
Bruno,pysacess,10,-46.68593171267074,marvin
Bruno,pysacess_fides,3,-46.68818370531468,marvin
Bruno,pysacess_fides,2,-46.68818465685592,marvin
Bruno,nlopt_29,8,-46.68818466468331,marvin
Bruno,pysacess_cmaes,8,-46.68819344317079,marvin
Bruno,pysacess,5,-46.68511906998519,marvin
Bruno,nlopt_26,3,-46.688187309119364,marvin
Bruno,pysacess_cmaes,10,-46.688192718194614,marvin
Bruno,pysacess_fides,1,-46.688184034852796,marvin
Bruno,pysacess_fides,4,-46.688183907832254,marvin
Bruno,pysacess_fides,6,-46.688184220645255,marvin
Bruno,nlopt_28,8,-41.93743265625808,marvin
Bruno,pysacess_fides,5,-46.68818439000141,marvin
Bruno,nlopt_26,5,-46.6881886484534,marvin
Bruno,nlopt_21,6,-46.68818397734237,marvin
Bruno,nlopt_23,9,-46.68818290152001,marvin
Bruno,pysacess_cmaes,4,-46.688193710895334,marvin
Bruno,nlopt_23,5,-46.68818266438731,marvin
Bruno,pysacess_cmaes,5,-46.6881952237152,marvin
Bruno,pysacess_cmaes,6,-46.688194324593816,marvin
Bruno,pysacess_cmaes,7,-46.688194345922454,marvin
Bruno,nlopt_29,10,-46.68818168586379,marvin
Bruno,pysacess_cmaes,9,-46.68819466773531,marvin
Bruno,pysacess_cmaes,2,-46.68819256608544,marvin
Bruno,pysacess_ipopt,3,-46.68819012220201,marvin
Bruno,nlopt_28,7,-39.1733735007903,marvin
Bruno,pysacess_ipopt,5,-46.68819038931806,marvin
Bruno,nlopt_29,4,-46.68818741097441,marvin
Bruno,pysacess_ipopt,8,-46.68819199052764,marvin
Bruno,pysacess_fides,7,-46.6881839165178,marvin
Bruno,pysacess_fides,8,-46.68818442227064,marvin
Bruno,nlopt_26,6,-46.68818682148457,marvin
Bruno,nlopt_28,1,-46.64787449187181,marvin
Bruno,pysacess_ipopt,7,-46.68819022490848,marvin
Bruno,pysacess_ipopt,6,-46.688190321587584,marvin
Bruno,pysacess_ipopt,2,-46.68819085326139,marvin
Bruno,nlopt_21,3,-46.688183837630376,marvin
Bruno,pysacess_fides,10,-46.688184213366995,marvin
Bruno,nlopt_21,5,-46.68818361479926,marvin
Bruno,pysacess_fides,9,-46.68818408634607,marvin
Bruno,sacess,1,-46.68768609725701,marvin
Bruno,sacess,3,-46.687985403851854,marvin
Bruno,pysacess_ipopt,4,-46.688190708015945,marvin
Bruno,nlopt_28,10,-46.62535980675988,marvin
Bruno,sacess,2,-46.68784044487828,marvin
Bruno,nlopt_26,7,-46.688187088626876,marvin
Bruno,nlopt_34,2,-46.688187838637944,marvin
Bruno,pysacess_ipopt,10,-46.688189713198845,marvin
Bruno,nlopt_28,2,-46.6881652663056,marvin
Bruno,pysacess_ipopt,9,-46.688190303763804,marvin
Bruno,nlopt_26,10,-46.68818547540551,marvin
Bruno,nlopt_29,6,-46.68818298584376,marvin
Bruno,nlopt_26,1,-46.68818880270844,marvin
Bruno,sacess_dhc,3,-46.68819434179571,marvin
Bruno,sacess,4,-46.68760385219471,marvin
Bruno,nlopt_28,4,-31.310929971009244,marvin
Bruno,sacess_dhc,1,-46.68818969236277,marvin
Bruno,sacess,6,-46.68792730596248,marvin
Bruno,sacess,7,-46.68771072146457,marvin
Bruno,sacess_ipopt,9,-46.68819016563577,marvin
Bruno,nlopt_28,9,-42.1399508815785,marvin
Bruno,sacess_dhc,4,-46.68818931319912,marvin
Bruno,pysacess_ipopt,1,-46.68819018753793,marvin
Bruno,sacess_dhc,6,-46.68819047762368,marvin
Bruno,nlopt_26,9,-46.688187257966746,marvin
Bruno,sacess,8,-46.687343193061054,marvin
Bruno,nlopt_28,6,-36.99640360246124,marvin
Bruno,sacess_dhc,8,-46.68818942429422,marvin
Bruno,sacess_ipopt,5,-46.68819041468845,marvin
Bruno,sacess,5,-46.6879152563863,marvin
Bruno,nlopt_26,4,-46.68818684370051,marvin
Bruno,sacess_ipopt,4,-46.688188920372255,marvin
Bruno,nlopt_34,1,-46.68818314373777,marvin
Bruno,sacess_dhc,7,-46.6881918164748,marvin
Bruno,sacess_dhc,5,-46.688189830505976,marvin
Bruno,nlopt_34,4,-46.68818281739533,marvin
Bruno,nlopt_28,3,-46.662982555669444,marvin
Bruno,sacess_ipopt,6,-46.68818920516279,marvin
Bruno,nlopt_23,1,-46.688182878890345,marvin
Bruno,nlopt_26,8,-46.6881870092666,marvin
Bruno,sacess,9,-46.68755185272638,marvin
Bruno,sacess_ipopt,3,-46.688189629764175,marvin
Bruno,sacess_dhc,10,-46.688190342727005,marvin
Bruno,nlopt_34,5,-46.688185193173695,marvin
Bruno,sacess_dhc,2,-46.68819015251316,marvin
Bruno,sacess_ipopt,1,-46.68819008656857,marvin
Bruno,sacess_ipopt,2,-46.68819187272877,marvin
Bruno,sacess,10,-46.68782758167832,marvin
Bruno,nlopt_28,5,-27.07488763691171,marvin
Bruno,nlopt_26,2,-46.6881877529971,marvin
Bruno,sacess_ipopt,8,-46.688189374341576,marvin
Bruno,nlopt_34,6,-46.68818272685974,marvin
Bruno,sacess_dhc,9,-46.688189154263824,marvin
Bruno,sacess_ipopt,7,-46.68818970446348,marvin
Bruno,sacess_ipopt,10,-46.68818981899686,marvin
Bruno,nlopt_39,3,-46.68818312174463,marvin
Bruno,nlopt_34,7,-46.68818611146071,marvin
Bruno,nlopt_39,6,-46.68818255601495,marvin
Bruno,nlopt_39,4,-46.6881827777531,marvin
Bruno,pyswarm,7,131.08001799505445,marvin
Bruno,pyswarm,5,177.1318565276586,marvin
Bruno,nlopt_39,7,-46.68818298870434,marvin
Bruno,pyswarm,9,115.28686512468562,marvin
Bruno,nlopt_34,3,-46.688185420836014,marvin
Bruno,nlopt_39,9,-46.688182765600985,marvin
Bruno,nlopt_39,2,-46.688183190003336,marvin
Bruno,nlopt_39,8,-46.68818393651559,marvin
Bruno,dogleg,7,-46.68819029898133,marvin
Bruno,nlopt_34,9,-46.68818366567088,marvin
Bruno,pyswarm,4,48.71226626145928,marvin
Bruno,nlopt_34,10,-46.68818603305629,marvin
Bruno,pyswarm,2,40.190116466814764,marvin
Bruno,nlopt_36,8,-46.68818481235937,marvin
Chen,BFGS,2,15973.449578761296,marvin
Bruno,nlopt_39,1,-46.688182643758495,marvin
Bruno,nlopt_39,10,-46.68818267477327,marvin
Bruno,pyswarm,1,30.066268326335965,marvin
Chen,COBYLA,1,19387.21812250696,marvin
Chen,Nelder-Mead,2,28367.87583103086,marvin
Bruno,nlopt_39,5,-46.68818249678961,marvin
Bruno,dogleg,1,-46.688190522483296,marvin
Chen,BFGS,3,25232.131121079456,marvin
Bruno,dogleg,5,-46.688189791219685,marvin
Bruno,nlopt_36,6,-46.68818444049917,marvin
Bruno,pyswarm,10,124.79868588835308,marvin
Chen,Nelder-Mead,1,25721.733285564762,marvin
Bruno,pyswarm,6,54.07612902241632,marvin
Bruno,nlopt_37,4,-46.68818424552681,marvin
Chen,COBYLA,7,11951.357327086454,marvin
Bruno,pyswarm,3,-32.803681395883814,marvin
Bruno,nlopt_34,8,-46.688183873396284,marvin
Chen,L-BFGS-B,5,21949.83504244768,marvin
Chen,BFGS,4,15599.356798755374,marvin
Bruno,nlopt_36,2,-46.688184226412616,marvin
Chen,Nelder-Mead,3,29271.58843906725,marvin
Chen,COBYLA,8,14991.045440758604,marvin
Chen,BFGS,8,20858.08853182686,marvin
Bruno,nlopt_36,1,-46.68818457402524,marvin
Chen,Nelder-Mead,8,28660.49517943956,marvin
Chen,COBYLA,5,14464.505866822286,marvin
Chen,Nelder-Mead,4,24804.05183959942,marvin
Chen,Nelder-Mead,6,27445.92378286255,marvin
Chen,BFGS,9,24247.223588318877,marvin
Bruno,nlopt_37,7,-46.68818403627349,marvin
Chen,BFGS,5,22377.766241901623,marvin
Chen,Nelder-Mead,10,28811.35279256778,marvin
Chen,COBYLA,2,15146.014768099467,marvin
Bruno,dogleg,2,-46.68819078588287,marvin
Chen,COBYLA,4,11776.97087982529,marvin
Chen,Nelder-Mead,7,25048.395961585895,marvin
Chen,BFGS,10,25171.652425158878,marvin
Chen,COBYLA,3,12728.038852552752,marvin
Bruno,dogleg,4,-46.68819002836867,marvin
Chen,Nelder-Mead,9,29276.284477439945,marvin
Chen,cmaes,5,13362.38420740258,marvin
Chen,BFGS,6,23849.89611540307,marvin
Chen,cmaes,2,13397.893033605113,marvin
Bruno,nlopt_37,6,-46.688184367827674,marvin
Bruno,nlopt_36,4,-46.68818530259624,marvin
Bruno,nlopt_37,10,-46.688184805308836,marvin
Chen,cmaes,1,7771.170394207013,marvin
Bruno,nlopt_37,3,-46.68818413741204,marvin
Chen,BFGS,1,26312.691319472782,marvin
Bruno,pyswarm,8,68.51070066162407,marvin
Chen,COBYLA,9,15550.764202046566,marvin
Chen,COBYLA,6,12021.09777510744,marvin
Chen,cmaes,3,12548.038870951314,marvin
Chen,cmaes,6,11175.72317373166,marvin
Bruno,nlopt_37,1,-46.68818438796254,marvin
Bruno,nlopt_37,2,-46.68818412598627,marvin
Chen,Nelder-Mead,5,24693.101634480325,marvin
Chen,BFGS,7,14858.934197178585,marvin
Bruno,nlopt_37,9,-46.68818431691993,marvin
Chen,cg,5,14662.618784479366,marvin
Chen,cmaes,7,11573.584252970708,marvin
Chen,L-BFGS-B,1,25929.687562980773,marvin
Bruno,nlopt_36,5,-46.68818430732927,marvin
Chen,L-BFGS-B,6,17424.582013801853,marvin
Chen,L-BFGS-B,9,15718.59121067784,marvin
Chen,COBYLA,10,8579.417908429648,marvin
Chen,cmaes,4,11182.89007466683,marvin
Chen,cmaes,10,12741.760212445759,marvin
Chen,L-BFGS-B,3,27981.80207594674,marvin
Chen,cmaes,9,8906.900209387839,marvin
Chen,cmaes,8,10781.856834515587,marvin
Chen,ipopt,4,1062.438263502402,marvin
Chen,L-BFGS-B,7,26844.917930575437,marvin
Chen,ipopt,3,7919.833812156319,marvin
Chen,L-BFGS-B,2,17069.60070356823,marvin
Bruno,nlopt_36,10,-46.68818470067209,marvin
Chen,ipopt,6,2932.905696450577,marvin
Chen,ipopt,2,1370.2169171288301,marvin
Bruno,nlopt_36,3,-46.688184145115244,marvin
Chen,SLSQP,7,7139.024358615477,marvin
Chen,cg,1,22384.69534259251,marvin
Bruno,dogleg,10,-46.68819068502219,marvin
Bruno,dogleg,9,-46.6881903348532,marvin
Chen,ipopt,1,7130.894595605525,marvin
Chen,ipopt,8,4029.091896267766,marvin
Bruno,nlopt_36,7,-46.6881844395386,marvin
Chen,newton-cg,1,29271.71471846409,marvin
Chen,cg,10,20716.255352877735,marvin
Chen,SLSQP,8,3416.508630500399,marvin
Chen,cg,8,13527.627873664238,marvin
Chen,cg,3,16218.529566187764,marvin
Chen,SLSQP,1,2539.3148413754047,marvin
Chen,L-BFGS-B,8,25555.398922669283,marvin
Bruno,nlopt_36,9,-46.68818530020046,marvin
Chen,L-BFGS-B,10,26845.655700121257,marvin
Chen,ipopt,7,994.3115266271274,marvin
Chen,SLSQP,9,9720.335348896446,marvin
Chen,fides,7,1019.9216821396884,marvin
Chen,cg,4,13904.087820247943,marvin
Chen,ipopt,10,6902.656518251695,marvin
Chen,newton-cg,4,29300.962722474083,marvin
Bruno,dogleg,8,-46.68818974158077,marvin
Chen,newton-cg,7,29288.823014830985,marvin
Chen,newton-cg,3,29275.335212489183,marvin
Chen,cg,9,21116.519798370828,marvin
Chen,nlopt_11,7,8511.552668321941,marvin
Chen,fides,4,8780.918470272882,marvin
Bruno,dogleg,3,-46.68819029898849,marvin
Chen,fides,8,307.65353205746703,marvin
Chen,nlopt_11,1,9880.88512795287,marvin
Chen,nlopt_11,4,9803.67858090702,marvin
Chen,newton-cg,5,29288.893601201285,marvin
Chen,fides,2,567.5874470099307,marvin
Chen,newton-cg,2,28909.01456348802,marvin
Chen,nlopt_11,9,12610.175006563259,marvin
Chen,L-BFGS-B,4,26076.286984268256,marvin
Chen,cg,6,16526.845944198834,marvin
Chen,fides,6,1092.6618426911032,marvin
Chen,SLSQP,2,6482.265074373814,marvin
Chen,newton-cg,6,29273.698567212818,marvin
Chen,nlopt_13,1,8316.594822669787,marvin
Chen,ipopt,9,1476.3270365383848,marvin
Chen,newton-cg,10,29285.934377573176,marvin
Chen,newton-cg,9,29290.15926960353,marvin
Chen,nlopt_13,6,6654.1352889384325,marvin
Chen,nlopt_13,2,10102.728908631625,marvin
Chen,ipopt,5,3037.3762823448324,marvin
Chen,fides,9,6598.240446742218,marvin
Chen,nlopt_12,5,30347.72456723233,marvin
Chen,nlopt_11,2,14328.251508221612,marvin
Chen,fides,10,3066.9174703551957,marvin
Chen,fides,3,5428.842495604937,marvin
Chen,SLSQP,5,3727.163845983682,marvin
Chen,nlopt_12,1,29306.534837928826,marvin
Chen,SLSQP,10,11213.343107904951,marvin
Chen,nlopt_11,6,2632.97175041253,marvin
Bruno,nlopt_37,5,-46.68818434999348,marvin
Chen,nlopt_11,10,9711.873117442352,marvin
Chen,SLSQP,3,5792.262275308577,marvin
Chen,nlopt_13,4,594.9182760387823,marvin
Chen,nlopt_12,9,28406.339009423576,marvin
Chen,nlopt_13,8,9811.090126874518,marvin
Chen,nlopt_12,2,26128.66712716842,marvin
Chen,nlopt_11,5,12464.023156284475,marvin
Chen,nlopt_12,7,29329.48399554268,marvin
Chen,nlopt_11,8,7827.174021513721,marvin
Chen,cg,2,23328.988342910005,marvin
Chen,nlopt_12,4,28813.437912380625,marvin
Chen,SLSQP,6,6280.307902799742,marvin
Chen,fides,1,2668.6868994621195,marvin
Chen,nlopt_14,1,6613.152484073926,marvin
Chen,newton-cg,8,29306.873922992185,marvin
Chen,nlopt_12,3,29402.156551489057,marvin
Chen,nlopt_16,7,12077.31659573064,marvin
Chen,nlopt_18,4,13434.66582341254,marvin
Chen,nlopt_14,8,3732.9955365273354,marvin
Chen,nlopt_12,10,31115.304003286405,marvin
Chen,nlopt_11,3,10762.170532318883,marvin
Chen,nlopt_12,6,26427.017968583346,marvin
Bruno,nlopt_37,8,-46.688184714910335,marvin
Chen,nlopt_16,10,14178.377523648214,marvin
Chen,nlopt_18,10,21587.581692081138,marvin
Chen,nlopt_16,3,10206.565820799538,marvin
Chen,nlopt_13,5,12411.168490828262,marvin
Bruno,tnc,8,-38.33283651983494,marvin
Chen,nlopt_13,10,6553.621237147118,marvin
Chen,fides,5,1509.6708723279153,marvin
Chen,nlopt_18,5,20025.048304652246,marvin
Chen,nlopt_18,9,12352.160952998867,marvin
Chen,nlopt_16,4,23279.914254160103,marvin
Chen,nlopt_18,7,14590.845427063397,marvin
Chen,nlopt_14,7,20205.97932601276,marvin
Chen,nlopt_14,6,6522.47027590404,marvin
Chen,nlopt_14,9,11374.961058788014,marvin
Chen,nlopt_16,8,20690.961080962574,marvin
Chen,nlopt_14,2,6669.219805588424,marvin
Chen,nlopt_23,6,20485.0902140312,marvin
Chen,nlopt_14,10,14262.790989334982,marvin
Chen,nlopt_14,5,12971.650220134183,marvin
Bruno,tnc,1,-43.031633455779854,marvin
Chen,nlopt_16,9,4969.8766538891105,marvin
Chen,nlopt_21,2,10019.468556651811,marvin
Chen,nlopt_12,8,30685.105206785007,marvin
Chen,nlopt_18,1,17295.24873183849,marvin
Chen,nlopt_21,3,9909.99103272373,marvin
Chen,nlopt_15,10,14763.101982527753,marvin
Chen,nlopt_23,1,22416.345297004314,marvin
Chen,nlopt_14,3,8988.981389855868,marvin
Chen,nlopt_23,2,22194.702277654687,marvin
Chen,nlopt_13,9,9692.268828417695,marvin
Chen,nlopt_18,8,22159.224903144728,marvin
Chen,nlopt_18,2,13347.124447808072,marvin
Chen,nlopt_21,6,12414.888769885305,marvin
Chen,dogleg,1,26891.05532366192,marvin
Chen,nlopt_13,7,9794.347425637668,marvin
Chen,nlopt_13,3,2611.9437318955656,marvin
Chen,nlopt_16,6,20443.22814201726,marvin
Chen,nlopt_21,4,934.550913884606,marvin
Chen,nlopt_23,5,9558.179492305064,marvin
Chen,nlopt_16,1,14077.842184713825,marvin
Chen,nlopt_21,9,1775.2106371477441,marvin
Chen,nlopt_15,3,14659.613144788345,marvin
Chen,nlopt_23,4,20698.24378150984,marvin
Chen,nlopt_21,10,7138.855731254556,marvin
Chen,nlopt_21,5,14344.50823613016,marvin
Chen,nlopt_15,8,11165.559652457652,marvin
Chen,nlopt_18,6,11842.436187652209,marvin
Chen,nlopt_16,5,10468.676620767796,marvin
Chen,nlopt_21,7,7951.208118901015,marvin
Chen,nlopt_26,3,14493.121745303288,marvin
Chen,nlopt_23,7,9785.674864377565,marvin
Chen,nlopt_21,8,6887.839100083291,marvin
Chen,nlopt_21,1,11446.925713585104,marvin
Chen,nlopt_16,2,24221.706846028326,marvin
Chen,nlopt_28,1,22319.23995614511,marvin
Chen,nlopt_28,10,12576.200933179973,marvin
Bruno,trust-ncg,2,-46.68818947540686,marvin
Chen,nlopt_15,9,14939.760343390122,marvin
Chen,cg,7,24940.914795291403,marvin
Chen,nlopt_28,8,22917.3869275761,marvin
Chen,nlopt_23,10,12398.236995321282,marvin
Chen,nlopt_26,7,29047.75983407366,marvin
Chen,nlopt_14,4,19839.743828543127,marvin
Chen,nlopt_26,4,27421.608583624497,marvin
Chen,nlopt_28,4,21549.344178666375,marvin
Chen,SLSQP,4,2985.407587919878,marvin
Chen,nlopt_15,6,13846.255685902906,marvin
Chen,nlopt_28,2,23527.77942075661,marvin
Chen,nlopt_29,5,3312.1671469207304,marvin
Chen,nlopt_23,3,20565.03781664682,marvin
Chen,nlopt_29,2,6674.381577062786,marvin
Chen,nlopt_28,3,20964.673783428938,marvin
Chen,nlopt_18,3,16458.904293981035,marvin
Chen,nlopt_26,2,23518.804074847398,marvin
Chen,nlopt_34,3,29039.244452176623,marvin
Chen,nlopt_23,9,16925.635214195896,marvin
Chen,nlopt_26,9,26181.07496502108,marvin
Chen,nlopt_26,6,24289.141434784447,marvin
Chen,nlopt_26,1,29268.84492636576,marvin
Chen,nlopt_29,4,9002.888305058295,marvin
Chen,nlopt_23,8,22416.26944334093,marvin
Bruno,trust-krylov,9,-46.68819068867133,marvin
Bruno,tnc,4,-44.790970379224646,marvin
Chen,nlopt_29,6,12333.718253141771,marvin
Chen,nlopt_15,5,13992.857166217042,marvin
Chen,nlopt_26,8,28246.528484532668,marvin
Chen,nlopt_28,5,25182.070091846046,marvin
Chen,nlopt_29,7,3875.3240162319294,marvin
Chen,nlopt_29,10,1372.6891946436656,marvin
Chen,nlopt_26,10,20803.23620244392,marvin
Bruno,dogleg,6,-46.68819005069605,marvin
Chen,nlopt_29,1,2728.061295892241,marvin
Chen,nlopt_36,7,9269.220525877912,marvin
Chen,nlopt_28,7,13063.95485566002,marvin
Chen,nlopt_29,3,20065.217773780092,marvin
Chen,nlopt_34,1,29268.589560099877,marvin
Bruno,trust-ncg,7,-46.68819003808571,marvin
Chen,dogleg,3,24042.580377423572,marvin
Chen,nlopt_36,9,13689.801862998673,marvin
Chen,nlopt_29,8,12121.189780461842,marvin
Chen,nlopt_28,6,23573.781067334312,marvin
Bruno,trust-krylov,1,-46.68819028584643,marvin
Chen,nlopt_37,5,2670.2665700727957,marvin
Chen,nlopt_29,9,7830.991379586507,marvin
Chen,nlopt_34,2,28595.81853119283,marvin
Bruno,trust-krylov,2,-46.68818983436696,marvin
Chen,dogleg,8,27839.157406387327,marvin
Chen,nlopt_28,9,22694.024133298306,marvin
Chen,nlopt_34,4,29267.945720995147,marvin
Chen,nlopt_26,5,26033.935725975658,marvin
Chen,nlopt_15,1,13394.233561324765,marvin
Chen,nlopt_37,8,13858.499891351978,marvin
Chen,nlopt_34,8,24561.379166459876,marvin
Chen,pysacess_cmaes,1,5129.508462682407,marvin
Chen,nlopt_36,3,12893.763506660487,marvin
Chen,nlopt_36,10,10788.071833828497,marvin
Chen,nlopt_39,4,13714.459016642306,marvin
Chen,nlopt_39,6,22226.167806315458,marvin
Chen,nlopt_34,7,28216.877102052753,marvin
Chen,pysacess,3,1954.5278867776115,marvin
Chen,nlopt_34,6,15276.967747303897,marvin
Bruno,trust-krylov,5,-46.68818985842357,marvin
Chen,pysacess,1,1252.0822759665402,marvin
Chen,pysacess,9,5690.511744705474,marvin
Chen,nlopt_34,5,27072.041998564317,marvin
Chen,pysacess,10,3459.2668356642316,marvin
Chen,nlopt_39,1,22416.439472618546,marvin
Chen,nlopt_39,8,22416.38222535874,marvin
Chen,pysacess_cmaes,3,5929.557757191774,marvin
Chen,dogleg,9,28354.66354310083,marvin
Chen,nlopt_36,6,4600.039560627078,marvin
Chen,nlopt_36,5,9821.499798983641,marvin
Chen,nlopt_37,6,6478.936636641054,marvin
Chen,pysacess_fides,6,4480.580184598789,marvin
Chen,pysacess_cmaes,8,3086.2042699797194,marvin
Chen,nlopt_36,4,12565.585119216033,marvin
Chen,nlopt_37,1,13998.457969615916,marvin
Chen,nlopt_15,4,14904.297741018945,marvin
Chen,pysacess_fides,9,6116.730192479003,marvin
Chen,nlopt_39,9,9695.845087510135,marvin
Chen,nlopt_37,3,12462.6746755751,marvin
Chen,pysacess,2,1942.7020060411855,marvin
Chen,nlopt_34,9,22829.612665611723,marvin
Chen,dogleg,10,26467.328760233737,marvin
Bruno,tnc,10,-41.978019006084565,marvin
Chen,pysacess_fides,3,865.5604828805243,marvin
Chen,nlopt_15,7,7365.1411022054635,marvin
Chen,nlopt_15,2,15177.692992229984,marvin
Chen,pysacess_cmaes,10,4338.362655546968,marvin
Chen,pysacess_cmaes,2,2964.6670909876943,marvin
Chen,pysacess_fides,2,6296.501360472335,marvin
Chen,nlopt_36,2,1293.929412974971,marvin
Chen,pysacess,7,4209.910349623217,marvin
Chen,pysacess_ipopt,2,1855.9780331280194,marvin
Bruno,tnc,5,-43.86411420670227,marvin
Bruno,tnc,9,-44.025921168467434,marvin
Chen,nlopt_39,2,22416.49539067634,marvin
Chen,nlopt_39,5,22416.49539067634,marvin
Chen,pysacess_cmaes,6,6672.796181584904,marvin
Chen,nlopt_37,9,10057.616555519242,marvin
Bruno,tnc,7,-39.065689051360906,marvin
Chen,pysacess_ipopt,8,5503.692552693448,marvin
Chen,dogleg,7,28103.286970908608,marvin
Chen,nlopt_36,1,6625.047818410599,marvin
Chen,nlopt_37,7,10916.949902445755,marvin
Chen,pysacess,4,2275.0723125651893,marvin
Chen,pysacess_fides,4,1011.8776533876827,marvin
Chen,nlopt_39,3,16016.743335022376,marvin
Chen,pysacess_fides,1,1680.0195839405467,marvin
Chen,nlopt_39,7,22416.38222535874,marvin
Chen,nlopt_37,4,6722.900149532581,marvin
Chen,pysacess_ipopt,6,1046.1671787564883,marvin
Chen,nlopt_37,10,9946.445679800305,marvin
Chen,dogleg,5,27915.884723719766,marvin
Chen,pysacess_fides,5,1005.3614246620757,marvin
Chen,pysacess_cmaes,5,3052.1561323653787,marvin
Chen,dogleg,4,23968.157893157142,marvin
Chen,pysacess_cmaes,7,7091.680481650074,marvin
Chen,pysacess_ipopt,3,4845.561264286065,marvin
Chen,nlopt_34,10,21509.598362360026,marvin
Chen,pyswarm,10,11972.540845635625,marvin
Chen,nlopt_36,8,12537.205527915723,marvin
Chen,pysacess_ipopt,9,942.3595402303961,marvin
Bruno,trust-ncg,8,-46.68819030334234,marvin
Chen,pysacess_fides,10,1695.8519126742885,marvin
Chen,pysacess,6,2331.605714802675,marvin
Chen,dogleg,2,24388.362680076,marvin
Chen,sacess,10,1909.3516402707776,marvin
Chen,nlopt_37,2,9760.801182095518,marvin
Chen,sacess_ipopt,5,1413.170685142328,marvin
Chen,pyswarm,3,12679.071518259721,marvin
Chen,pysacess,8,3524.6698115889994,marvin
Chen,pyswarm,9,8128.23545144459,marvin
Chen,pysacess_ipopt,4,1161.6969974224764,marvin
Chen,nlopt_39,10,22415.977276827594,marvin
Chen,pysacess,5,1979.9399338093172,marvin
Bruno,trust-ncg,3,-46.68818937150766,marvin
Bruno,trust-ncg,10,-46.688189916811105,marvin
Bruno,trust-ncg,4,-46.688190284547886,marvin
Chen,sacess_ipopt,4,1641.6205774920275,marvin
Chen,sacess_ipopt,1,1000.4165907082196,marvin
Chen,sacess_dhc,1,3056.0152395029945,marvin
Chen,sacess_dhc,8,2005.6800912056488,marvin
Chen,dogleg,6,27853.522750834945,marvin
Chen,sacess,5,8773.553712353076,marvin
Bruno,trust-krylov,10,-46.68818970180348,marvin
Bruno,trust-krylov,4,-46.68819042652236,marvin
Chen,sacess,8,5187.417172053705,marvin
Chen,pysacess_fides,7,517.3231782481388,marvin
Chen,pysacess_ipopt,10,4362.127682652788,marvin
Chen,sacess_dhc,3,2881.4696176866337,marvin
Chen,sacess,7,999.6282013146848,marvin
Chen,sacess_dhc,4,6805.336846115385,marvin
Chen,pysacess_ipopt,7,6730.630916559261,marvin
Chen,pysacess_cmaes,4,8018.39385471195,marvin
Chen,sacess_dhc,9,7099.270846228573,marvin
Chen,pysacess_ipopt,1,1706.0752449069278,marvin
Chen,sacess_ipopt,9,4212.326712509356,marvin
Chen,sacess_dhc,6,4815.31814532811,marvin
Chen,sacess_ipopt,8,2160.180956783523,marvin
Bruno,trust-krylov,3,-46.68819125050443,marvin
Chen,pyswarm,2,12041.329426864555,marvin
Chen,pyswarm,5,9543.319054762485,marvin
Chen,pyswarm,6,10076.273253462688,marvin
Chen,sacess,6,3217.7904320415887,marvin
Chen,sacess_ipopt,10,828.4871159021836,marvin
Chen,sacess_dhc,7,2263.514652564476,marvin
Chen,pyswarm,4,7036.649894599454,marvin
Chen,pysacess_fides,8,2468.538032766589,marvin
Chen,sacess_ipopt,6,1150.620781089939,marvin
Chen,sacess_ipopt,7,1122.280738389748,marvin
Chen,sacess,4,904.4095960416008,marvin
Chen,pyswarm,7,6110.483700760428,marvin
Chen,pysacess_ipopt,5,6995.092735575874,marvin
Chen,sacess,1,1599.2970931621044,marvin
Chen,sacess_dhc,2,4789.876580957687,marvin
Chen,pyswarm,1,11970.28536867259,marvin
Chen,sacess_dhc,5,13429.718417674207,marvin
Chen,sacess,9,1921.2300485515927,marvin
Chen,sacess_dhc,10,1169.2259050760276,marvin
Chen,sacess_ipopt,2,859.2913053687425,marvin
Chen,sacess_ipopt,3,1119.0674342729826,marvin
Bruno,trust-krylov,7,-46.688191498426534,marvin
Chen,sacess,3,869.0117333566493,marvin
Chen,pysacess_cmaes,9,5508.006206786931,marvin
Chen,sacess,2,1733.3281948953393,marvin
Bruno,tnc,3,-44.25862138191175,marvin
Bruno,tnc,2,-41.54251484237825,marvin
Chen,tnc,9,24163.573800019672,marvin
Chen,tnc,1,20651.696533111426,marvin
Chen,tnc,3,21620.707825085767,marvin
Bruno,trust-ncg,6,-46.68819189525392,marvin
Chen,pyswarm,8,7021.847854930412,marvin
Bruno,tnc,6,-46.570514596216825,marvin
Bruno,trust-krylov,8,-46.68818987984406,marvin
Bruno,trust-ncg,5,-46.68819055060581,marvin
Bruno,trust-ncg,9,-46.68818992936754,marvin
Chen,tnc,6,17063.617196725354,marvin
Chen,tnc,2,24262.417058457228,marvin
Chen,trust-ncg,3,26909.65709800454,marvin
Chen,tnc,5,24174.685094609547,marvin
Chen,trust-krylov,10,28818.99710066623,marvin
Chen,tnc,10,20778.464451639367,marvin
Chen,tnc,8,21076.484656168395,marvin
Chen,trust-krylov,3,20657.927381530535,marvin
Chen,tnc,7,20705.281299375387,marvin
Chen,trust-ncg,8,25538.19786432231,marvin
Crauste,cmaes,4,190.96411058295834,marvin
Bruno,trust-krylov,6,-46.68819023896661,marvin
Chen,tnc,4,13658.220366690712,marvin
Crauste,cmaes,2,190.96546101142943,marvin
Bruno,trust-ncg,1,-46.688191907498094,marvin
Chen,trust-ncg,6,28688.324890683383,marvin
Crauste,cmaes,1,190.9654175122778,marvin
Crauste,cmaes,6,190.96428862530024,marvin
Chen,trust-ncg,2,25736.829464822655,marvin
Chen,trust-krylov,7,23852.276142312203,marvin
Chen,trust-ncg,4,15742.59858463815,marvin
Crauste,cmaes,10,190.96454848092603,marvin
Chen,trust-krylov,9,24298.752162597295,marvin
Crauste,cmaes,5,190.96463792590833,marvin
Crauste,cmaes,7,190.96477840091427,marvin
Crauste,cmaes,9,190.96406570416858,marvin
Chen,trust-krylov,4,24751.893909761868,marvin
Crauste,cmaes,8,190.96446879673246,marvin
Chen,trust-ncg,10,28262.64589750845,marvin
Chen,trust-ncg,7,25883.651632015688,marvin
Chen,trust-ncg,9,26010.518909486953,marvin
Crauste,cmaes,3,190.96415558749138,marvin
Crauste,ipopt,1,191.02526203599626,marvin
Chen,trust-krylov,1,27967.57292661074,marvin
Chen,trust-krylov,5,28545.36923596344,marvin
Chen,trust-krylov,6,27792.024636089365,marvin
Chen,trust-krylov,8,28858.343752073884,marvin
Chen,trust-ncg,1,16924.929064315715,marvin
Crauste,ipopt,3,191.03836566265517,marvin
Crauste,ipopt,6,191.0008852339842,marvin
Chen,trust-krylov,2,28034.743277408797,marvin
Crauste,ipopt,7,191.4288094853318,marvin
Chen,trust-ncg,5,28791.91571082255,marvin
Crauste,Nelder-Mead,5,195.68616952489558,marvin
Crauste,ipopt,4,190.96855343750298,marvin
Crauste,ipopt,2,190.98830094141044,marvin
Crauste,Nelder-Mead,4,197.8453159089438,marvin
Crauste,Nelder-Mead,2,203.94327949399943,marvin
Crauste,Nelder-Mead,1,197.09587219054504,marvin
Crauste,Nelder-Mead,10,198.19995850433222,marvin
Crauste,Nelder-Mead,8,197.8132416771797,marvin
Crauste,ipopt,10,191.30223829257102,marvin
Crauste,ipopt,8,191.04140927064307,marvin
Crauste,Nelder-Mead,3,197.61857885965802,marvin
Crauste,ipopt,9,191.009791205889,marvin
Crauste,ipopt,5,191.1548454013558,marvin
Crauste,Nelder-Mead,7,199.42740200908028,marvin
Crauste,Nelder-Mead,6,199.83397609083215,marvin
Crauste,Nelder-Mead,9,193.912413089121,marvin
Crauste,cg,4,191.01034676508436,marvin
Crauste,L-BFGS-B,6,191.02307957251656,marvin
Crauste,cg,1,191.2245119598982,marvin
Crauste,cg,8,191.23864121891583,marvin
Crauste,cg,5,191.74414266920192,marvin
Crauste,BFGS,2,190.9666689412931,marvin
Crauste,cg,6,191.0041734247157,marvin
Crauste,fides,5,190.9641022556135,marvin
Crauste,fides,2,190.82157639512417,marvin
Crauste,fides,1,190.8166187407933,marvin
Crauste,fides,3,190.45706550043687,marvin
Crauste,BFGS,1,190.9672522799456,marvin
Crauste,nlopt_12,1,190.98227914097282,marvin
Crauste,cg,3,191.25402042062308,marvin
Crauste,nlopt_11,3,190.96765339425096,marvin
Crauste,fides,8,190.58184792515476,marvin
Crauste,BFGS,7,190.96669114618575,marvin
Crauste,BFGS,6,190.96668918197008,marvin
Crauste,fides,10,190.96409803143695,marvin
Crauste,nlopt_11,8,190.9680156715482,marvin
Crauste,nlopt_11,5,190.96724449511387,marvin
Crauste,cg,9,191.22410743793694,marvin
Crauste,SLSQP,6,190.97359516411075,marvin
Crauste,nlopt_11,2,190.96706728328238,marvin
Crauste,nlopt_11,7,190.96672622141085,marvin
Crauste,cg,10,191.02763064260466,marvin
Crauste,cg,7,191.0051497862478,marvin
Crauste,nlopt_12,2,191.0197193361893,marvin
Crauste,SLSQP,8,190.97007202499012,marvin
Crauste,nlopt_12,3,191.0203841560153,marvin
Crauste,fides,9,190.80852096443047,marvin
Crauste,L-BFGS-B,10,191.0313678163382,marvin
Crauste,nlopt_11,6,190.96717512844518,marvin
Crauste,nlopt_11,1,190.9671140973815,marvin
Crauste,BFGS,10,190.9732086226064,marvin
Crauste,BFGS,4,190.9679937242728,marvin
Crauste,cg,2,191.01137130011193,marvin
Crauste,fides,4,190.6495076515116,marvin
Crauste,nlopt_11,10,190.96734943895748,marvin
Crauste,COBYLA,5,234.24089881422108,marvin
Crauste,nlopt_11,4,190.9670098242244,marvin
Crauste,COBYLA,4,221.60121421588835,marvin
Crauste,nlopt_12,4,190.98551125503482,marvin
Crauste,L-BFGS-B,9,191.00872671708674,marvin
Crauste,BFGS,9,190.96715184981952,marvin
Crauste,BFGS,8,190.96833915378656,marvin
Crauste,L-BFGS-B,4,190.99247903744185,marvin
Crauste,COBYLA,6,217.77303235046094,marvin
Crauste,BFGS,5,190.9713613048093,marvin
Crauste,nlopt_11,9,190.9666202787174,marvin
Crauste,nlopt_12,5,190.99116243237606,marvin
Crauste,SLSQP,7,190.97316807511552,marvin
Crauste,nlopt_12,6,191.00053301266735,marvin
Crauste,newton-cg,2,191.12585407388028,marvin
Crauste,SLSQP,5,190.9726555749188,marvin
Crauste,nlopt_12,7,190.98652510927928,marvin
Crauste,newton-cg,1,191.05306289679066,marvin
Crauste,SLSQP,9,190.9721613744575,marvin
Crauste,SLSQP,3,190.97825086866368,marvin
Crauste,fides,7,190.78540592331984,marvin
Crauste,COBYLA,8,218.80778502645435,marvin
Crauste,L-BFGS-B,3,191.03124948196563,marvin
Crauste,SLSQP,2,190.97810648277846,marvin
Crauste,nlopt_15,3,190.97920758889288,marvin
Crauste,newton-cg,5,193.10413951656298,marvin
Crauste,L-BFGS-B,5,191.01548480950783,marvin
Crauste,fides,6,190.77677816159695,marvin
Crauste,L-BFGS-B,7,191.0158286718428,marvin
Crauste,newton-cg,6,192.94103462894503,marvin
Crauste,L-BFGS-B,8,191.0238014998402,marvin
Crauste,L-BFGS-B,1,191.03327733016974,marvin
Crauste,COBYLA,1,250.50137225883034,marvin
Crauste,SLSQP,4,190.97940764125863,marvin
Crauste,BFGS,3,190.96575191634776,marvin
Crauste,newton-cg,3,193.63469591566962,marvin
Crauste,COBYLA,3,257.1441330222109,marvin
Crauste,nlopt_15,10,190.9877097679828,marvin
Crauste,L-BFGS-B,2,191.0343236690382,marvin
Crauste,nlopt_15,4,190.98378847779676,marvin
Crauste,COBYLA,9,243.5840862499602,marvin
Crauste,nlopt_18,2,190.98588837169495,marvin
Crauste,nlopt_16,3,190.9736302084349,marvin
Crauste,nlopt_12,10,190.99415694995506,marvin
Crauste,COBYLA,10,216.541621228266,marvin
Crauste,nlopt_15,1,190.97462084572194,marvin
Crauste,COBYLA,2,221.5364598160419,marvin
Crauste,nlopt_12,8,190.98873732223365,marvin
Crauste,nlopt_18,1,190.9916315779779,marvin
Crauste,COBYLA,7,226.28515377349308,marvin
Crauste,nlopt_15,6,190.98133055764168,marvin
Crauste,newton-cg,7,193.30657347389158,marvin
Crauste,nlopt_16,6,190.96813278998394,marvin
Crauste,nlopt_15,5,190.98312050493314,marvin
Crauste,nlopt_13,1,190.96705139940613,marvin
Crauste,nlopt_16,8,190.97070261755698,marvin
Crauste,nlopt_15,7,190.9826513804235,marvin
Crauste,nlopt_16,5,190.97554562253396,marvin
Crauste,nlopt_16,1,190.97240606557355,marvin
Crauste,nlopt_15,2,190.9805249138265,marvin
Crauste,nlopt_15,9,190.97963256290913,marvin
Crauste,nlopt_18,6,191.00777410029988,marvin
Crauste,nlopt_18,5,190.97911728424532,marvin
Crauste,nlopt_16,7,190.9747878999301,marvin
Crauste,newton-cg,8,191.91712050123098,marvin
Crauste,nlopt_15,8,190.9784134117595,marvin
Crauste,nlopt_14,8,190.96776349417894,marvin
Crauste,nlopt_18,9,190.97729073234837,marvin
Crauste,nlopt_18,10,190.97675202311166,marvin
Crauste,nlopt_16,4,190.9714786870056,marvin
Crauste,nlopt_18,4,190.98781687645777,marvin
Crauste,newton-cg,10,191.81126812304998,marvin
Crauste,nlopt_18,3,190.9866902342027,marvin
Crauste,nlopt_21,4,190.9714849705386,marvin
Crauste,dogleg,8,250.88694064395423,marvin
Crauste,nlopt_16,2,190.974716846903,marvin
Crauste,SLSQP,1,190.9670931486669,marvin
Crauste,newton-cg,4,191.95332858141353,marvin
Crauste,nlopt_18,7,190.99946587465018,marvin
Crauste,nlopt_13,2,190.967167256852,marvin
Crauste,nlopt_18,8,190.9852656635688,marvin
Crauste,nlopt_14,6,190.96674938401034,marvin
Crauste,nlopt_16,9,190.9719342774233,marvin
Crauste,nlopt_13,3,190.96490292267654,marvin
Crauste,newton-cg,9,193.5624808646639,marvin
Crauste,nlopt_13,9,190.9670368633008,marvin
Crauste,nlopt_13,5,190.96641931507466,marvin
Crauste,nlopt_12,9,190.98960119309106,marvin
Crauste,dogleg,5,248.00760863642773,marvin
Crauste,SLSQP,10,190.97896828362155,marvin
Crauste,nlopt_16,10,190.97505506192837,marvin
Crauste,nlopt_21,10,190.98098497494365,marvin
Crauste,nlopt_21,5,190.97439129592175,marvin
Crauste,nlopt_21,2,190.98416964834536,marvin
Crauste,nlopt_13,6,190.9665415576779,marvin
Crauste,nlopt_14,7,190.96613796732515,marvin
Crauste,nlopt_14,9,190.966157615318,marvin
Crauste,nlopt_14,4,190.96619876525585,marvin
Crauste,nlopt_13,4,190.96611160635217,marvin
Crauste,nlopt_21,3,190.9776171803937,marvin
Crauste,nlopt_14,3,190.96605904768063,marvin
Crauste,nlopt_14,1,190.96570711624176,marvin
Crauste,nlopt_14,2,190.96770004571854,marvin
Crauste,nlopt_29,9,191.00298144551897,marvin
Crauste,nlopt_21,1,190.98042981359742,marvin
Crauste,nlopt_29,5,191.0020035983167,marvin
Crauste,nlopt_29,7,190.98776665505792,marvin
Crauste,nlopt_21,6,190.97672676849479,marvin
Crauste,nlopt_29,1,190.99495613583468,marvin
Crauste,dogleg,9,241.21727769472855,marvin
Crauste,nlopt_23,2,191.00045409871197,marvin
Crauste,nlopt_29,6,191.0007421918059,marvin
Crauste,nlopt_21,8,190.97898625814162,marvin
Crauste,pysacess,5,191.01408196931374,marvin
Crauste,pysacess,2,191.00156180964876,marvin
Crauste,pysacess,3,190.99089551759923,marvin
Crauste,nlopt_28,6,191.2589242506561,marvin
Crauste,nlopt_21,7,190.9755585168711,marvin
Crauste,pysacess,4,190.98164819382794,marvin
Crauste,nlopt_28,5,191.3710306587239,marvin
Crauste,nlopt_13,8,190.96641666083963,marvin
Crauste,nlopt_29,2,191.00107673529286,marvin
Crauste,nlopt_14,10,190.966132585893,marvin
Crauste,dogleg,3,259.46997008979645,marvin
Crauste,nlopt_23,6,190.98201677951462,marvin
Crauste,nlopt_13,7,190.9666498132583,marvin
Crauste,nlopt_29,4,191.00361442712583,marvin
Crauste,pysacess_cmaes,7,190.9999911361794,marvin
Crauste,dogleg,6,216.52699249625843,marvin
Crauste,dogleg,1,217.35222966981271,marvin
Crauste,nlopt_28,9,190.98331218627763,marvin
Crauste,nlopt_29,3,191.00294271192098,marvin
Crauste,pysacess_cmaes,2,190.96498868550768,marvin
Crauste,dogleg,7,258.50790494437035,marvin
Crauste,nlopt_26,3,190.99370201114058,marvin
Crauste,pysacess,1,191.01665019696037,marvin
Crauste,pysacess_cmaes,4,190.964607551294,marvin
Crauste,nlopt_23,7,191.01113333195676,marvin
Crauste,nlopt_26,9,190.99742328772868,marvin
Crauste,nlopt_23,1,190.99140455328427,marvin
Crauste,pysacess_fides,6,190.9640875767891,marvin
Crauste,pysacess,7,191.01328082250424,marvin
Crauste,pysacess,10,191.00034256583683,marvin
Crauste,nlopt_21,9,190.97561495627815,marvin
Crauste,pysacess_cmaes,8,190.98603306571408,marvin
Crauste,nlopt_28,1,191.14545013317942,marvin
Crauste,nlopt_26,10,190.99365651195467,marvin
Crauste,nlopt_14,5,190.96640506976397,marvin
Crauste,pysacess_fides,3,190.9640655004859,marvin
Crauste,pysacess,9,190.99711226434223,marvin
Crauste,pysacess,6,191.0176143387713,marvin
Crauste,dogleg,2,243.3862066757842,marvin
Crauste,pysacess_ipopt,7,190.96506762491234,marvin
Crauste,pysacess,8,190.98940703105083,marvin
Crauste,nlopt_13,10,190.96704080769481,marvin
Crauste,nlopt_23,4,191.00387032732036,marvin
Crauste,pysacess_cmaes,9,190.96538191638598,marvin
Crauste,pysacess_ipopt,9,190.96651312269938,marvin
Crauste,pysacess_fides,9,190.96404296966438,marvin
Crauste,pysacess_fides,1,190.9640424994802,marvin
Crauste,pysacess_cmaes,1,190.96474406927578,marvin
Crauste,pysacess_cmaes,3,190.9658936421091,marvin
Crauste,pysacess_fides,5,190.96407109394863,marvin
Crauste,pysacess_fides,7,190.96406839412813,marvin
Crauste,pysacess_ipopt,5,190.96547015377115,marvin
Crauste,nlopt_29,10,191.00508035622536,marvin
Crauste,nlopt_26,7,190.99244688914263,marvin
Crauste,pysacess_cmaes,6,190.96472443073853,marvin
Crauste,pysacess_fides,8,190.96406980982803,marvin
Crauste,pysacess_ipopt,10,190.9649329611348,marvin
Crauste,pysacess_fides,4,190.9640630652641,marvin
Crauste,pysacess_ipopt,6,190.96530974643412,marvin
Crauste,nlopt_23,10,191.01179561822352,marvin
Crauste,pysacess_cmaes,5,190.9847453576414,marvin
Crauste,nlopt_26,5,190.99461865458744,marvin
Crauste,pysacess_ipopt,2,190.9650061952279,marvin
Crauste,pysacess_ipopt,4,190.96543241658796,marvin
Crauste,pysacess_ipopt,3,190.96534043431328,marvin
Crauste,pysacess_ipopt,8,190.96679383747528,marvin
Crauste,sacess,10,190.97915948448875,marvin
Crauste,pysacess_cmaes,10,190.96461727461,marvin
Crauste,pysacess_fides,10,190.96406897470692,marvin
Crauste,nlopt_29,8,190.99394758199,marvin
Crauste,sacess,9,190.97369004795328,marvin
Crauste,nlopt_23,8,201.8006292809158,marvin
Crauste,sacess_ipopt,2,190.96506902033485,marvin
Crauste,nlopt_28,2,191.2178914490061,marvin
Crauste,sacess,4,190.9744386440772,marvin
Crauste,pysacess_fides,2,190.96405570341318,marvin
Crauste,nlopt_28,7,191.07020142364595,marvin
Crauste,pysacess_ipopt,1,190.97200157141984,marvin
Crauste,nlopt_28,8,191.37717619338338,marvin
Crauste,sacess_dhc,6,190.97348632629615,marvin
Crauste,sacess,2,190.97370645475527,marvin
Crauste,nlopt_28,4,192.10441701013897,marvin
Crauste,dogleg,10,259.9418646039585,marvin
Crauste,nlopt_28,10,191.13338963643247,marvin
Crauste,sacess,3,190.973825814188,marvin
Crauste,sacess,8,190.97474757124957,marvin
Crauste,nlopt_23,5,191.01296692590788,marvin
Crauste,sacess,6,190.97524202982177,marvin
Crauste,nlopt_23,3,190.99238456170215,marvin
Crauste,sacess_dhc,3,190.97294185965904,marvin
Crauste,sacess_dhc,8,190.9726315267632,marvin
Crauste,sacess_dhc,5,190.9738614895036,marvin
Crauste,sacess,1,190.9732866226028,marvin
Crauste,sacess_ipopt,5,190.96449134309248,marvin
Crauste,sacess_dhc,4,190.9728713760695,marvin
Crauste,sacess_ipopt,9,190.96446079833916,marvin
Crauste,sacess_ipopt,8,190.9648732189296,marvin
Crauste,nlopt_26,2,190.9981467406773,marvin
Crauste,sacess_ipopt,6,190.96452185700363,marvin
Crauste,sacess_ipopt,3,190.96478682007657,marvin
Crauste,sacess_dhc,10,190.972425354408,marvin
Crauste,sacess_dhc,1,190.97252759817684,marvin
Crauste,sacess_ipopt,7,190.9647292033717,marvin
Crauste,sacess_dhc,9,190.97259808124045,marvin
Crauste,nlopt_26,8,190.99524595717668,marvin
Crauste,sacess_ipopt,4,190.96451729533953,marvin
Crauste,nlopt_28,3,190.97320921289787,marvin
Crauste,sacess_dhc,7,190.97330860448292,marvin
Crauste,sacess_dhc,2,190.97326182562827,marvin
Crauste,sacess,7,190.97391500816488,marvin
Crauste,nlopt_26,6,190.99242263926416,marvin
Crauste,nlopt_26,4,190.99650820245873,marvin
Crauste,sacess,5,190.97397658349007,marvin
Crauste,nlopt_34,8,190.99813835531276,marvin
Crauste,sacess_ipopt,1,190.9647717310314,marvin
Crauste,sacess_ipopt,10,190.96480989323416,marvin
Crauste,dogleg,4,226.62025548380126,marvin
Crauste,nlopt_34,7,190.9985075083086,marvin
Crauste,nlopt_23,9,191.00358781476655,marvin
Crauste,nlopt_34,3,191.00328170437436,marvin
Crauste,pyswarm,2,206.11477579078473,marvin
Crauste,nlopt_36,10,190.96613255756617,marvin
Crauste,nlopt_34,2,190.99914232316007,marvin
Crauste,nlopt_34,1,190.99828873940749,marvin
Crauste,nlopt_34,4,191.0028214095116,marvin
Crauste,pyswarm,3,201.76799904813979,marvin
Crauste,nlopt_34,9,191.0059286768552,marvin
Crauste,nlopt_36,5,190.96729300012458,marvin
Crauste,pyswarm,4,195.4261453574267,marvin
Crauste,nlopt_26,1,190.9977878223326,marvin
Crauste,nlopt_34,6,190.99501069821525,marvin
Crauste,nlopt_34,5,190.99765543559926,marvin
Crauste,nlopt_34,10,190.9999370631978,marvin
Crauste,pyswarm,9,201.21432594183955,marvin
Crauste,nlopt_39,2,190.99658720085282,marvin
Crauste,nlopt_39,3,191.0198818823294,marvin
Crauste,nlopt_36,1,190.96804289475054,marvin
Crauste,nlopt_36,3,190.96798667812993,marvin
Crauste,nlopt_37,5,190.96813631119554,marvin
Crauste,nlopt_37,1,190.96621949280146,marvin
Crauste,nlopt_37,8,190.96762516112884,marvin
Crauste,nlopt_36,6,190.96810153111517,marvin
Crauste,nlopt_36,4,190.96588383612425,marvin
Crauste,nlopt_36,7,190.96779549361727,marvin
Crauste,nlopt_37,3,190.96715790621778,marvin
Crauste,nlopt_36,2,190.96751670777306,marvin
Crauste,nlopt_37,10,190.9663360213819,marvin
Crauste,nlopt_37,9,190.96841539605308,marvin
Crauste,nlopt_39,5,190.9975749573027,marvin
Crauste,pyswarm,10,204.26660693465408,marvin
Crauste,nlopt_39,9,191.00292263303044,marvin
Crauste,nlopt_39,1,190.99666268864823,marvin
Crauste,nlopt_39,10,191.006862391134,marvin
Crauste,nlopt_39,4,190.9973036481034,marvin
Crauste,nlopt_39,7,191.01191232323788,marvin
Crauste,nlopt_37,6,190.96659830337214,marvin
Crauste,nlopt_36,8,190.96592745581623,marvin
Crauste,nlopt_37,4,190.96885345716473,marvin
Crauste,pyswarm,8,205.4592692887669,marvin
Crauste,nlopt_39,6,190.99332062284861,marvin
Crauste,nlopt_36,9,190.9662880564847,marvin
Crauste,pyswarm,7,203.55480690869376,marvin
Crauste,pyswarm,6,203.8719076213069,marvin
Crauste,nlopt_37,7,190.96735781296502,marvin
Crauste,pyswarm,1,197.65378151945066,marvin
Crauste,trust-ncg,4,190.97272239504576,marvin
Crauste,pyswarm,5,201.9716461965058,marvin
Elowitz,cmaes,1,-65.63509659075669,marvin
Crauste,trust-ncg,9,190.973351871284,marvin
Elowitz,cmaes,2,-65.63477570462493,marvin
Crauste,nlopt_39,8,190.99278973316024,marvin
Crauste,trust-ncg,7,190.97362113194032,marvin
Crauste,trust-ncg,6,190.9745664053106,marvin
Elowitz,cmaes,3,-65.63474436080783,marvin
Elowitz,cmaes,5,-65.4915615093764,marvin
Crauste,trust-krylov,10,190.97439658058036,marvin
Crauste,trust-krylov,4,190.97254932087213,marvin
Crauste,trust-krylov,2,190.97217937007127,marvin
Crauste,trust-ncg,8,190.97493603200624,marvin
Crauste,nlopt_37,2,190.96750508292394,marvin
Crauste,trust-ncg,10,190.97356743025637,marvin
Elowitz,cmaes,8,-65.63457431508513,marvin
Elowitz,cmaes,7,-65.49292237394826,marvin
Crauste,trust-krylov,5,190.9732248375168,marvin
Elowitz,cmaes,6,-65.4929709634406,marvin
Elowitz,cmaes,4,-65.63501576614648,marvin
Elowitz,cmaes,9,-65.63497981945551,marvin
Crauste,trust-krylov,6,190.96924340053283,marvin
Elowitz,Nelder-Mead,8,-53.80196811732368,marvin
Crauste,trust-ncg,3,190.97379948525807,marvin
Crauste,trust-krylov,8,190.97301276399853,marvin
Elowitz,cmaes,10,-65.63490172016165,marvin
Crauste,trust-ncg,2,190.97521721668093,marvin
Crauste,trust-krylov,7,190.9713158053621,marvin
Elowitz,Nelder-Mead,7,-47.61772000815319,marvin
Elowitz,Nelder-Mead,1,-49.698537985673894,marvin
Crauste,trust-krylov,3,190.97093143072325,marvin
Elowitz,Nelder-Mead,4,-51.34084790983724,marvin
Elowitz,cg,1,-59.909770824561136,marvin
Crauste,tnc,9,202.708088240684,marvin
Crauste,trust-ncg,1,190.97393566742073,marvin
Crauste,trust-krylov,9,190.97259682705337,marvin
Elowitz,cg,3,-54.98752365696073,marvin
Elowitz,Nelder-Mead,6,-48.3228479315209,marvin
Crauste,trust-ncg,5,190.97382430570707,marvin
Elowitz,BFGS,9,-59.60806852665993,marvin
Elowitz,Nelder-Mead,5,-48.35196865810971,marvin
Crauste,tnc,2,205.4097614442851,marvin
Elowitz,cg,2,-59.80863084318404,marvin
Elowitz,Nelder-Mead,3,-46.93067977674367,marvin
Elowitz,BFGS,3,-62.70492187674902,marvin
Elowitz,Nelder-Mead,2,-57.64353400257387,marvin
Elowitz,Nelder-Mead,9,-54.44221826540817,marvin
Crauste,trust-krylov,1,190.972898132778,marvin
Elowitz,cg,10,-65.15924867760017,marvin
Elowitz,BFGS,8,-59.81964546810606,marvin
Crauste,tnc,6,212.28192666135052,marvin
Elowitz,cg,5,-59.0539889487268,marvin
Elowitz,BFGS,1,-61.97303443860581,marvin
Elowitz,Nelder-Mead,10,-47.645091770324946,marvin
Crauste,tnc,1,214.8386029433824,marvin
Crauste,tnc,10,206.2292443465685,marvin
Elowitz,L-BFGS-B,4,-61.36718042236064,marvin
Elowitz,cg,7,-64.6476147792629,marvin
Crauste,tnc,4,202.38407292053154,marvin
Elowitz,cg,6,-58.88013871736203,marvin
Elowitz,cg,9,-59.60172749921268,marvin
Crauste,tnc,8,203.58321065339746,marvin
Crauste,tnc,7,207.4729455041386,marvin
Elowitz,COBYLA,3,-43.445896576621735,marvin
Elowitz,L-BFGS-B,1,-58.96733143340942,marvin
Elowitz,cg,4,-65.4207232257756,marvin
Crauste,tnc,5,207.01293102046108,marvin
Elowitz,BFGS,6,-59.76782214728361,marvin
Elowitz,L-BFGS-B,6,-65.55519220826561,marvin
Elowitz,BFGS,2,-59.80547058216356,marvin
Elowitz,L-BFGS-B,5,-59.79519048284676,marvin
Elowitz,L-BFGS-B,2,-61.3668741687796,marvin
Elowitz,ipopt,1,-65.59792547110312,marvin
Elowitz,ipopt,2,-59.81986638630639,marvin
Elowitz,ipopt,9,-65.60222070405864,marvin
Elowitz,ipopt,8,-65.47802447906935,marvin
Crauste,tnc,3,204.62675951908687,marvin
Elowitz,cg,8,-59.56353239562833,marvin
Elowitz,L-BFGS-B,3,-65.62285322781149,marvin
Elowitz,BFGS,10,-57.17629309588483,marvin
Elowitz,BFGS,7,-59.60975554723115,marvin
Elowitz,fides,3,-65.63503124213226,marvin
Elowitz,ipopt,5,-63.131842706691494,marvin
Elowitz,BFGS,5,-59.81998772058646,marvin
Elowitz,ipopt,4,-62.047794058972336,marvin
Elowitz,ipopt,10,-59.81387885337711,marvin
Elowitz,COBYLA,10,-47.49502543347315,marvin
Elowitz,COBYLA,8,-42.45588829185168,marvin
Elowitz,L-BFGS-B,8,-65.58447217942752,marvin
Elowitz,COBYLA,1,-44.12379902167796,marvin
Elowitz,BFGS,4,-65.4427702325995,marvin
Elowitz,COBYLA,2,-49.49831419725093,marvin
Elowitz,COBYLA,7,-42.166856574503655,marvin
Elowitz,ipopt,7,-60.45954264295433,marvin
Elowitz,L-BFGS-B,7,-65.34517367232519,marvin
Elowitz,ipopt,3,-65.53798634840723,marvin
Elowitz,COBYLA,5,-43.88926152084996,marvin
Elowitz,fides,4,-65.63500946246236,marvin
Elowitz,nlopt_15,3,-54.674167667680095,marvin
Elowitz,fides,7,-65.55981708261444,marvin
Elowitz,L-BFGS-B,9,-59.810862658103844,marvin
Elowitz,ipopt,6,-59.82020749968291,marvin
Elowitz,nlopt_15,5,-59.76857393703098,marvin
Elowitz,COBYLA,6,-42.47324185084114,marvin
Elowitz,fides,2,-65.63512012927485,marvin
Elowitz,fides,8,-65.63495382831142,marvin
Elowitz,nlopt_16,3,-53.50141628028051,marvin
Elowitz,nlopt_15,8,-38.66963332904895,marvin
Elowitz,fides,6,-65.63023482701446,marvin
Elowitz,COBYLA,9,-42.95128518185407,marvin
Elowitz,nlopt_16,1,-27.00832365920319,marvin
Elowitz,fides,9,-65.6350938017878,marvin
Elowitz,L-BFGS-B,10,-65.3451985460904,marvin
Elowitz,nlopt_16,9,-49.768032687604325,marvin
Elowitz,nlopt_16,6,-37.61774928943925,marvin
Elowitz,nlopt_16,4,-54.10133705917924,marvin
Elowitz,nlopt_11,3,-65.62690815389168,marvin
Elowitz,nlopt_15,6,-35.65546490020052,marvin
Elowitz,nlopt_16,7,-59.65597219662257,marvin
Elowitz,COBYLA,4,-36.14888710026091,marvin
Elowitz,nlopt_15,10,-34.35855447205461,marvin
Elowitz,fides,5,-65.63448247313556,marvin
Elowitz,nlopt_16,8,-36.89587039310617,marvin
Elowitz,nlopt_18,5,-51.59296955084236,marvin
Elowitz,nlopt_16,2,-58.59467533194077,marvin
Elowitz,nlopt_18,3,-36.093654146684216,marvin
Elowitz,nlopt_18,2,-32.169818479632596,marvin
Elowitz,nlopt_15,2,-61.337532526358885,marvin
Elowitz,nlopt_16,5,-30.061287124713797,marvin
Elowitz,nlopt_15,4,-59.609617424027206,marvin
Elowitz,nlopt_18,1,-59.82005839612431,marvin
Elowitz,nlopt_15,1,-62.89844640050587,marvin
Elowitz,nlopt_11,5,-65.6293146914407,marvin
Elowitz,nlopt_18,8,-25.30017926934676,marvin
Elowitz,nlopt_16,10,-59.81920498020608,marvin
Elowitz,nlopt_15,7,-59.60819572507466,marvin
Elowitz,nlopt_18,10,-60.527510459130355,marvin
Elowitz,fides,10,-65.63234025579135,marvin
Elowitz,nlopt_18,6,-53.50256595767689,marvin
Elowitz,nlopt_18,4,-50.58611865948583,marvin
Elowitz,nlopt_15,9,-46.92960191777079,marvin
Elowitz,nlopt_18,7,-56.34159596934989,marvin
Elowitz,nlopt_11,6,-65.53731109082486,marvin
Elowitz,nlopt_18,9,-25.385186598017388,marvin
Elowitz,nlopt_13,2,-65.5729718412373,marvin
Elowitz,nlopt_12,10,-58.819012018764234,marvin
Elowitz,nlopt_12,5,-64.60023614263541,marvin
Elowitz,nlopt_11,9,-60.02710909050801,marvin
Elowitz,nlopt_12,3,-58.79219060759007,marvin
Elowitz,nlopt_11,4,-65.51979079288887,marvin
Elowitz,nlopt_11,1,-65.54308297520502,marvin
Elowitz,SLSQP,2,-65.51205473753947,marvin
Elowitz,SLSQP,3,-65.45719889003969,marvin
Elowitz,nlopt_13,1,-65.63286088178198,marvin
Elowitz,nlopt_11,10,-65.53790929992782,marvin
Elowitz,nlopt_12,7,-58.982903383255405,marvin
Elowitz,nlopt_12,1,-56.724429153944456,marvin
Elowitz,nlopt_12,2,-58.83639901604837,marvin
Elowitz,nlopt_13,3,-65.62922131935612,marvin
Elowitz,nlopt_21,7,-65.52229549257542,marvin
Elowitz,nlopt_11,2,-65.6123207984015,marvin
Elowitz,nlopt_12,6,-59.39078298958027,marvin
Elowitz,nlopt_21,5,-65.25993771421665,marvin
Elowitz,nlopt_14,5,-61.28946854064219,marvin
Elowitz,nlopt_12,4,-59.60799001632232,marvin
Elowitz,nlopt_11,7,-60.187029280454134,marvin
Elowitz,newton-cg,2,-61.6723658202981,marvin
Elowitz,nlopt_13,6,-65.58754884140997,marvin
Elowitz,nlopt_11,8,-65.49295873159346,marvin
Elowitz,nlopt_21,4,-62.04599156846331,marvin
Elowitz,nlopt_12,9,-59.192482133942256,marvin
Elowitz,nlopt_21,9,-63.09895988123193,marvin
Elowitz,nlopt_13,7,-65.49995252976129,marvin
Elowitz,nlopt_34,1,-26.270624180989582,marvin
Elowitz,SLSQP,7,-65.63227613238571,marvin
Elowitz,nlopt_21,6,-65.50515746751455,marvin
Elowitz,nlopt_21,1,-65.53285074649433,marvin
Elowitz,nlopt_12,8,-59.71190491326523,marvin
Elowitz,nlopt_26,7,-64.27832713686696,marvin
Elowitz,nlopt_34,5,-24.66360578680482,marvin
Elowitz,nlopt_34,4,-39.19821249550782,marvin
Elowitz,nlopt_21,3,-65.33232423111983,marvin
Elowitz,nlopt_29,1,-62.75196006460992,marvin
Elowitz,nlopt_34,6,-24.679427711175936,marvin
Elowitz,nlopt_21,2,-59.607742862897545,marvin
Elowitz,fides,1,-65.63435806773242,marvin
Elowitz,nlopt_13,8,-65.49295717713866,marvin
Elowitz,nlopt_14,6,-65.48960700844239,marvin
Elowitz,nlopt_13,9,-65.53268938685854,marvin
Elowitz,nlopt_34,3,-45.27052279490911,marvin
Elowitz,nlopt_14,10,-65.62161402752395,marvin
Elowitz,nlopt_29,6,-65.34054037662753,marvin
Elowitz,newton-cg,8,-59.776122002471055,marvin
Elowitz,nlopt_26,3,-48.13109971554555,marvin
Elowitz,nlopt_34,9,-24.608232784778696,marvin
Elowitz,newton-cg,1,-62.17476360871573,marvin
Elowitz,nlopt_26,8,-59.83100135496989,marvin
Elowitz,nlopt_34,8,-42.57427000228929,marvin
Elowitz,nlopt_21,8,-59.6988432851511,marvin
Elowitz,nlopt_29,8,-64.54721624594166,marvin
Elowitz,nlopt_14,3,-65.51531050359777,marvin
Elowitz,nlopt_14,2,-65.62837355222489,marvin
Elowitz,nlopt_14,7,-65.52073850300286,marvin
Elowitz,nlopt_34,10,-31.009058962246804,marvin
Elowitz,nlopt_34,2,-30.33224340019304,marvin
Elowitz,nlopt_13,4,-65.29096708870169,marvin
Elowitz,nlopt_13,10,-65.53861208519265,marvin
Elowitz,nlopt_34,7,-22.718785792951863,marvin
Elowitz,nlopt_29,10,-62.556070556379865,marvin
Elowitz,nlopt_13,5,-65.51900469212289,marvin
Elowitz,nlopt_26,5,-59.77141496144798,marvin
Elowitz,nlopt_29,3,-65.43666917235738,marvin
Elowitz,nlopt_14,1,-65.62449476701565,marvin
Elowitz,nlopt_14,4,-65.63421045740223,marvin
Elowitz,nlopt_26,4,-56.68134413037682,marvin
Elowitz,nlopt_23,6,-62.06290390495321,marvin
Elowitz,nlopt_29,4,-64.51442260898466,marvin
Elowitz,nlopt_29,5,-65.31849893409087,marvin
Elowitz,nlopt_23,5,-61.35633200783516,marvin
Elowitz,pysacess,3,-65.25634035742802,marvin
Elowitz,nlopt_29,7,-63.98252505935435,marvin
Elowitz,pysacess,1,-65.29714899774301,marvin
Elowitz,nlopt_23,3,-59.8183356904586,marvin
Elowitz,nlopt_26,2,-56.4062935437244,marvin
Elowitz,nlopt_14,8,-65.59838718808787,marvin
Elowitz,pysacess,2,-64.72446520355524,marvin
Elowitz,nlopt_21,10,-65.46801858769226,marvin
Elowitz,nlopt_29,2,-62.88325779035507,marvin
Elowitz,pysacess,6,-64.84934900543504,marvin
Elowitz,nlopt_26,10,-53.55267185904425,marvin
Elowitz,nlopt_23,8,-62.04972133224444,marvin
Elowitz,nlopt_26,9,-59.220171860004115,marvin
Elowitz,nlopt_26,1,-54.38110129056173,marvin
Elowitz,nlopt_29,9,-60.25330566670889,marvin
Elowitz,pysacess_cmaes,5,-65.4928474007968,marvin
Elowitz,nlopt_23,1,-59.187297868855076,marvin
Elowitz,pysacess_cmaes,3,-65.63490532405585,marvin
Elowitz,pysacess,7,-65.47378810678826,marvin
Elowitz,pysacess,4,-65.34746117829937,marvin
Elowitz,pysacess_cmaes,10,-65.49272754807227,marvin
Elowitz,pysacess,9,-65.002206081414,marvin
Elowitz,pysacess_fides,6,-65.63365732336342,marvin
Elowitz,pysacess_fides,2,-65.63322760653885,marvin
Elowitz,pysacess_cmaes,9,-65.49302453143854,marvin
Elowitz,nlopt_26,6,-58.69134778550209,marvin
Elowitz,pysacess,8,-65.17410664406472,marvin
Elowitz,pysacess_cmaes,2,-65.63507109590057,marvin
Elowitz,nlopt_23,4,-59.81036735323136,marvin
Elowitz,pysacess_cmaes,4,-63.2397281145979,marvin
Elowitz,pysacess,10,-65.38828230599238,marvin
Elowitz,nlopt_14,9,-65.49294871809802,marvin
Elowitz,nlopt_28,3,-59.886617859682374,marvin
Elowitz,pysacess_fides,3,-65.63510952205372,marvin
Elowitz,nlopt_23,2,-59.76601526332971,marvin
Elowitz,pysacess_cmaes,7,-65.63310187654956,marvin
Elowitz,pysacess_cmaes,8,-65.4929780929179,marvin
Elowitz,pysacess,5,-65.30961606415197,marvin
Elowitz,pysacess_ipopt,10,-65.48487229110002,marvin
Elowitz,pysacess_fides,8,-65.63427279445206,marvin
Elowitz,pysacess_fides,9,-65.63502412901502,marvin
Elowitz,pysacess_fides,1,-65.63322459628331,marvin
Elowitz,pysacess_ipopt,9,-65.60322891627733,marvin
Elowitz,pysacess_fides,4,-65.5678202650009,marvin
Elowitz,nlopt_23,9,-65.32762599953031,marvin
Elowitz,pysacess_cmaes,1,-65.6331199151618,marvin
Elowitz,pysacess_ipopt,1,-62.794293045633026,marvin
Elowitz,pysacess_ipopt,6,-65.61430610599774,marvin
Elowitz,nlopt_23,7,-65.16534934639364,marvin
Elowitz,pysacess_fides,7,-65.63318649283895,marvin
Elowitz,pysacess_ipopt,2,-65.59854212354956,marvin
Elowitz,pysacess_ipopt,3,-65.60892941985874,marvin
Elowitz,SLSQP,5,-65.45527325052312,marvin
Elowitz,pysacess_fides,10,-65.63510832323031,marvin
Elowitz,pysacess_cmaes,6,-65.49310325017434,marvin
Elowitz,pysacess_ipopt,4,-65.59046407765825,marvin
Elowitz,sacess,1,-65.3241763611733,marvin
Elowitz,pysacess_fides,5,-65.63468529958052,marvin
Elowitz,pysacess_ipopt,7,-64.50794220964453,marvin
Elowitz,sacess_dhc,3,-65.48319343480195,marvin
Elowitz,sacess_dhc,1,-65.4855548394619,marvin
Elowitz,sacess,5,-65.4887452167736,marvin
Elowitz,pysacess_ipopt,8,-60.4722619265449,marvin
Elowitz,sacess,4,-65.44751015431895,marvin
Elowitz,sacess_dhc,6,-65.49277536171756,marvin
Elowitz,newton-cg,5,-59.51725903538575,marvin
Elowitz,sacess_dhc,10,-65.48557386907358,marvin
Elowitz,SLSQP,8,-64.87534045629708,marvin
Elowitz,newton-cg,9,-61.82185062497718,marvin
Elowitz,sacess,10,-65.4381582565437,marvin
Elowitz,pysacess_ipopt,5,-59.73806176762357,marvin
Elowitz,nlopt_28,4,-58.17025055836165,marvin
Elowitz,sacess,6,-65.48943482344852,marvin
Elowitz,sacess,9,-65.49151080813678,marvin
Elowitz,sacess,8,-65.45391274034996,marvin
Elowitz,sacess,2,-65.47462438318864,marvin
Elowitz,SLSQP,9,-65.43750063303207,marvin
Elowitz,sacess_ipopt,6,-65.6226718730358,marvin
Elowitz,SLSQP,6,-65.3250425182463,marvin
Elowitz,sacess_ipopt,4,-65.43232885820807,marvin
Elowitz,newton-cg,6,-63.80636812877499,marvin
Elowitz,nlopt_28,10,-59.25386015775728,marvin
Elowitz,sacess,3,-65.53489762894607,marvin
Elowitz,newton-cg,7,-59.5349664293754,marvin
Elowitz,sacess_dhc,4,-65.49273115398873,marvin
Elowitz,nlopt_28,6,-61.04881099629552,marvin
Elowitz,sacess,7,-65.49635636296979,marvin
Elowitz,newton-cg,3,-63.713316507710836,marvin
Elowitz,sacess_ipopt,5,-65.62162032565057,marvin
Elowitz,sacess_dhc,2,-65.61710908993072,marvin
Elowitz,nlopt_28,9,-61.36089862312018,marvin
Elowitz,sacess_dhc,8,-65.47129648928022,marvin
Elowitz,sacess_ipopt,1,-65.48016514785662,marvin
Elowitz,nlopt_28,7,-58.091211018799186,marvin
Elowitz,sacess_ipopt,8,-65.49000899162553,marvin
Elowitz,sacess_dhc,5,-65.49116022925814,marvin
Elowitz,sacess_ipopt,10,-65.492706109213,marvin
Elowitz,nlopt_28,1,-56.96743713099009,marvin
Elowitz,nlopt_23,10,-63.17956271560663,marvin
Elowitz,sacess_dhc,9,-65.4110775611494,marvin
Elowitz,sacess_ipopt,9,-65.45071061355053,marvin
Elowitz,sacess_ipopt,2,-65.63181994527416,marvin
Elowitz,sacess_dhc,7,-65.45292886175109,marvin
Elowitz,sacess_ipopt,3,-65.61905884613137,marvin
Elowitz,nlopt_39,2,-65.25701440076612,marvin
Elowitz,newton-cg,4,-62.863533258036306,marvin
Elowitz,sacess_ipopt,7,-65.48379584726494,marvin
Elowitz,nlopt_28,2,-59.14150095731321,marvin
Elowitz,dogleg,1,-5.301231471174829,marvin
Elowitz,nlopt_28,5,-57.67780325447299,marvin
Elowitz,SLSQP,1,-65.23258549544913,marvin
Elowitz,newton-cg,10,-59.7179954419174,marvin
Elowitz,nlopt_39,4,-65.38744258089953,marvin
Elowitz,nlopt_39,3,-59.82015333299066,marvin
Elowitz,nlopt_28,8,-58.04761554838752,marvin
Elowitz,dogleg,2,-9.018937311785388,marvin
Elowitz,nlopt_39,5,-63.07909495393958,marvin
Elowitz,SLSQP,4,-65.47395265281726,marvin
Elowitz,nlopt_39,10,-59.81410388992141,marvin
Elowitz,nlopt_39,7,-65.4790030521452,marvin
Elowitz,nlopt_39,1,-59.815114385080285,marvin
Elowitz,nlopt_36,4,-65.63220424758225,marvin
Elowitz,trust-ncg,8,-57.6267004550064,marvin
Elowitz,nlopt_39,6,-62.097676067705244,marvin
Elowitz,trust-ncg,4,-41.037986693741466,marvin
Elowitz,trust-ncg,1,-45.328953599004926,marvin
Elowitz,trust-ncg,7,-54.08976541369346,marvin
Elowitz,nlopt_37,5,-65.52966061895866,marvin
Elowitz,nlopt_39,9,-65.45789152865396,marvin
Elowitz,dogleg,3,-9.513575047886015,marvin
Elowitz,nlopt_39,8,-61.33834245233479,marvin
Elowitz,nlopt_36,10,-65.10547587613843,marvin
Elowitz,dogleg,5,-6.767143649720484,marvin
Elowitz,nlopt_37,6,-65.63432126323798,marvin
Elowitz,trust-ncg,5,-38.82046864811214,marvin
Elowitz,nlopt_37,2,-65.53481637086294,marvin
Elowitz,pyswarm,10,-41.29418797582847,marvin
Elowitz,nlopt_36,6,-62.15380970562398,marvin
Elowitz,trust-ncg,6,-40.683707296962595,marvin
Elowitz,nlopt_36,7,-65.62828097887402,marvin
Elowitz,nlopt_37,7,-65.61855398309754,marvin
Elowitz,pyswarm,5,-45.277133665363216,marvin
Elowitz,dogleg,6,-12.038043468414873,marvin
Elowitz,nlopt_36,9,-65.5464266639157,marvin
Elowitz,nlopt_37,4,-61.451290905225314,marvin
Elowitz,nlopt_37,3,-65.49295539248033,marvin
Elowitz,pyswarm,7,-38.46341962559011,marvin
Elowitz,trust-ncg,3,-54.66523217748635,marvin
Elowitz,trust-ncg,2,-37.49755744723224,marvin
Elowitz,nlopt_36,1,-65.53776003727346,marvin
Elowitz,nlopt_36,8,-65.52482530846116,marvin
Elowitz,nlopt_37,10,-65.10432235633294,marvin
Elowitz,trust-ncg,10,-26.508385126190817,marvin
Elowitz,pyswarm,6,-38.67955651297163,marvin
Elowitz,dogleg,7,-7.480342995518638,marvin
Elowitz,nlopt_36,3,-65.3310770130012,marvin
Elowitz,nlopt_37,9,-65.63154926050511,marvin
Elowitz,pyswarm,2,-35.947990801855745,marvin
Elowitz,tnc,5,-46.43935278358268,marvin
Elowitz,pyswarm,3,-38.03005986970555,marvin
Elowitz,nlopt_37,8,-65.63296717552656,marvin
Elowitz,nlopt_36,5,-62.15212088593136,marvin
Elowitz,pyswarm,4,-42.504898892971084,marvin
Elowitz,SLSQP,10,-65.52804590741718,marvin
Elowitz,trust-ncg,9,-54.48203019339223,marvin
Elowitz,pyswarm,9,-46.68138865891607,marvin
Elowitz,dogleg,4,-10.810904913903139,marvin
Elowitz,trust-krylov,5,-59.878945190995935,marvin
Elowitz,nlopt_37,1,-65.33224170562004,marvin
Elowitz,pyswarm,1,-44.4230545630857,marvin
Fiedler,cmaes,2,-58.58394990793657,marvin
Elowitz,nlopt_36,2,-65.62729573303984,marvin
Fiedler,cmaes,3,-58.58394584136019,marvin
Fiedler,cmaes,8,-58.58394468582401,marvin
Elowitz,trust-krylov,6,-64.04855805248647,marvin
Fiedler,cmaes,1,-58.58393968756723,marvin
Fiedler,cmaes,6,-58.58395266750478,marvin
Elowitz,trust-krylov,8,-59.61330073815123,marvin
Elowitz,trust-krylov,3,-59.81650994399396,marvin
Fiedler,cmaes,10,-58.58394389061628,marvin
Fiedler,cmaes,9,-58.58395437561494,marvin
Elowitz,pyswarm,8,-30.504266699480837,marvin
Elowitz,trust-krylov,9,-61.727105300711166,marvin
Fiedler,Nelder-Mead,4,-39.75325597680536,marvin
Elowitz,trust-krylov,10,-60.96590156719179,marvin
Elowitz,dogleg,8,-10.019803417269083,marvin
Fiedler,Nelder-Mead,6,-30.258407527187686,marvin
Fiedler,cmaes,4,-58.58395411529141,marvin
Fiedler,cmaes,7,-58.58394352890614,marvin
Elowitz,dogleg,9,-6.754814026765708,marvin
Fiedler,cmaes,5,-58.58393608370324,marvin
Elowitz,trust-krylov,4,-61.437068533969146,marvin
Elowitz,trust-krylov,1,-59.627392106169964,marvin
Fiedler,cg,2,-58.568921878160886,marvin
Elowitz,tnc,7,-46.87026222908029,marvin
Fiedler,L-BFGS-B,1,-58.58384865791737,marvin
Fiedler,Nelder-Mead,5,-41.82252135459662,marvin
Fiedler,cg,4,-58.578533154276705,marvin
Fiedler,cg,8,-58.58197341778222,marvin
Elowitz,tnc,8,-42.712111810772804,marvin
Elowitz,tnc,9,-43.09877468574126,marvin
Fiedler,cg,7,-58.572812163235795,marvin
Fiedler,Nelder-Mead,10,-39.95853453239316,marvin
Elowitz,trust-krylov,2,-61.880077449855705,marvin
Elowitz,tnc,6,-53.4432990002835,marvin
Elowitz,tnc,1,-51.152384954223564,marvin
Fiedler,Nelder-Mead,2,-30.255523036413017,marvin
Fiedler,L-BFGS-B,4,-58.58364949893806,marvin
Fiedler,cg,10,-58.57180284226466,marvin
Elowitz,tnc,3,-45.9450677842197,marvin
Fiedler,cg,6,-58.55105991465311,marvin
Elowitz,tnc,2,-56.519744391071896,marvin
Fiedler,L-BFGS-B,8,-58.58379668451189,marvin
Fiedler,L-BFGS-B,3,-58.583950038455114,marvin
Fiedler,L-BFGS-B,6,-58.58321614031826,marvin
Fiedler,L-BFGS-B,7,-58.5833115382892,marvin
Fiedler,cg,1,-58.559634566856744,marvin
Fiedler,Nelder-Mead,3,-39.49715340688328,marvin
Fiedler,cg,5,-58.495924227589406,marvin
Elowitz,tnc,4,-47.53050794677938,marvin
Fiedler,Nelder-Mead,8,-30.26245372538379,marvin
Fiedler,L-BFGS-B,2,-58.58351593563195,marvin
Fiedler,COBYLA,2,-53.03542940347792,marvin
Fiedler,L-BFGS-B,9,-58.583676447835956,marvin
Fiedler,Nelder-Mead,1,-33.15403849675453,marvin
Fiedler,Nelder-Mead,7,-36.125215447705436,marvin
Fiedler,COBYLA,9,-47.61997288951159,marvin
Fiedler,Nelder-Mead,9,-36.0064189767481,marvin
Fiedler,COBYLA,3,-50.58288392689243,marvin
Elowitz,dogleg,10,-7.6629770424749495,marvin
Fiedler,L-BFGS-B,5,-58.58390890548664,marvin
Fiedler,cg,9,-58.55460599265743,marvin
Elowitz,tnc,10,-47.75709501655075,marvin
Fiedler,cg,3,-58.56086480024401,marvin
Fiedler,COBYLA,1,-52.11417738996093,marvin
Fiedler,COBYLA,5,-53.760864756034564,marvin
Fiedler,L-BFGS-B,10,-58.58390757899316,marvin
Elowitz,trust-krylov,7,-65.15717630839194,marvin
Fiedler,fides,3,-58.583933615337635,marvin
Fiedler,COBYLA,10,-52.62800156810189,marvin
Fiedler,nlopt_11,4,-58.58395267888875,marvin
Fiedler,BFGS,7,-55.8929500343842,marvin
Fiedler,BFGS,8,-58.23111512404638,marvin
Fiedler,fides,2,-58.583940109849145,marvin
Fiedler,COBYLA,7,-52.32046991624814,marvin
Fiedler,COBYLA,4,-49.08203031036458,marvin
Fiedler,BFGS,10,-58.19516570113247,marvin
Fiedler,ipopt,2,-58.58381454369167,marvin
Fiedler,BFGS,4,-58.54066369860709,marvin
Fiedler,COBYLA,6,-49.8785373016105,marvin
Fiedler,nlopt_11,3,-58.58395252732665,marvin
Fiedler,newton-cg,2,-58.572851270035606,marvin
Fiedler,fides,7,-58.58391078631796,marvin
Fiedler,ipopt,5,-58.58395153737581,marvin
Fiedler,fides,10,-58.583952752690855,marvin
Fiedler,fides,4,-58.58394899359,marvin
Fiedler,fides,1,-58.583951199805085,marvin
Fiedler,nlopt_11,5,-58.58395220837228,marvin
Fiedler,newton-cg,8,-58.57800339675416,marvin
Fiedler,BFGS,3,-58.493982956762224,marvin
Fiedler,ipopt,3,-58.58348978344533,marvin
Fiedler,BFGS,6,-58.552823614560424,marvin
Fiedler,nlopt_11,8,-58.58395282263311,marvin
Fiedler,fides,9,-58.58395177346377,marvin
Fiedler,fides,5,-58.5839478921206,marvin
Fiedler,fides,8,-58.58391207280015,marvin
Fiedler,nlopt_15,10,-56.812891064207676,marvin
Fiedler,nlopt_15,2,-58.56379272247623,marvin
Fiedler,nlopt_11,6,-58.58395256374959,marvin
Fiedler,nlopt_16,5,-58.56489162140521,marvin
Fiedler,nlopt_15,8,-58.565177309479466,marvin
Fiedler,nlopt_11,1,-58.5839524558832,marvin
Fiedler,nlopt_11,10,-58.58395277133902,marvin
Fiedler,nlopt_15,5,-58.51711307932729,marvin
Fiedler,nlopt_15,1,-58.56690930609562,marvin
Fiedler,newton-cg,1,-58.57498557995896,marvin
Fiedler,nlopt_15,7,-58.31139748695027,marvin
Fiedler,newton-cg,7,-58.575119884262975,marvin
Fiedler,nlopt_15,9,-57.76635838690794,marvin
Fiedler,nlopt_16,8,-56.39879967365228,marvin
Fiedler,nlopt_16,10,-58.58392122912549,marvin
Fiedler,BFGS,9,-57.566039465067064,marvin
Fiedler,nlopt_12,1,-58.58060959749192,marvin
Fiedler,newton-cg,3,-58.5809649643692,marvin
Fiedler,BFGS,2,-58.51587362868415,marvin
Fiedler,COBYLA,8,-49.03284849538774,marvin
Fiedler,nlopt_13,1,-58.58395263739298,marvin
Fiedler,nlopt_16,2,-58.58376209035809,marvin
Fiedler,nlopt_16,1,-57.487973022885384,marvin
Fiedler,nlopt_16,3,-58.58366688053853,marvin
Fiedler,ipopt,1,-58.583904615165196,marvin
Fiedler,nlopt_13,4,-58.583951871891756,marvin
Fiedler,nlopt_18,2,-58.58392694127966,marvin
Fiedler,nlopt_18,5,-57.58047558438487,marvin
Fiedler,ipopt,8,-58.58388361553583,marvin
Fiedler,nlopt_18,6,-58.5839445598079,marvin
Fiedler,nlopt_16,6,-58.58377811997238,marvin
Fiedler,nlopt_11,7,-58.58395082270567,marvin
Fiedler,nlopt_11,2,-58.583952826887845,marvin
Fiedler,ipopt,9,-58.583764924343875,marvin
Fiedler,nlopt_18,10,-56.24846442195591,marvin
Fiedler,BFGS,5,-58.29778321108597,marvin
Fiedler,nlopt_18,4,-52.379213742864295,marvin
Fiedler,nlopt_18,3,-49.49483908618801,marvin
Fiedler,nlopt_15,3,-56.7428901124854,marvin
Fiedler,nlopt_15,4,-58.565465145269215,marvin
Fiedler,nlopt_18,1,-56.645814910188065,marvin
Fiedler,nlopt_18,7,-58.583951715595376,marvin
Fiedler,ipopt,10,-58.58364437985376,marvin
Fiedler,nlopt_11,9,-58.58395289676019,marvin
Fiedler,nlopt_16,4,-58.58379696834753,marvin
Fiedler,nlopt_12,2,-58.58357401538943,marvin
Fiedler,newton-cg,6,-58.581966712711676,marvin
Fiedler,nlopt_16,7,-58.5836889440578,marvin
Fiedler,nlopt_16,9,-58.583785090937,marvin
Fiedler,ipopt,7,-58.583737863843126,marvin
Fiedler,nlopt_13,6,-58.58395067913834,marvin
Fiedler,nlopt_18,9,-49.49050971363657,marvin
Fiedler,nlopt_18,8,-58.58395115964626,marvin
Fiedler,nlopt_15,6,-58.56366784951997,marvin
Fiedler,nlopt_21,7,-58.58394646908431,marvin
Fiedler,fides,6,-58.58082445481905,marvin
Fiedler,nlopt_21,4,-58.583952011953485,marvin
Fiedler,nlopt_21,5,-58.58395256573467,marvin
Fiedler,newton-cg,10,-58.574735323762496,marvin
Fiedler,nlopt_29,1,-58.41239260774428,marvin
Fiedler,nlopt_21,2,-58.583014793322974,marvin
Fiedler,nlopt_13,2,-58.58395282424728,marvin
Fiedler,nlopt_21,8,-58.583949962624175,marvin
Fiedler,nlopt_29,2,-55.26418579147682,marvin
Fiedler,BFGS,1,-58.446647559810614,marvin
Fiedler,nlopt_21,9,-58.58385981818612,marvin
Fiedler,nlopt_13,3,-58.58395201458785,marvin
Fiedler,nlopt_34,2,-56.17184087564667,marvin
Fiedler,newton-cg,9,-58.570094578282024,marvin
Fiedler,nlopt_29,5,-54.51328170802047,marvin
Fiedler,nlopt_12,5,-58.58178210180015,marvin
Fiedler,nlopt_13,8,-58.58395193281913,marvin
Fiedler,ipopt,4,-58.58395219858042,marvin
Fiedler,nlopt_12,7,-58.56169507122373,marvin
Fiedler,nlopt_13,9,-58.583952760135176,marvin
Fiedler,nlopt_12,9,-58.53460413417242,marvin
Fiedler,newton-cg,5,-58.57670652097437,marvin
Fiedler,nlopt_12,10,-58.58156395229996,marvin
Fiedler,nlopt_12,4,-58.563926330737296,marvin
Fiedler,nlopt_14,9,-58.58395210887333,marvin
Fiedler,nlopt_12,3,-58.57139963139214,marvin
Fiedler,ipopt,6,-58.583514449980306,marvin
Fiedler,nlopt_21,10,-58.58387428473056,marvin
Fiedler,nlopt_29,8,-58.496579009816166,marvin
Fiedler,nlopt_21,1,-58.583952200691854,marvin
Fiedler,nlopt_29,3,-49.45505952205973,marvin
Fiedler,nlopt_21,3,-58.583951738510954,marvin
Fiedler,nlopt_29,4,-56.64345656411812,marvin
Fiedler,nlopt_29,6,-58.461935116447854,marvin
Fiedler,nlopt_21,6,-58.58394988677866,marvin
Fiedler,nlopt_34,7,-57.485631685502554,marvin
Fiedler,nlopt_12,8,-58.58180201753873,marvin
Fiedler,nlopt_34,5,-52.580887668056455,marvin
Fiedler,nlopt_34,4,-49.48541230683261,marvin
Fiedler,nlopt_29,7,-58.4619673406426,marvin
Fiedler,nlopt_29,9,-57.411292099310884,marvin
Fiedler,nlopt_34,8,-54.57466778921143,marvin
Fiedler,nlopt_14,7,-58.58395277783732,marvin
Fiedler,nlopt_13,7,-58.58395258915036,marvin
Fiedler,nlopt_29,10,-58.34606989301662,marvin
Fiedler,nlopt_34,9,-50.11488393676203,marvin
Fiedler,nlopt_34,3,-56.69788182229852,marvin
Fiedler,nlopt_34,1,-58.52939995797856,marvin
Fiedler,nlopt_26,9,-58.56248277184938,marvin
Fiedler,nlopt_12,6,-58.56106410649761,marvin
Fiedler,nlopt_14,3,-58.58395279287637,marvin
Fiedler,nlopt_34,10,-49.37355524055934,marvin
Fiedler,newton-cg,4,-58.5749854871156,marvin
Fiedler,nlopt_14,4,-58.583952188991574,marvin
Fiedler,nlopt_26,1,-58.41152909610736,marvin
Fiedler,nlopt_28,5,-50.355909474104934,marvin
Fiedler,nlopt_28,3,-53.948828963100866,marvin
Fiedler,nlopt_14,2,-58.583952172806065,marvin
Fiedler,nlopt_13,5,-58.58395280409372,marvin
Fiedler,nlopt_34,6,-53.01255675900143,marvin
Fiedler,nlopt_14,1,-58.58395277636563,marvin
Fiedler,pysacess,10,-57.53383099586725,marvin
Fiedler,nlopt_14,10,-58.58395255608833,marvin
Fiedler,nlopt_28,9,-52.5049993050832,marvin
Fiedler,nlopt_26,5,-58.5829186837658,marvin
Fiedler,nlopt_23,8,-58.583900494828114,marvin
Fiedler,pysacess,1,-58.25456765572693,marvin
Fiedler,pysacess,3,-58.21574519330564,marvin
Fiedler,nlopt_23,1,-58.583097362684285,marvin
Fiedler,pysacess,5,-58.20224088985034,marvin
Fiedler,pysacess,7,-58.06017506639802,marvin
Fiedler,nlopt_14,6,-58.58395267586875,marvin
Fiedler,pysacess,6,-57.98645877023322,marvin
Fiedler,pysacess_cmaes,3,-58.58395532491055,marvin
Fiedler,nlopt_13,10,-58.58395280384771,marvin
Fiedler,pysacess_cmaes,8,-58.58395349588827,marvin
Fiedler,pysacess_cmaes,4,-58.58393851198386,marvin
Fiedler,nlopt_26,4,-58.56612841459848,marvin
Fiedler,nlopt_26,2,-58.58120977716224,marvin
Fiedler,pysacess,4,-58.1575653960914,marvin
Fiedler,nlopt_26,3,-58.57693902071564,marvin
Fiedler,pysacess_fides,1,-58.58395278953515,marvin
Fiedler,pysacess_cmaes,1,-58.58394749950683,marvin
Fiedler,nlopt_23,2,-58.583938797834755,marvin
Fiedler,pysacess_cmaes,10,-58.58395032108656,marvin
Fiedler,pysacess,8,-49.43931255023753,marvin
Fiedler,pysacess_fides,7,-58.58394835021735,marvin
Fiedler,nlopt_28,6,-53.720367169584705,marvin
Fiedler,pysacess,2,-58.39190309316429,marvin
Fiedler,pysacess_cmaes,2,-58.583934021893356,marvin
Fiedler,nlopt_14,8,-58.58395219082844,marvin
Fiedler,pysacess_cmaes,7,-58.58395364736583,marvin
Fiedler,nlopt_28,4,-55.23444058421953,marvin
Fiedler,pysacess_fides,10,-58.58394828395289,marvin
Fiedler,pysacess,9,-49.46250948489852,marvin
Fiedler,pysacess_cmaes,5,-58.583945040743515,marvin
Fiedler,nlopt_28,1,-54.21602263827043,marvin
Fiedler,pysacess_cmaes,9,-58.583932778996626,marvin
Fiedler,nlopt_26,6,-58.55027513628578,marvin
Fiedler,pysacess_cmaes,6,-58.58394967994387,marvin
Fiedler,nlopt_23,9,-58.583454228063175,marvin
Fiedler,pysacess_fides,3,-58.58395185658311,marvin
Fiedler,pysacess_fides,2,-58.58391940455144,marvin
Fiedler,pysacess_ipopt,7,-58.58372991783961,marvin
Fiedler,pysacess_fides,8,-58.5839453222154,marvin
Fiedler,nlopt_26,10,-58.31243885360862,marvin
Fiedler,pysacess_fides,4,-58.58394029032891,marvin
Fiedler,pysacess_fides,6,-58.58388789025337,marvin
Fiedler,nlopt_26,7,-58.54313805781031,marvin
Fiedler,nlopt_23,10,-58.58394814629264,marvin
Fiedler,sacess,4,-58.45895457013376,marvin
Fiedler,pysacess_fides,5,-58.58395244917061,marvin
Fiedler,nlopt_14,5,-58.58395236958459,marvin
Fiedler,pysacess_ipopt,3,-58.58373119551453,marvin
Fiedler,pysacess_ipopt,4,-58.58376308043586,marvin
Fiedler,pysacess_ipopt,8,-58.58346513774142,marvin
Fiedler,pysacess_ipopt,9,-58.58379334988228,marvin
Fiedler,sacess,1,-49.49370510712298,marvin
Fiedler,nlopt_28,10,-55.742006987609855,marvin
Fiedler,pysacess_ipopt,5,-58.5834401283905,marvin
Fiedler,pysacess_fides,9,-58.58393449125859,marvin
Fiedler,sacess,2,-57.42649829437623,marvin
Fiedler,sacess,5,-58.04555757184708,marvin
Fiedler,nlopt_36,7,-58.58395242513153,marvin
Fiedler,sacess,9,-57.330346696414665,marvin
Fiedler,nlopt_23,4,-58.583918563287085,marvin
Fiedler,pysacess_ipopt,6,-58.58384245322358,marvin
Fiedler,pysacess_ipopt,1,-58.58355637283728,marvin
Fiedler,sacess_ipopt,3,-58.58370546200092,marvin
Fiedler,sacess_dhc,9,-58.58364616118386,marvin
Fiedler,nlopt_23,5,-58.583950963992095,marvin
Fiedler,sacess_ipopt,2,-58.58377812360394,marvin
Fiedler,sacess_dhc,1,-58.58336549189049,marvin
Fiedler,nlopt_28,8,-56.59500579545769,marvin
Fiedler,sacess,6,-49.48537166769236,marvin
Fiedler,sacess,8,-58.47775574530923,marvin
Fiedler,sacess_dhc,5,-58.5819666802364,marvin
Fiedler,pysacess_ipopt,2,-58.58392559653194,marvin
Fiedler,nlopt_37,5,-58.58395242344874,marvin
Fiedler,sacess,10,-49.494811300406646,marvin
Fiedler,pysacess_ipopt,10,-58.58386198459979,marvin
Fiedler,nlopt_28,7,-53.36222643283054,marvin
Fiedler,sacess_dhc,6,-58.58361891706224,marvin
Fiedler,nlopt_28,2,-53.445290516354966,marvin
Fiedler,sacess_ipopt,7,-58.583671050736704,marvin
Fiedler,nlopt_23,6,-58.58395006121328,marvin
Fiedler,sacess_dhc,3,-58.583657130724575,marvin
Fiedler,sacess_ipopt,1,-58.58378917773648,marvin
Fiedler,sacess,3,-58.520334210753845,marvin
Fiedler,sacess,7,-57.51799944837244,marvin
Fiedler,sacess_dhc,4,-58.58387637367464,marvin
Fiedler,sacess_ipopt,6,-58.5838294726548,marvin
Fiedler,sacess_dhc,8,-58.58365024118022,marvin
Fiedler,nlopt_26,8,-58.555616737164414,marvin
Fiedler,nlopt_37,9,-58.583952706920826,marvin
Fiedler,nlopt_23,3,-58.58394723891199,marvin
Fiedler,nlopt_36,6,-58.58395268292928,marvin
Fiedler,sacess_dhc,7,-58.58392218630725,marvin
Fiedler,nlopt_36,8,-58.583952759407524,marvin
Fiedler,sacess_ipopt,8,-58.5838712728346,marvin
Fiedler,nlopt_37,6,-58.583952805450636,marvin
Fiedler,nlopt_36,1,-58.583952634548574,marvin
Fiedler,sacess_dhc,10,-58.58271359666595,marvin
Fiedler,nlopt_39,5,-58.583154237288554,marvin
Fiedler,sacess_ipopt,10,-58.583722794411216,marvin
Fiedler,sacess_ipopt,5,-58.58382766669334,marvin
Fiedler,sacess_ipopt,4,-58.58373802912676,marvin
Fiedler,nlopt_23,7,-58.5839415988843,marvin
Fiedler,nlopt_36,2,-58.58395257313724,marvin
Fiedler,nlopt_36,9,-58.58395278716752,marvin
Fiedler,nlopt_36,10,-58.583952774797105,marvin
Fiedler,nlopt_37,10,-58.58395272092402,marvin
Fiedler,nlopt_39,8,-58.58278482094053,marvin
Fiedler,nlopt_37,7,-58.5839527580408,marvin
Fiedler,trust-ncg,8,-49.456701501953106,marvin
Fiedler,trust-ncg,4,-58.489145121265146,marvin
Fiedler,nlopt_39,4,-58.58345799779795,marvin
Fiedler,nlopt_37,8,-58.58395260866476,marvin
Fiedler,nlopt_39,3,-58.583743884214975,marvin
Fiedler,nlopt_36,4,-58.5839527713819,marvin
Fiedler,trust-ncg,5,-48.76471541734491,marvin
Fiedler,trust-ncg,10,-58.09215674482237,marvin
Fiedler,nlopt_39,1,-58.583951532819796,marvin
Fiedler,trust-ncg,1,-56.128422412868446,marvin
Fiedler,nlopt_37,4,-58.58395170465219,marvin
Fiedler,nlopt_36,5,-58.583952801247015,marvin
Fiedler,sacess_ipopt,9,-58.583670716762015,marvin
Fiedler,nlopt_39,10,-58.583948177113264,marvin
Fiedler,nlopt_39,9,-58.583696823625935,marvin
Fiedler,trust-ncg,9,-49.4625276856655,marvin
Fiedler,nlopt_37,1,-58.583952670135574,marvin
Fiedler,nlopt_39,6,-58.58357607088657,marvin
Fiedler,trust-ncg,7,-56.53987082531944,marvin
Fiedler,trust-ncg,6,-56.376069702523424,marvin
Fiedler,nlopt_37,3,-58.58395267917376,marvin
Fiedler,trust-ncg,2,-58.45790841744758,marvin
Fiedler,sacess_dhc,2,-58.581725380576486,marvin
Fiedler,nlopt_39,7,-58.58393371672132,marvin
Fiedler,nlopt_36,3,-58.583952816095675,marvin
Fiedler,nlopt_39,2,-58.58395060600269,marvin
Fiedler,trust-krylov,3,-58.583116695927814,marvin
Fiedler,trust-krylov,9,-58.58308242266647,marvin
Fiedler,pyswarm,2,-39.40446550419351,marvin
Fiedler,trust-ncg,3,-58.51046277085374,marvin
Fiedler,nlopt_37,2,-58.5839524751973,marvin
Fiedler,trust-krylov,5,-58.58357539176776,marvin
Fiedler,pyswarm,4,-41.371156536728805,marvin
Fiedler,trust-krylov,7,-58.58374839513477,marvin
Fiedler,pyswarm,1,-24.060866789559967,marvin
Fiedler,pyswarm,3,-26.860671891301337,marvin
Fiedler,pyswarm,9,-39.67741652363635,marvin
Fiedler,trust-krylov,2,-58.58368564126946,marvin
Fiedler,pyswarm,7,-19.63348004179462,marvin
Fiedler,trust-krylov,8,-58.58325414742224,marvin
Fiedler,pyswarm,8,-27.69115308512369,marvin
Fiedler,SLSQP,4,-58.56463189349875,marvin
Fiedler,trust-krylov,6,-58.5831065358152,marvin
Fiedler,pyswarm,6,-32.81604948186321,marvin
Fiedler,pyswarm,5,-24.332689711267363,marvin
Fiedler,SLSQP,6,-58.5719648151471,marvin
Fiedler,tnc,6,-55.74720188702108,marvin
Fiedler,SLSQP,8,-58.55117655978809,marvin
Fiedler,SLSQP,7,-58.583066279737054,marvin
Fiedler,SLSQP,2,-58.557276721363266,marvin
Fujita,cmaes,5,-66.58102269473218,marvin
Fiedler,tnc,4,-54.67925402854107,marvin
Fiedler,tnc,5,-55.3656103776578,marvin
Fiedler,trust-krylov,1,-58.583676993553745,marvin
Fujita,cmaes,2,-66.58101770062586,marvin
Fujita,cmaes,3,-66.58101648671847,marvin
Fiedler,tnc,10,-51.58986403376723,marvin
Fiedler,trust-krylov,10,-58.583277901279054,marvin
Fujita,cmaes,6,-66.58102030631947,marvin
Fujita,cmaes,1,-66.58102281300782,marvin
Fiedler,pyswarm,10,-19.926683935230223,marvin
Fujita,cmaes,9,-66.5810218800026,marvin
Fujita,cmaes,7,-66.58101007605028,marvin
Fujita,cmaes,10,-66.58102322492203,marvin
Fiedler,tnc,8,-51.20436775567627,marvin
Fiedler,tnc,9,-56.18314862532169,marvin
Fiedler,SLSQP,5,-58.58280792064202,marvin
Fiedler,trust-krylov,4,-58.58313182423261,marvin
Fiedler,dogleg,6,-33.17163194666675,marvin
Fiedler,tnc,3,-49.738250873469184,marvin
Fujita,cmaes,8,-66.58101774733574,marvin
Fiedler,tnc,2,-51.107411263232066,marvin
Fujita,Nelder-Mead,2,505.9421482445364,marvin
Fiedler,tnc,7,-54.952913605833636,marvin
Fiedler,dogleg,7,-38.247214581063076,marvin
Fujita,cmaes,4,-66.5810182475141,marvin
Fujita,Nelder-Mead,1,606.012485350064,marvin
Fujita,Nelder-Mead,8,320.1739244221817,marvin
Fiedler,SLSQP,1,-58.55881113193716,marvin
Fujita,Nelder-Mead,6,303.46612990670144,marvin
Fiedler,tnc,1,-54.82151385423339,marvin
Fujita,Nelder-Mead,5,282.863610527441,marvin
Fiedler,SLSQP,10,-58.563263440159325,marvin
Fujita,Nelder-Mead,7,244.29274591046175,marvin
Fiedler,SLSQP,9,-58.551515516688546,marvin
Fiedler,dogleg,2,-29.73512126695734,marvin
Fiedler,dogleg,4,-34.73958707589746,marvin
Fiedler,dogleg,10,-29.064825862632162,marvin
Fiedler,dogleg,5,-37.14211279239257,marvin
Fujita,COBYLA,6,479.62142508891486,marvin
Fiedler,dogleg,3,-53.08870491626335,marvin
Fujita,Nelder-Mead,4,274.49374621814115,marvin
Fiedler,dogleg,9,-47.73097910315653,marvin
Fujita,Nelder-Mead,3,225.3387348026371,marvin
Fiedler,SLSQP,3,-58.560820756143706,marvin
Fujita,Nelder-Mead,9,778.6195166203808,marvin
Fujita,Nelder-Mead,10,336.9145690215356,marvin
Fiedler,dogleg,1,-49.69193793245436,marvin
Fujita,ipopt,2,94.46089432370655,marvin
Fujita,COBYLA,9,427.63890692267535,marvin
Fujita,COBYLA,3,656.3528445743931,marvin
Fujita,COBYLA,8,263.68178454709795,marvin
Fujita,COBYLA,4,962.971200951979,marvin
Fujita,COBYLA,7,463.2751714599618,marvin
Fujita,COBYLA,5,442.04533017570645,marvin
Fujita,BFGS,5,65.03027181806642,marvin
Fujita,COBYLA,1,784.3282247802487,marvin
Fujita,ipopt,10,-19.68947361415872,marvin
Fujita,COBYLA,10,437.69044721879897,marvin
Fujita,ipopt,6,262.2414961692151,marvin
Fujita,ipopt,5,-45.452640076901396,marvin
Fujita,ipopt,1,142.36276802924567,marvin
Fiedler,dogleg,8,-38.4384384209148,marvin
Fujita,ipopt,7,-66.57587036863218,marvin
Fujita,SLSQP,3,-62.25204924211029,marvin
Fujita,ipopt,9,757.0227160000952,marvin
Fujita,fides,7,-66.58099472960797,marvin
Fujita,BFGS,3,862.7474336941295,marvin
Fujita,fides,3,-66.58099284491237,marvin
Fujita,ipopt,3,-31.992991325244397,marvin
Fujita,cg,3,948.7262117864384,marvin
Fujita,L-BFGS-B,2,408.07666795553934,marvin
Fujita,COBYLA,2,1032.5650266445787,marvin
Fujita,fides,1,-66.58098043509075,marvin
Fujita,L-BFGS-B,4,691.3337329946642,marvin
Fujita,ipopt,4,753.8046938257644,marvin
Fujita,L-BFGS-B,7,108.75234730129259,marvin
Fujita,fides,5,-66.58099163133073,marvin
Fujita,L-BFGS-B,3,1005.2402210273037,marvin
Fujita,fides,8,-66.58099450766849,marvin
Fujita,fides,10,-66.58099374940662,marvin
Fujita,SLSQP,5,-56.20506376656946,marvin
Fujita,fides,2,-66.58099353228904,marvin
Fujita,L-BFGS-B,10,955.6257597861247,marvin
Fujita,ipopt,8,-45.46024599408394,marvin
Fujita,newton-cg,1,114.6399984101914,marvin
Fujita,BFGS,6,125.51668336769637,marvin
Fujita,nlopt_12,2,-51.99269395339866,marvin
Fujita,L-BFGS-B,8,-19.405824966771537,marvin
Fujita,L-BFGS-B,1,930.4903674656337,marvin
Fujita,nlopt_12,1,-52.0766842473205,marvin
Fujita,L-BFGS-B,6,304.81958163602854,marvin
Fujita,fides,4,-66.58098968367834,marvin
Fujita,BFGS,10,198.95158872919245,marvin
Fujita,nlopt_11,2,-29.16387621910662,marvin
Fujita,nlopt_11,6,-45.488425279279,marvin
Fujita,nlopt_11,1,-53.04472441066169,marvin
Fujita,nlopt_11,8,-45.831971499226,marvin
Fujita,cg,7,118.03818023075058,marvin
Fujita,nlopt_11,3,-45.382946735364456,marvin
Fujita,newton-cg,5,98.69123059996264,marvin
Fujita,nlopt_12,4,-43.36700208307055,marvin
Fujita,fides,9,-66.58099421780011,marvin
Fujita,BFGS,7,471.6387825914446,marvin
Fujita,nlopt_12,8,-52.88092774259262,marvin
Fujita,fides,6,-66.580992047287,marvin
Fujita,nlopt_12,7,-53.054499111643224,marvin
Fujita,SLSQP,4,-43.056854953413335,marvin
Fujita,L-BFGS-B,5,314.17877061772975,marvin
Fujita,BFGS,1,947.1192291103687,marvin
Fujita,SLSQP,2,-59.06566020116607,marvin
Fujita,SLSQP,7,-60.41742804682329,marvin
Fujita,cg,5,864.2505239405575,marvin
Fujita,nlopt_12,3,-58.98566053727826,marvin
Fujita,BFGS,2,1087.4827703628835,marvin
Fujita,cg,2,408.1529879634462,marvin
Fujita,nlopt_12,5,-66.54941098166861,marvin
Fujita,SLSQP,1,-44.92332868051732,marvin
Fujita,nlopt_12,6,-52.973944652105004,marvin
Fujita,newton-cg,7,113.59029202672616,marvin
Fujita,nlopt_15,2,940.9287695151179,marvin
Fujita,cg,6,892.974953143975,marvin
Fujita,newton-cg,8,-0.9203824841929755,marvin
Fujita,BFGS,4,929.6663567568228,marvin
Fujita,nlopt_15,3,1112.3635699946967,marvin
Fujita,nlopt_15,6,1192.2763148239035,marvin
Fujita,nlopt_16,2,-19.58549814439917,marvin
Fujita,BFGS,9,255.29366180181984,marvin
Fujita,nlopt_15,7,929.2538037445659,marvin
Fujita,nlopt_15,8,1242.5742087933531,marvin
Fujita,SLSQP,10,-66.23962967488517,marvin
Fujita,nlopt_16,9,152.62250775373695,marvin
Fujita,nlopt_12,10,-45.9063173617391,marvin
Fujita,nlopt_16,5,933.0569656303753,marvin
Fujita,nlopt_15,4,1067.6995979123496,marvin
Fujita,nlopt_16,7,1744.403486367189,marvin
Fujita,newton-cg,2,128.6442152156863,marvin
Fujita,nlopt_12,9,-52.91085647379408,marvin
Fujita,nlopt_16,3,-61.24683110817248,marvin
Fujita,newton-cg,4,76.76045402430137,marvin
Fujita,dogleg,10,4378.958440106017,marvin
Fujita,nlopt_15,1,992.0256657024598,marvin
Fujita,nlopt_11,10,-43.58147016480355,marvin
Fujita,nlopt_18,7,62.8504432758682,marvin
Fujita,cg,9,148.72930266071987,marvin
Fujita,nlopt_11,7,-43.582113697931966,marvin
Fujita,nlopt_16,10,168.67050543466615,marvin
Fujita,newton-cg,6,-19.29719005802446,marvin
Fujita,nlopt_18,4,84.84043088153139,marvin
Fujita,nlopt_16,4,721.3706118424467,marvin
Fujita,nlopt_16,8,920.621551629626,marvin
Fujita,nlopt_11,5,-52.94173767572238,marvin
Fujita,nlopt_16,1,213.60096788124457,marvin
Fujita,newton-cg,3,64.15954099812409,marvin
Fujita,nlopt_11,9,-43.58207690235257,marvin
Fujita,nlopt_15,5,-66.57227381851278,marvin
Fujita,nlopt_18,2,-29.22670097543369,marvin
Fujita,dogleg,8,4069.1777132926713,marvin
Fujita,nlopt_18,1,349.0516783865292,marvin
Fujita,nlopt_18,3,690.277153468475,marvin
Fujita,cg,1,-45.47201615857159,marvin
Fujita,nlopt_18,6,698.0309576081962,marvin
Fujita,nlopt_13,3,-52.622013295961246,marvin
Fujita,nlopt_18,10,2.389602235692845,marvin
Fujita,nlopt_18,8,822.3500508879162,marvin
Fujita,L-BFGS-B,9,320.9704925778239,marvin
Fujita,SLSQP,6,-48.65349799224226,marvin
Fujita,nlopt_13,1,-4.18988162393811,marvin
Fujita,nlopt_16,6,271.5498832789074,marvin
Fujita,nlopt_34,2,1097.684740469622,marvin
Fujita,nlopt_11,4,-33.471691865411074,marvin
Fujita,nlopt_26,2,-7.566688801165814,marvin
Fujita,BFGS,8,916.666494692786,marvin
Fujita,nlopt_18,5,177.7575140598955,marvin
Fujita,nlopt_34,7,1217.3600428747723,marvin
Fujita,nlopt_34,3,1039.1077313681847,marvin
Fujita,nlopt_15,10,956.8371784005838,marvin
Fujita,cg,10,390.0500878803543,marvin
Fujita,nlopt_18,9,6.72765019770037,marvin
Fujita,nlopt_13,8,-43.581912331637504,marvin
Fujita,nlopt_34,4,2973.5734005136687,marvin
Fujita,nlopt_34,9,1056.9750703914415,marvin
Fujita,nlopt_13,5,-61.25205512178772,marvin
Fujita,nlopt_34,1,1087.9633075226277,marvin
Fujita,nlopt_34,6,994.20213378428,marvin
Fujita,newton-cg,9,-64.28332158618241,marvin
Fujita,nlopt_34,10,937.1758928500947,marvin
Fujita,nlopt_34,5,931.8831530696464,marvin
Fujita,nlopt_15,9,906.8483888011949,marvin
Fujita,SLSQP,8,-39.834817441332234,marvin
Fujita,nlopt_34,8,1096.1691810516827,marvin
Fujita,nlopt_13,6,5.147656819730926,marvin
Fujita,nlopt_23,5,773.1745026940075,marvin
Fujita,nlopt_13,4,109.2008919046184,marvin
Fujita,nlopt_26,3,69.92928074415629,marvin
Fujita,nlopt_21,7,-52.57624068326585,marvin
Fujita,nlopt_26,1,68.98121462144516,marvin
Fujita,nlopt_23,4,-45.573483774821426,marvin
Fujita,nlopt_29,8,-57.0309753530456,marvin
Fujita,newton-cg,10,95.02467642741772,marvin
Fujita,nlopt_23,10,38.90244900167434,marvin
Fujita,nlopt_21,5,6.807858571348056,marvin
Fujita,nlopt_26,8,-52.001558114543315,marvin
Fujita,nlopt_23,3,-43.50443939486734,marvin
Fujita,nlopt_28,4,122.63751471706685,marvin
Fujita,nlopt_23,2,-66.58065682529504,marvin
Fujita,nlopt_23,7,-43.4933457189094,marvin
Fujita,nlopt_23,1,-2.4163025351912424,marvin
Fujita,nlopt_14,3,-7.444302705444727,marvin
Fujita,nlopt_14,9,-43.58094787747155,marvin
Fujita,nlopt_14,1,100.66223851867414,marvin
Fujita,dogleg,4,3910.6949980331715,marvin
Fujita,nlopt_29,3,-52.733185242813406,marvin
Fujita,nlopt_14,7,-7.4446390607490684,marvin
Fujita,nlopt_23,6,6.751860301678882,marvin
Fujita,nlopt_26,4,3.305267274394165,marvin
Fujita,nlopt_26,6,6.862255520716694,marvin
Fujita,pysacess,6,-63.92943978701898,marvin
Fujita,nlopt_29,2,-66.46645524139845,marvin
Fujita,nlopt_23,9,934.4560396017505,marvin
Fujita,nlopt_26,10,-66.57409509643372,marvin
Fujita,pysacess,1,-45.15873082826838,marvin
Fujita,nlopt_29,10,-66.45714236354402,marvin
Fujita,nlopt_21,8,91.02191796764288,marvin
Fujita,pysacess,5,-45.542896355761705,marvin
Fujita,pysacess,8,-44.734039845482904,marvin
Fujita,pysacess,2,-44.49197430969213,marvin
Fujita,nlopt_14,8,51.98215874305643,marvin
Fujita,pysacess,10,-45.330854658539565,marvin
Fujita,nlopt_29,7,-60.81397054605699,marvin
Fujita,pysacess_cmaes,6,-66.58101836660366,marvin
Fujita,nlopt_29,6,-62.86065647567132,marvin
Fujita,nlopt_21,4,83.4626857031618,marvin
Fujita,dogleg,9,4547.506158713533,marvin
Fujita,pysacess,4,-64.51024642137494,marvin
Fujita,nlopt_29,4,-60.42680739544234,marvin
Fujita,pysacess_cmaes,1,-66.581018397757,marvin
Fujita,SLSQP,9,-50.85985116187975,marvin
Fujita,nlopt_26,5,69.79879818040625,marvin
Fujita,nlopt_21,3,6.841369448184551,marvin
Fujita,nlopt_13,7,-43.6264579383659,marvin
Fujita,nlopt_21,9,-33.619108019023045,marvin
Fujita,nlopt_23,8,-6.487189712234645,marvin
Fujita,pysacess_cmaes,2,-66.58101865646286,marvin
Fujita,pysacess_cmaes,3,-66.58102001476959,marvin
Fujita,pysacess,7,-44.981831689764725,marvin
Fujita,nlopt_21,2,-52.15250916699473,marvin
Fujita,nlopt_21,6,-45.766050124553004,marvin
Fujita,pysacess_cmaes,10,-66.58101631310771,marvin
Fujita,nlopt_28,3,117.07319085809402,marvin
Fujita,pysacess,3,-44.40657198905868,marvin
Fujita,pysacess_fides,5,-66.58099519211835,marvin
Fujita,pysacess_fides,1,-66.5809962437999,marvin
Fujita,pysacess_cmaes,5,-66.58101543166566,marvin
Fujita,nlopt_29,9,-61.21116089950989,marvin
Fujita,pysacess_cmaes,7,-66.58101882065623,marvin
Fujita,pysacess_cmaes,9,-66.58101644949384,marvin
Fujita,pysacess_fides,8,-66.58099525749803,marvin
Fujita,nlopt_14,10,-43.58192568628731,marvin
Fujita,pysacess_fides,2,-66.58099534509408,marvin
Fujita,pysacess_ipopt,9,-66.58084778654558,marvin
Fujita,nlopt_14,4,-29.131582283958153,marvin
Fujita,nlopt_29,1,-52.68800331466936,marvin
Fujita,pysacess_ipopt,4,-66.58098385156674,marvin
Fujita,pysacess_cmaes,4,-66.58102264578527,marvin
Fujita,nlopt_29,5,-61.169434347689,marvin
Fujita,pysacess_fides,7,-66.58099467375692,marvin
Fujita,pysacess_fides,6,-66.58099507109375,marvin
Fujita,nlopt_21,10,91.07420648957711,marvin
Fujita,pysacess_ipopt,8,-45.762188053582896,marvin
Fujita,pysacess,9,-44.77288267951491,marvin
Fujita,nlopt_26,9,1.9249416313332084,marvin
Fujita,pysacess_cmaes,8,-66.5810141446863,marvin
Fujita,nlopt_13,10,-7.449356945245562,marvin
Fujita,pysacess_fides,3,-66.58099459733018,marvin
Fujita,sacess_dhc,3,-66.57306023974748,marvin
Fujita,sacess,3,-53.14741719016366,marvin
Fujita,sacess_dhc,9,-66.57976725837293,marvin
Fujita,nlopt_14,5,67.43168985880824,marvin
Fujita,nlopt_13,2,91.09390958874299,marvin
Fujita,pysacess_ipopt,5,-66.58096914356845,marvin
Fujita,sacess,2,-66.57910828143093,marvin
Fujita,pysacess_fides,10,-66.58099463515995,marvin
Fujita,sacess,9,-66.58059730117907,marvin
Fujita,pysacess_ipopt,7,-66.58087569989456,marvin
Fujita,sacess,1,-66.5788487140664,marvin
Fujita,dogleg,1,4578.1490545766665,marvin
Fujita,nlopt_28,2,100.239945789255,marvin
Fujita,pysacess_fides,4,-66.5809953719605,marvin
Fujita,sacess,6,-66.58099208470573,marvin
Fujita,pysacess_ipopt,10,-66.5808735111237,marvin
Fujita,pysacess_fides,9,-66.58099518463835,marvin
Fujita,sacess_ipopt,1,-66.58095098297107,marvin
Fujita,sacess_dhc,6,-53.22893065771606,marvin
Fujita,sacess,4,-66.5788637261057,marvin
Fujita,dogleg,2,4806.916059465739,marvin
Fujita,pysacess_ipopt,6,-66.58066392113403,marvin
Fujita,nlopt_28,10,57.60221980651991,marvin
Fujita,nlopt_14,6,139.17236400768732,marvin
Fujita,sacess_ipopt,4,-66.58019055356229,marvin
Fujita,nlopt_28,9,88.81967634592272,marvin
Fujita,nlopt_26,7,-45.411007514038644,marvin
Fujita,dogleg,3,4576.563275056438,marvin
Fujita,pysacess_ipopt,3,-66.5809315902588,marvin
Fujita,pysacess_ipopt,2,-66.58090700388958,marvin
Fujita,sacess_dhc,4,-66.56732283187307,marvin
Fujita,pysacess_ipopt,1,914.3123728023322,marvin
Fujita,sacess,5,-53.21983220258414,marvin
Fujita,sacess_dhc,5,-33.481338855485454,marvin
Fujita,sacess_ipopt,8,-66.58095536546304,marvin
Fujita,sacess,10,-45.827925013521735,marvin
Fujita,sacess_dhc,8,-66.5809985385188,marvin
Fujita,nlopt_28,5,6.581776439830229,marvin
Fujita,nlopt_21,1,80.49308853591829,marvin
Fujita,sacess_dhc,7,-45.823388507403806,marvin
Fujita,sacess_ipopt,7,-66.58072759086129,marvin
Fujita,sacess_dhc,10,-66.58033022623022,marvin
Fujita,dogleg,5,3696.0615862585587,marvin
Fujita,sacess,7,-66.58100209906522,marvin
Fujita,nlopt_13,9,102.91355010211606,marvin
Fujita,sacess_ipopt,2,-66.58097597665248,marvin
Fujita,sacess_ipopt,5,-66.58098506373713,marvin
Fujita,sacess_ipopt,6,-66.58057752457691,marvin
Fujita,sacess_ipopt,10,-66.58058282274091,marvin
Fujita,nlopt_28,7,14.992403682472128,marvin
Fujita,sacess_dhc,2,-66.58068168509531,marvin
Fujita,sacess,8,-66.5786613539838,marvin
Fujita,sacess_dhc,1,-66.58055438024299,marvin
Fujita,nlopt_28,6,107.75671866655566,marvin
Fujita,sacess_ipopt,3,-66.5807979103554,marvin
Fujita,sacess_ipopt,9,-66.57935031013895,marvin
Fujita,cg,8,305.951231415454,marvin
Fujita,cg,4,376.2643256532501,marvin
Fujita,nlopt_28,1,29.949159669447006,marvin
Fujita,nlopt_14,2,173.0661661498478,marvin
Fujita,nlopt_39,1,-17.954081819048966,marvin
Fujita,dogleg,6,3666.4183550321513,marvin
Fujita,nlopt_39,3,-45.69903896055751,marvin
Fujita,nlopt_39,9,199.65128520841486,marvin
Fujita,dogleg,7,4335.375451459369,marvin
Fujita,nlopt_28,8,103.41179681210181,marvin
Fujita,nlopt_39,7,69.03759711071906,marvin
Fujita,pyswarm,4,599.2135055741217,marvin
Fujita,pyswarm,10,329.2834993651546,marvin
Fujita,nlopt_39,6,-52.72561527907823,marvin
Fujita,nlopt_39,2,930.492114154491,marvin
Fujita,pyswarm,3,322.068854643143,marvin
Fujita,nlopt_39,8,291.4829921970341,marvin
Fujita,nlopt_39,4,161.02603240884287,marvin
Fujita,nlopt_39,5,274.5518832831051,marvin
Fujita,nlopt_37,2,-52.54068108898171,marvin
Fujita,pyswarm,6,480.0653962146051,marvin
Fujita,pyswarm,1,354.50620688938994,marvin
Fujita,pyswarm,9,519.1089283027063,marvin
Fujita,pyswarm,5,551.4291664698493,marvin
Fujita,nlopt_39,10,905.0090136398262,marvin
Fujita,pyswarm,7,484.1325923212336,marvin
Fujita,pyswarm,8,334.26773930476736,marvin
Fujita,nlopt_36,1,-31.982317120678545,marvin
Fujita,nlopt_36,9,-45.487552975442384,marvin
Giordano,L-BFGS-B,8,-3468.3888887275752,marvin
Giordano,L-BFGS-B,4,-3470.485823275911,marvin
Giordano,BFGS,7,-2567.9885155938537,marvin
Fujita,pyswarm,2,403.4135906512183,marvin
Fujita,nlopt_36,4,-44.10493040638687,marvin
Giordano,L-BFGS-B,7,-3467.9447823893324,marvin
Giordano,L-BFGS-B,9,-3471.058750832445,marvin
Giordano,L-BFGS-B,3,-3467.231656634752,marvin
Giordano,BFGS,9,-2736.1210847760153,marvin
Giordano,L-BFGS-B,1,-3474.2269642959245,marvin
Fujita,nlopt_37,9,14.353072981783608,marvin
Fujita,nlopt_37,6,-52.62147928102826,marvin
Giordano,L-BFGS-B,5,-3472.0733452793197,marvin
Giordano,Nelder-Mead,1,-2620.057484546266,marvin
Fujita,nlopt_36,3,-6.655962314648072,marvin
Giordano,BFGS,3,-3005.7057610037696,marvin
Giordano,L-BFGS-B,10,-3473.6834349793457,marvin
Giordano,cg,4,-3410.7946164257423,marvin
Giordano,cmaes,1,-3488.289481906525,marvin
Giordano,BFGS,2,-2685.619771347658,marvin
Giordano,cg,1,-3448.7531975693123,marvin
Giordano,L-BFGS-B,6,-3468.6463001562024,marvin
Fujita,nlopt_36,8,-52.53320213731471,marvin
Giordano,cmaes,3,-3488.340346962221,marvin
Fujita,nlopt_37,8,-23.61202382043196,marvin
Giordano,cmaes,4,-3488.273838299625,marvin
Giordano,L-BFGS-B,2,-3468.1762743709714,marvin
Giordano,cmaes,6,-3488.3414981097503,marvin
Giordano,cmaes,8,-3488.2640665140775,marvin
Fujita,nlopt_36,10,-7.647482600249052,marvin
Giordano,Nelder-Mead,5,-2663.886979837305,marvin
Giordano,cmaes,2,-3488.299639580316,marvin
Giordano,Nelder-Mead,4,-2676.6667773819045,marvin
Giordano,cmaes,5,-3488.3151666303984,marvin
Giordano,cmaes,9,-3488.2171565703648,marvin
Giordano,cg,3,-3437.9196706730013,marvin
Giordano,Nelder-Mead,8,-2761.1467943150387,marvin
Fujita,trust-ncg,7,114.60246130667363,marvin
Giordano,cg,5,-3419.081318490712,marvin
Giordano,cg,8,-3380.398029701145,marvin
Giordano,Nelder-Mead,9,-2609.318813839134,marvin
Fujita,trust-ncg,5,65.63716994649675,marvin
Fujita,nlopt_37,4,-19.575785800862754,marvin
Giordano,BFGS,10,-2595.552928031319,marvin
Giordano,Nelder-Mead,6,-2647.5800392511096,marvin
Giordano,cmaes,7,-3487.10826884869,marvin
Fujita,nlopt_36,5,-45.822658812011,marvin
Giordano,Nelder-Mead,7,-2637.885685569932,marvin
Giordano,cmaes,10,-3488.268196826954,marvin
Giordano,COBYLA,2,-2490.662342869321,marvin
Giordano,cg,2,-3386.3841288562676,marvin
Giordano,cg,10,-3405.7722467882463,marvin
Giordano,Nelder-Mead,3,-2676.801044294266,marvin
Fujita,nlopt_37,1,-66.58098004620943,marvin
Fujita,nlopt_36,6,-19.132481987218597,marvin
Giordano,cg,7,-3449.5845030650657,marvin
Fujita,nlopt_36,7,-7.6328904204107495,marvin
Giordano,BFGS,1,-2669.6302876824875,marvin
Fujita,trust-krylov,8,-60.76270501335528,marvin
Fujita,nlopt_37,5,-19.03502917319824,marvin
Fujita,trust-krylov,1,96.87100822314042,marvin
Giordano,cg,9,-3426.9735788951316,marvin
Giordano,cg,6,-3400.890281004688,marvin
Fujita,trust-ncg,9,-53.071828032946804,marvin
Fujita,trust-krylov,2,844.4910980323195,marvin
Giordano,Nelder-Mead,2,-2758.2999057888524,marvin
Giordano,BFGS,6,-2895.4399265964184,marvin
Fujita,trust-ncg,2,56.780820483946755,marvin
Giordano,BFGS,4,-2722.280921345501,marvin
Fujita,trust-ncg,1,-66.54945675555189,marvin
Fujita,nlopt_37,7,-43.581957993008864,marvin
Giordano,BFGS,5,-2572.753716855015,marvin
Giordano,COBYLA,8,-2522.220611149077,marvin
Fujita,nlopt_37,10,-43.57989986442047,marvin
Fujita,trust-krylov,10,424.698634997961,marvin
Fujita,trust-krylov,5,-42.62776770242627,marvin
Fujita,trust-ncg,6,-61.116445385380466,marvin
Giordano,COBYLA,1,-2517.700402921082,marvin
Fujita,trust-ncg,3,-45.70866840582766,marvin
Fujita,trust-krylov,4,755.3990901330682,marvin
Fujita,nlopt_37,3,-52.62680930515804,marvin
Giordano,Nelder-Mead,10,-2646.171271759876,marvin
Fujita,nlopt_36,2,-52.62148678245308,marvin
Fujita,trust-krylov,3,206.37173867245022,marvin
Fujita,trust-ncg,10,62.60070782336226,marvin
Fujita,trust-krylov,9,-32.13298520843135,marvin
Giordano,COBYLA,5,-2501.3065042902235,marvin
Giordano,BFGS,8,-2594.7517125340023,marvin
Giordano,COBYLA,4,-2573.8463570116187,marvin
Fujita,trust-ncg,4,-45.40808693425766,marvin
Giordano,COBYLA,9,-2503.0441493333765,marvin
Giordano,COBYLA,10,-2487.2474466662115,marvin
Fujita,trust-krylov,7,-66.57351195474871,marvin
Giordano,COBYLA,3,-2540.2778601116624,marvin
Fujita,trust-krylov,6,874.0534957005891,marvin
Fujita,trust-ncg,8,5.403332754604602,marvin
Giordano,COBYLA,7,-2537.388565914603,marvin
Giordano,COBYLA,6,-2562.468795692963,marvin
Giordano,fides,2,-3487.700981300467,marvin
Giordano,fides,3,-3487.7491274726804,marvin
Giordano,fides,5,-3487.8977256335324,marvin
Giordano,fides,7,-3487.937416990388,marvin
Fujita,tnc,4,1070.0039694733828,marvin
Giordano,fides,8,-3487.8037297522505,marvin
Giordano,fides,1,-3486.8367403412294,marvin
Fujita,tnc,10,1141.2954814797488,marvin
Giordano,fides,6,-3487.7436910745646,marvin
Fujita,tnc,1,960.7939525309781,marvin
Giordano,fides,9,-3487.7856176686505,marvin
Fujita,tnc,2,1002.0601057694641,marvin
Giordano,fides,4,-3487.9265460742326,marvin
Giordano,fides,10,-3488.1843409270937,marvin
Fujita,tnc,5,399.58489216437704,marvin
Fujita,tnc,6,257.85821105629566,marvin
Giordano,newton-cg,4,-2603.6698349504136,marvin
Giordano,ipopt,5,-3473.05643360202,marvin
Giordano,newton-cg,3,-2608.5045915106157,marvin
Giordano,newton-cg,5,-2595.170844778706,marvin
Giordano,nlopt_11,2,-3482.0187817090437,marvin
Giordano,ipopt,3,-3473.0797414554063,marvin
Fujita,tnc,3,1097.6057982770326,marvin
Giordano,newton-cg,6,-2759.432827143851,marvin
Giordano,newton-cg,1,-2632.741016243229,marvin
Giordano,nlopt_11,1,-3482.684977355309,marvin
Giordano,nlopt_11,4,-3482.5712145740195,marvin
Giordano,newton-cg,9,-2707.132823548533,marvin
Giordano,nlopt_11,6,-3479.134049193618,marvin
Giordano,newton-cg,8,-2632.997745522014,marvin
Giordano,nlopt_11,7,-3481.6308586397695,marvin
Giordano,ipopt,1,-3472.620130444158,marvin
Giordano,ipopt,8,-3471.737974269744,marvin
Giordano,ipopt,7,-3470.461287863994,marvin
Giordano,newton-cg,10,-2605.675942164927,marvin
Giordano,nlopt_11,3,-3483.8567441969485,marvin
Giordano,ipopt,2,-3471.531400531575,marvin
Giordano,newton-cg,2,-2674.0510218315444,marvin
Giordano,newton-cg,7,-2670.3104905319246,marvin
Giordano,ipopt,9,-3470.363434040634,marvin
Giordano,ipopt,4,-3471.2813040997235,marvin
Fujita,tnc,7,332.49162696634284,marvin
Giordano,ipopt,6,-3471.072943539289,marvin
Giordano,nlopt_11,8,-3482.5081113650226,marvin
Giordano,nlopt_11,5,-3481.3888824143332,marvin
Giordano,nlopt_11,9,-3479.9408024073305,marvin
Fujita,tnc,8,1000.6500216278444,marvin
Giordano,ipopt,10,-3471.517049085427,marvin
Giordano,dogleg,7,-2220.5514698387406,marvin
Giordano,nlopt_11,10,-3482.178160735839,marvin
Fujita,tnc,9,656.3131505589967,marvin
Giordano,nlopt_13,3,-3474.1028697069314,marvin
Giordano,dogleg,9,-2231.2427018693493,marvin
Giordano,nlopt_13,5,-3476.2309615585905,marvin
Giordano,nlopt_13,7,-3477.5114506184673,marvin
Giordano,nlopt_13,1,-3479.923841854906,marvin
Giordano,dogleg,10,-2506.9773477477,marvin
Giordano,dogleg,6,-2148.3011545441996,marvin
Giordano,dogleg,2,-2152.9898447369023,marvin
Giordano,nlopt_12,8,-3437.5556679979923,marvin
Giordano,nlopt_13,10,-3470.1487391270302,marvin
Giordano,nlopt_12,7,-3409.361875686443,marvin
Giordano,nlopt_13,4,-3476.4694458671474,marvin
Giordano,nlopt_12,3,-3333.2636436956936,marvin
Giordano,nlopt_13,6,-3479.7515602034036,marvin
Giordano,nlopt_12,2,-3466.3888282507473,marvin
Giordano,nlopt_12,6,-3420.226216843215,marvin
Giordano,nlopt_13,8,-3474.7696049870037,marvin
Giordano,nlopt_13,9,-3473.5408807287067,marvin
Giordano,nlopt_13,2,-3477.0935485941814,marvin
Giordano,nlopt_12,4,-3411.3442299261906,marvin
Giordano,nlopt_12,5,-3358.5284310406587,marvin
Giordano,nlopt_14,3,-3473.463208920562,marvin
Giordano,nlopt_12,9,-3360.9604871610595,marvin
Giordano,dogleg,3,-2245.262738832577,marvin
Giordano,nlopt_14,2,-3477.8224748823486,marvin
Giordano,nlopt_14,1,-3474.3005671802102,marvin
Giordano,nlopt_14,7,-3476.9758651992893,marvin
Giordano,nlopt_14,5,-3478.3862505703673,marvin
Giordano,nlopt_12,1,-3448.411113499979,marvin
Giordano,nlopt_14,4,-3479.570712436307,marvin
Giordano,nlopt_14,8,-3475.8917204638324,marvin
Giordano,dogleg,1,-2226.3220171321154,marvin
Giordano,nlopt_16,1,-3439.3809684964453,marvin
Giordano,dogleg,8,-2287.2425340132286,marvin
Giordano,nlopt_14,9,-3474.614120681828,marvin
Giordano,nlopt_12,10,-3430.2711244506554,marvin
Giordano,nlopt_16,2,-3446.0643134453258,marvin
Giordano,nlopt_15,1,-2959.4395579388997,marvin
Giordano,nlopt_14,6,-3474.295442936126,marvin
Giordano,nlopt_16,3,-3461.7808933377078,marvin
Giordano,nlopt_14,10,-3479.163473324987,marvin
Giordano,nlopt_16,4,-3464.138113373009,marvin
Giordano,dogleg,4,-2285.098037884945,marvin
Giordano,nlopt_16,5,-3451.798729252183,marvin
Giordano,nlopt_16,6,-3283.4726549583515,marvin
Giordano,nlopt_16,8,-3424.460290745416,marvin
Giordano,nlopt_16,9,-3441.4916170382885,marvin
Giordano,nlopt_16,10,-3334.576537770549,marvin
Giordano,nlopt_15,3,-3100.08011910296,marvin
Giordano,nlopt_15,8,-3200.708374131097,marvin
Giordano,nlopt_18,2,-3475.359895349825,marvin
Giordano,nlopt_16,7,-3341.802390887868,marvin
Giordano,nlopt_18,1,-3476.7229811931143,marvin
Giordano,nlopt_18,3,-3479.0363394824376,marvin
Giordano,nlopt_18,7,-3471.757684787425,marvin
Giordano,dogleg,5,-2217.4050193857415,marvin
Giordano,nlopt_18,4,-3468.041045087444,marvin
Giordano,nlopt_15,10,-3010.568826123361,marvin
Giordano,nlopt_15,4,-3102.5019810864706,marvin
Giordano,nlopt_15,5,-3042.138263460173,marvin
Giordano,nlopt_18,6,-3468.745118552982,marvin
Giordano,nlopt_18,9,-3479.5837203389133,marvin
Giordano,nlopt_18,10,-3471.7181593547084,marvin
Giordano,nlopt_18,5,-3472.2669924416796,marvin
Giordano,nlopt_18,8,-3475.553312888735,marvin
Giordano,nlopt_15,2,-3035.438862575216,marvin
Giordano,nlopt_15,7,-3122.0306783308,marvin
Giordano,nlopt_15,9,-3178.6973255868106,marvin
Giordano,nlopt_15,6,-2970.051997016448,marvin
Giordano,nlopt_21,1,-3439.1109299499,marvin
Giordano,SLSQP,10,-3458.637377485784,marvin
Giordano,nlopt_21,4,-3439.6288042032397,marvin
Giordano,nlopt_21,3,-3438.2353759312846,marvin
Giordano,nlopt_21,5,-3443.3200879634196,marvin
Giordano,nlopt_21,6,-3441.740241687709,marvin
Giordano,nlopt_21,2,-3431.7478418010287,marvin
Giordano,nlopt_21,8,-3434.2146598515383,marvin
Giordano,nlopt_21,9,-3457.7090045013056,marvin
Giordano,nlopt_21,7,-3457.9887340702912,marvin
Giordano,nlopt_23,1,-3246.752694315015,marvin
Giordano,nlopt_21,10,-3462.369029638733,marvin
Giordano,nlopt_23,2,-3246.752694315015,marvin
Giordano,nlopt_23,3,-3334.7367002630367,marvin
Giordano,nlopt_23,4,-3246.752694315015,marvin
Giordano,nlopt_26,2,-2221.975373059334,marvin
Giordano,nlopt_23,5,-3322.0234318372786,marvin
Giordano,nlopt_23,7,-3312.9831431089424,marvin
Giordano,nlopt_23,10,-3296.301908008979,marvin
Giordano,SLSQP,4,-3453.538212811734,marvin
Giordano,nlopt_23,8,-3416.835451548819,marvin
Giordano,nlopt_23,6,-3413.3449750779514,marvin
Giordano,nlopt_23,9,-3441.2667933628077,marvin
Giordano,nlopt_26,3,-3469.4449652465782,marvin
Giordano,nlopt_26,8,-3304.103713792119,marvin
Giordano,nlopt_26,9,-2553.405491078742,marvin
Giordano,nlopt_26,6,-3260.3813102578156,marvin
Giordano,nlopt_26,5,-2627.658532000272,marvin
Giordano,nlopt_26,1,-3452.176717989602,marvin
Giordano,nlopt_26,4,-2884.641932549899,marvin
Giordano,nlopt_26,7,-3407.976116614742,marvin
Giordano,nlopt_26,10,-3400.8486267830467,marvin
Giordano,nlopt_28,2,-2831.9841260202384,marvin
Giordano,nlopt_28,4,-2971.0771939136794,marvin
Giordano,SLSQP,7,-3468.774358488817,marvin
Giordano,nlopt_28,6,-3034.495733963861,marvin
Giordano,nlopt_28,1,-2881.8522023021815,marvin
Giordano,nlopt_29,4,-3467.260582133063,marvin
Giordano,nlopt_29,1,-3472.055080002017,marvin
Giordano,nlopt_28,7,-2838.374137189682,marvin
Giordano,nlopt_29,6,-3456.4583945574504,marvin
Giordano,nlopt_28,3,-2895.4892812531675,marvin
Giordano,nlopt_29,2,-3380.4875482423104,marvin
Giordano,nlopt_29,3,-3460.496373651107,marvin
Giordano,nlopt_28,9,-2858.564532103712,marvin
Giordano,nlopt_28,5,-2775.695830567124,marvin
Giordano,SLSQP,6,-3459.3880498653793,marvin
Giordano,nlopt_29,5,-3470.0394810919,marvin
Giordano,nlopt_28,8,-2891.7346510865386,marvin
Giordano,nlopt_28,10,-2927.8556804159243,marvin
Giordano,nlopt_29,7,-3459.7056532948427,marvin
Giordano,nlopt_29,8,-3470.851989471528,marvin
Giordano,nlopt_29,10,-3440.377752365244,marvin
Giordano,nlopt_34,4,-3267.7163380567576,marvin
Giordano,nlopt_34,3,-3392.6681713336934,marvin
Giordano,nlopt_34,2,-3127.550352746352,marvin
Giordano,nlopt_34,1,-3314.7242968935007,marvin
Giordano,nlopt_34,5,-3468.256633562385,marvin
Giordano,SLSQP,1,-3459.1770779454164,marvin
Giordano,nlopt_34,8,-3247.2302313950363,marvin
Giordano,nlopt_34,6,-3027.4481272709777,marvin
Giordano,nlopt_29,9,-3476.341963323116,marvin
Giordano,nlopt_34,7,-3143.588016784972,marvin
Giordano,nlopt_34,9,-3150.7181863657515,marvin
Giordano,SLSQP,3,-3470.9078051293995,marvin
Giordano,nlopt_34,10,-3255.881504637859,marvin
Giordano,SLSQP,5,-3454.615141385064,marvin
Giordano,nlopt_36,1,-3483.4960770764137,marvin
Giordano,nlopt_36,2,-3483.5433652863317,marvin
Giordano,SLSQP,8,-3452.4487762235312,marvin
Giordano,SLSQP,9,-3447.8890566916266,marvin
Giordano,nlopt_36,8,-3483.008510290153,marvin
Giordano,nlopt_36,5,-3483.4135506176235,marvin
Giordano,SLSQP,2,-3454.488945171505,marvin
Giordano,nlopt_36,6,-3480.5455802194433,marvin
Giordano,nlopt_36,7,-3483.428336953539,marvin
Giordano,nlopt_36,3,-3480.8567605929607,marvin
Giordano,nlopt_36,9,-3483.3377392904135,marvin
Giordano,nlopt_36,10,-3481.2024621061287,marvin
Giordano,nlopt_37,1,-3482.0913043330906,marvin
Giordano,nlopt_37,3,-3482.61157347984,marvin
Giordano,nlopt_36,4,-3482.0198695446475,marvin
Giordano,nlopt_37,5,-3482.45302627715,marvin
Giordano,nlopt_37,2,-3482.324211172226,marvin
Giordano,nlopt_37,6,-3483.1190669271077,marvin
Giordano,pysacess_cmaes,9,-3488.246154576413,marvin
Giordano,pysacess_cmaes,6,-3488.201934383557,marvin
Giordano,nlopt_39,2,-3262.9666406953143,marvin
Giordano,nlopt_39,8,-3386.8939194641434,marvin
Giordano,nlopt_39,9,-3246.752694315015,marvin
Giordano,nlopt_39,10,-3383.7063179224333,marvin
Giordano,pysacess_fides,3,-3484.701346154802,marvin
Giordano,nlopt_39,3,-3347.869752228331,marvin
Giordano,pysacess,3,-3378.1479225871617,marvin
Giordano,pysacess_fides,1,-3487.029991664005,marvin
Giordano,pysacess_cmaes,5,-3488.074967970491,marvin
Giordano,pysacess_cmaes,1,-3488.1893452152754,marvin
Giordano,pysacess_cmaes,8,-3488.2603127431144,marvin
Giordano,pysacess_fides,5,-3484.614061848029,marvin
Giordano,pysacess_fides,7,-3488.1331319148176,marvin
Giordano,nlopt_39,7,-3329.343504419501,marvin
Giordano,pysacess,10,-3421.5549548662834,marvin
Giordano,pysacess_fides,4,-3484.7580328773224,marvin
Giordano,pysacess_cmaes,2,-3488.296461229667,marvin
Giordano,pysacess_cmaes,3,-3488.2363280415307,marvin
Giordano,pysacess_fides,6,-3484.746850976297,marvin
Giordano,pysacess_cmaes,4,-3485.012597755822,marvin
Giordano,pysacess,7,-3417.350838943125,marvin
Giordano,pysacess_ipopt,2,-3472.011227992419,marvin
Giordano,pysacess_ipopt,4,-3472.1537773807604,marvin
Giordano,nlopt_39,6,-3246.752694315015,marvin
Giordano,pysacess_fides,10,-3485.437548684085,marvin
Giordano,nlopt_39,5,-3297.6964868280493,marvin
Giordano,pysacess,4,-3423.2187174292826,marvin
Giordano,pysacess,5,-3426.179730705831,marvin
Giordano,pysacess_fides,9,-3484.7242138647325,marvin
Giordano,pysacess_fides,2,-3484.67437506489,marvin
Giordano,nlopt_39,4,-3408.108102651687,marvin
Giordano,pysacess_ipopt,3,-3479.172290516409,marvin
Giordano,pysacess_cmaes,10,-3488.3048170465786,marvin
Giordano,pysacess,9,-3411.750559557271,marvin
Giordano,pysacess,1,-3423.4696902058686,marvin
Giordano,pysacess,2,-3427.342118079783,marvin
Giordano,pysacess,6,-3441.937656591908,marvin
Giordano,nlopt_39,1,-3290.466207114654,marvin
Giordano,pysacess_ipopt,1,-3469.9987482779543,marvin
Giordano,nlopt_37,7,-3483.598036159701,marvin
Giordano,nlopt_37,8,-3482.567742573553,marvin
Giordano,nlopt_37,10,-3482.086803789619,marvin
Giordano,nlopt_37,9,-3481.9665065406675,marvin
Giordano,pysacess_fides,8,-3484.684035456521,marvin
Giordano,pysacess_cmaes,7,-3488.261720200521,marvin
Giordano,pysacess,8,-3415.1636130884212,marvin
Giordano,pysacess_ipopt,5,-3472.133141159602,marvin
Giordano,nlopt_37,4,-3483.126405016387,marvin
Giordano,pysacess_ipopt,6,-3480.1238171156538,marvin
Giordano,pysacess_ipopt,8,-3475.7517393059675,marvin
Giordano,pysacess_ipopt,7,-3469.238306616364,marvin
Giordano,pysacess_ipopt,9,-3473.3353018003486,marvin
Giordano,sacess,9,-3470.638032185908,marvin
Giordano,sacess,10,-3468.0469574700305,marvin
Giordano,sacess_dhc,2,-3478.948028999947,marvin
Giordano,sacess_ipopt,6,-3480.130643576613,marvin
Giordano,sacess,5,-3477.353866938552,marvin
Giordano,pysacess_ipopt,10,-3472.707382839521,marvin
Giordano,sacess_ipopt,1,-3481.1990921852966,marvin
Giordano,sacess_ipopt,7,-3476.4211711138446,marvin
Giordano,sacess_ipopt,10,-3481.188342631054,marvin
Giordano,sacess,7,-3473.8240140451544,marvin
Giordano,sacess_dhc,6,-3475.8199917600195,marvin
Giordano,sacess_dhc,4,-3473.0975878070453,marvin
Giordano,sacess_dhc,5,-3476.9915693886605,marvin
Giordano,sacess_dhc,8,-3476.960708139753,marvin
Giordano,sacess_dhc,10,-3472.680779349052,marvin
Giordano,sacess,8,-3467.6172044684567,marvin
Giordano,sacess,2,-3457.390369288401,marvin
Giordano,sacess_dhc,1,-3481.6231556907255,marvin
Giordano,sacess_ipopt,3,-3477.341146213857,marvin
Giordano,sacess_dhc,3,-3476.595036770143,marvin
Giordano,sacess_ipopt,8,-3475.965756904889,marvin
Giordano,sacess,3,-3475.1614720672815,marvin
Giordano,sacess,1,-3468.0361475701247,marvin
Giordano,sacess_dhc,9,-3471.975405775759,marvin
Giordano,sacess_dhc,7,-3443.751936662277,marvin
Giordano,trust-krylov,4,-3477.151700447244,marvin
Giordano,sacess_ipopt,5,-3475.477728422098,marvin
Giordano,sacess_ipopt,2,-3479.550163429604,marvin
Giordano,sacess,4,-3471.090186048288,marvin
Giordano,sacess,6,-3449.55059252141,marvin
Giordano,sacess_ipopt,4,-3476.7240587254646,marvin
Giordano,trust-krylov,2,-3476.1331510084487,marvin
Giordano,trust-krylov,5,-3477.3998708327704,marvin
Isensee,Nelder-Mead,1,4796.708433564353,marvin
Giordano,trust-krylov,1,-3473.3105953219724,marvin
Giordano,trust-ncg,5,-3474.075502850514,marvin
Isensee,Nelder-Mead,3,4675.282873050892,marvin
Giordano,trust-ncg,4,-3474.854168905243,marvin
Isensee,Nelder-Mead,2,4710.165015507593,marvin
Giordano,trust-krylov,8,-3477.9318840422634,marvin
Giordano,sacess_ipopt,9,-3476.015452161604,marvin
Isensee,Nelder-Mead,6,4861.911318626028,marvin
Giordano,trust-krylov,9,-3477.3431550387595,marvin
Isensee,Nelder-Mead,9,4846.083256626109,marvin
Giordano,trust-krylov,6,-3475.214671829671,marvin
Giordano,trust-krylov,7,-3476.6735261717254,marvin
Giordano,trust-krylov,10,-3476.9426619284022,marvin
Giordano,trust-ncg,7,-3478.128694142462,marvin
Giordano,trust-ncg,3,-3473.7318209541622,marvin
Giordano,trust-ncg,10,-3477.586750168202,marvin
Giordano,trust-krylov,3,-3475.7759800382805,marvin
Giordano,trust-ncg,2,-3472.8701937746487,marvin
Giordano,trust-ncg,8,-3471.262565874037,marvin
Giordano,trust-ncg,6,-3476.5207675747893,marvin
Isensee,cmaes,3,4524.935879916947,marvin
Isensee,Nelder-Mead,7,4780.825743080103,marvin
Isensee,Nelder-Mead,8,4725.279755833871,marvin
Isensee,Nelder-Mead,5,4771.682606160555,marvin
Giordano,trust-ncg,9,-3473.131674648006,marvin
Isensee,Nelder-Mead,4,4800.781171762974,marvin
Isensee,cg,5,4735.6428084148765,marvin
Giordano,trust-ncg,1,-3474.2548798750745,marvin
Isensee,cmaes,7,4524.341628332051,marvin
Isensee,cg,2,4591.421887787183,marvin
Isensee,cmaes,10,4524.042717954496,marvin
Isensee,cmaes,1,4523.953408368882,marvin
Isensee,cmaes,9,4524.755562839769,marvin
Isensee,cmaes,6,4523.965269554392,marvin
Isensee,cmaes,8,4524.451643003912,marvin
Isensee,cmaes,2,4524.350154577264,marvin
Isensee,ipopt,1,4553.151251631696,marvin
Isensee,cg,3,4715.103895074013,marvin
Isensee,cmaes,4,4524.958988290418,marvin
Isensee,Nelder-Mead,10,4726.152588605387,marvin
Isensee,cg,1,4926.025018043884,marvin
Isensee,cmaes,5,4524.39809978269,marvin
Isensee,cg,9,4585.655184354838,marvin
Isensee,ipopt,2,4526.238076293288,marvin
Isensee,newton-cg,2,5040.844144096008,marvin
Isensee,cg,4,4801.516918318251,marvin
Isensee,ipopt,7,4525.32805577237,marvin
Isensee,newton-cg,3,4918.206954291344,marvin
Isensee,ipopt,4,4527.47182945886,marvin
Isensee,cg,8,4631.045778279218,marvin
Giordano,pyswarm,10,-2560.4873387768685,marvin
Isensee,ipopt,6,4541.63528679642,marvin
Isensee,ipopt,5,4531.872402189612,marvin
Giordano,tnc,9,-2850.9736503244544,marvin
Isensee,COBYLA,2,4944.349099049398,marvin
Isensee,cg,6,4633.259275324559,marvin
Isensee,ipopt,8,4528.698370647309,marvin
Giordano,tnc,7,-2870.617300950267,marvin
Isensee,COBYLA,6,4807.691590721372,marvin
Giordano,pyswarm,8,-2575.094949665037,marvin
Isensee,newton-cg,4,5174.465326921379,marvin
Isensee,newton-cg,5,5230.6064033604425,marvin
Isensee,COBYLA,7,4763.941863487343,marvin
Isensee,newton-cg,6,4983.122765986756,marvin
Isensee,COBYLA,1,4904.510470460775,marvin
Isensee,COBYLA,4,4769.059085147129,marvin
Isensee,cg,7,4537.63013735613,marvin
Giordano,tnc,10,-2877.670648539435,marvin
Isensee,cg,10,4732.671818796486,marvin
Giordano,tnc,1,-2857.669670334577,marvin
Giordano,pyswarm,3,-2546.034225932712,marvin
Isensee,newton-cg,1,5076.491684316245,marvin
Giordano,pyswarm,7,-2517.731580744236,marvin
Giordano,tnc,5,-2871.911674900337,marvin
Giordano,tnc,3,-2817.083163590476,marvin
Giordano,pyswarm,5,-2507.044859724715,marvin
Isensee,newton-cg,8,5054.613156607311,marvin
Isensee,newton-cg,10,4931.7289024067295,marvin
Isensee,ipopt,9,4558.958586886011,marvin
Isensee,ipopt,10,4533.2806170904105,marvin
Isensee,L-BFGS-B,10,4530.108111526514,marvin
Isensee,ipopt,3,4529.306230308653,marvin
Giordano,tnc,8,-2898.591536941232,marvin
Isensee,nlopt_12,2,4898.428319032466,marvin
Isensee,newton-cg,7,4919.738439685311,marvin
Giordano,pyswarm,4,-2607.3103178103456,marvin
Isensee,COBYLA,10,4844.3971772799505,marvin
Isensee,newton-cg,9,5074.991736963771,marvin
Isensee,nlopt_12,3,4561.028254947721,marvin
Giordano,pyswarm,1,-2528.0158229544586,marvin
Giordano,tnc,6,-2828.8206843112216,marvin
Isensee,nlopt_12,5,4690.625858674818,marvin
Isensee,COBYLA,8,4969.687050195664,marvin
Isensee,nlopt_12,9,4701.4527254182285,marvin
Isensee,nlopt_12,6,4615.481190914519,marvin
Giordano,pyswarm,6,-2578.4949805075557,marvin
Giordano,pyswarm,9,-2523.2241330459797,marvin
Isensee,nlopt_12,10,4669.972749921179,marvin
Isensee,COBYLA,3,4807.151799149282,marvin
Isensee,L-BFGS-B,7,4535.900819725822,marvin
Giordano,pyswarm,2,-2548.6330546786107,marvin
Isensee,nlopt_12,7,4703.709593884006,marvin
Isensee,L-BFGS-B,5,4528.048148904846,marvin
Isensee,L-BFGS-B,1,4535.713285965283,marvin
Isensee,nlopt_12,8,4913.352606169689,marvin
Isensee,nlopt_12,4,4605.977089148118,marvin
Isensee,L-BFGS-B,9,4535.351748318004,marvin
Isensee,nlopt_12,1,4666.012419373844,marvin
Isensee,COBYLA,9,4898.388177039757,marvin
Giordano,tnc,2,-2943.5653951793497,marvin
Isensee,COBYLA,5,4823.447820936312,marvin
Giordano,tnc,4,-2859.0873835969915,marvin
Isensee,nlopt_13,3,4524.773106777285,marvin
Isensee,L-BFGS-B,2,4550.716357161061,marvin
Isensee,nlopt_11,3,4524.929157002735,marvin
Isensee,L-BFGS-B,4,4535.690325929263,marvin
Isensee,nlopt_16,7,4536.684966204258,marvin
Isensee,nlopt_13,5,4527.472984535163,marvin
Isensee,L-BFGS-B,6,4528.662891522542,marvin
Isensee,L-BFGS-B,3,4525.315303742136,marvin
Isensee,nlopt_16,3,4537.309106924132,marvin
Isensee,nlopt_15,6,4540.051187067044,marvin
Isensee,nlopt_11,5,4525.298747378508,marvin
Isensee,nlopt_11,10,4528.635388906945,marvin
Isensee,nlopt_13,4,4527.783138604911,marvin
Isensee,nlopt_16,4,4526.12528543543,marvin
Isensee,nlopt_15,3,4534.988200614604,marvin
Isensee,fides,3,4524.305634215374,marvin
Isensee,nlopt_11,6,4524.85241762253,marvin
Isensee,nlopt_18,1,4536.730094786858,marvin
Isensee,nlopt_14,7,4525.257344775928,marvin
Isensee,nlopt_16,6,4542.307656889711,marvin
Isensee,nlopt_15,5,4552.878693290201,marvin
Isensee,nlopt_16,1,4533.05414351787,marvin
Isensee,nlopt_13,7,4527.21649677063,marvin
Isensee,nlopt_14,10,4534.310194800943,marvin
Isensee,nlopt_18,2,4535.49566586665,marvin
Isensee,nlopt_16,9,4527.027259409118,marvin
Isensee,nlopt_15,1,4577.424258297876,marvin
Isensee,nlopt_18,7,4539.913982952269,marvin
Isensee,nlopt_13,9,4526.5901588064635,marvin
Isensee,nlopt_11,2,4524.820463152134,marvin
Isensee,nlopt_18,3,4535.924604822168,marvin
Isensee,BFGS,7,4881.998696671938,marvin
Isensee,nlopt_11,9,4529.850703680836,marvin
Isensee,nlopt_14,2,4534.528179770119,marvin
Isensee,nlopt_16,5,4543.0264245703365,marvin
Isensee,nlopt_16,8,4539.492307427326,marvin
Isensee,nlopt_18,4,4529.073706722595,marvin
Isensee,nlopt_15,10,4547.285685164168,marvin
Isensee,nlopt_16,2,4531.583187824836,marvin
Isensee,fides,6,4524.506477262013,marvin
Isensee,nlopt_15,2,4542.373351501898,marvin
Isensee,nlopt_13,6,4525.810747950599,marvin
Isensee,fides,8,4524.507078025602,marvin
Isensee,nlopt_15,4,4530.03887786298,marvin
Isensee,BFGS,3,4914.61111803026,marvin
Isensee,L-BFGS-B,8,4533.976583630437,marvin
Isensee,nlopt_21,10,4526.228912298845,marvin
Isensee,nlopt_18,10,4527.649409220614,marvin
Isensee,nlopt_21,1,4526.0563596184875,marvin
Isensee,nlopt_21,3,4527.5610217661715,marvin
Isensee,nlopt_21,4,4525.413761322139,marvin
Isensee,nlopt_13,1,4534.082077593751,marvin
Isensee,nlopt_18,9,4532.2730922771225,marvin
Isensee,fides,9,4524.078673466189,marvin
Isensee,nlopt_11,1,4528.207882209354,marvin
Isensee,nlopt_18,8,4524.279211883943,marvin
Isensee,nlopt_18,6,4535.537171239886,marvin
Isensee,nlopt_21,6,4528.135194464508,marvin
Isensee,BFGS,1,4913.9312387196105,marvin
Isensee,fides,7,4524.380987366945,marvin
Isensee,BFGS,10,4882.816393186678,marvin
Isensee,nlopt_28,4,4584.929532665007,marvin
Isensee,nlopt_29,1,4532.599896022592,marvin
Isensee,fides,4,4524.013369246132,marvin
Isensee,nlopt_15,7,4535.213913574433,marvin
Isensee,nlopt_26,10,5917.994610426636,marvin
Isensee,nlopt_26,6,5009.173102082829,marvin
Isensee,nlopt_26,8,5921.481941196185,marvin
Isensee,nlopt_16,10,4553.2587709661275,marvin
Isensee,nlopt_28,2,4738.959569936245,marvin
Isensee,BFGS,8,4745.150942887148,marvin
Isensee,nlopt_28,3,4748.551070351609,marvin
Isensee,nlopt_21,7,4526.37016024968,marvin
Isensee,nlopt_26,5,4599.143035762035,marvin
Isensee,nlopt_11,8,4524.5560559841815,marvin
Isensee,nlopt_28,7,4731.128744804141,marvin
Isensee,nlopt_18,5,4534.983101535869,marvin
Isensee,nlopt_21,5,4530.649744254881,marvin
Isensee,nlopt_21,8,4536.519038192952,marvin
Isensee,nlopt_14,9,4525.196436570988,marvin
Isensee,fides,1,4524.174830110783,marvin
Isensee,nlopt_14,3,4529.32715508617,marvin
Isensee,nlopt_21,9,4525.09572178998,marvin
Isensee,nlopt_26,9,4936.3024496040325,marvin
Isensee,nlopt_14,4,4527.635909885964,marvin
Isensee,nlopt_29,2,4533.687685802016,marvin
Isensee,nlopt_29,3,4537.931682427649,marvin
Isensee,nlopt_26,3,4915.683434832023,marvin
Isensee,nlopt_26,7,4928.531213220289,marvin
Isensee,nlopt_15,9,4536.205233531484,marvin
Isensee,nlopt_14,6,4533.9712293256825,marvin
Isensee,nlopt_28,10,4621.69734725408,marvin
Isensee,nlopt_28,6,4569.394065282868,marvin
Isensee,nlopt_29,6,4540.725982567139,marvin
Isensee,BFGS,4,4914.31724593106,marvin
Isensee,nlopt_28,9,4675.525631247204,marvin
Isensee,nlopt_15,8,4582.721824395424,marvin
Isensee,BFGS,2,4914.274359790413,marvin
Isensee,nlopt_34,7,4641.5741806064525,marvin
Isensee,nlopt_14,8,4532.309203936382,marvin
Isensee,nlopt_23,9,4536.560666153438,marvin
Isensee,nlopt_34,1,4534.099782972824,marvin
Isensee,nlopt_23,4,4534.031227525427,marvin
Isensee,fides,5,4525.049631266067,marvin
Isensee,nlopt_29,4,4528.017201728917,marvin
Isensee,nlopt_11,7,4526.018477597242,marvin
Isensee,nlopt_26,2,7136.962375048113,marvin
Isensee,nlopt_21,2,4527.972719708876,marvin
Isensee,nlopt_28,1,4559.768124570628,marvin
Isensee,nlopt_26,1,4930.586982716403,marvin
Isensee,nlopt_28,8,4617.507874103608,marvin
Isensee,nlopt_28,5,4681.707858080872,marvin
Isensee,nlopt_13,8,4526.907419061548,marvin
Isensee,nlopt_23,6,4528.309553299579,marvin
Isensee,nlopt_26,4,4918.968683327803,marvin
Isensee,nlopt_34,3,4652.218504949473,marvin
Isensee,nlopt_13,2,4526.249955449579,marvin
Isensee,nlopt_14,1,4534.539850875135,marvin
Isensee,nlopt_29,9,4530.2598225939655,marvin
Isensee,nlopt_23,1,4537.371856510181,marvin
Isensee,nlopt_13,10,4527.22519016464,marvin
Isensee,pysacess,1,4542.5327679290285,marvin
Isensee,nlopt_34,9,4609.244781461805,marvin
Isensee,nlopt_29,10,4530.539371592393,marvin
Isensee,nlopt_34,6,4600.039234910347,marvin
Isensee,nlopt_29,5,4528.751477821067,marvin
Isensee,nlopt_34,8,4541.794477550106,marvin
Isensee,pysacess_cmaes,3,4532.787247652388,marvin
Isensee,nlopt_29,8,4530.857070868098,marvin
Isensee,pysacess_cmaes,2,4542.146476646796,marvin
Isensee,nlopt_34,2,4556.383781645921,marvin
Isensee,BFGS,6,4786.2767721568325,marvin
Isensee,nlopt_14,5,4527.785457641383,marvin
Isensee,pysacess,5,4540.110528386558,marvin
Isensee,nlopt_23,7,4539.541014044114,marvin
Isensee,pysacess,10,4535.534146189809,marvin
Isensee,nlopt_34,10,4550.374149363014,marvin
Isensee,pysacess,7,4550.67985314026,marvin
Isensee,nlopt_23,8,4526.743650443262,marvin
Isensee,BFGS,9,4884.762656114933,marvin
Isensee,pysacess_fides,5,4524.067813955446,marvin
Isensee,pysacess,2,4528.609677306175,marvin
Isensee,pysacess_cmaes,4,4528.741506813258,marvin
Isensee,pysacess_cmaes,1,4526.73498843328,marvin
Isensee,nlopt_23,10,4524.512830089679,marvin
Isensee,pysacess_fides,1,4523.960046560773,marvin
Isensee,pysacess,9,4539.281093420446,marvin
Isensee,nlopt_23,3,4534.0731695436825,marvin
Isensee,pysacess_cmaes,6,4531.131022434038,marvin
Isensee,nlopt_23,2,4534.061331741758,marvin
Isensee,pysacess_fides,7,4524.003005704671,marvin
Isensee,pysacess_cmaes,7,4531.349767072838,marvin
Isensee,nlopt_29,7,4526.2240972782865,marvin
Isensee,nlopt_23,5,4539.589390850437,marvin
Isensee,fides,10,4524.372798259235,marvin
Isensee,pysacess_cmaes,8,4545.61236978384,marvin
Isensee,pysacess,8,4536.917695692904,marvin
Isensee,pysacess_fides,3,4524.001304421553,marvin
Isensee,pysacess_fides,10,4523.925691652767,marvin
Isensee,pysacess_fides,6,4524.9168325022265,marvin
Isensee,pysacess_cmaes,9,4550.184488059492,marvin
Isensee,pysacess_ipopt,6,4526.1389417490245,marvin
Isensee,pysacess_fides,8,4524.000238803551,marvin
Isensee,pysacess_cmaes,5,4528.745259197238,marvin
Isensee,nlopt_34,5,4576.351119573475,marvin
Isensee,pysacess_fides,9,4523.97975887496,marvin
Isensee,nlopt_34,4,4535.584933867488,marvin
Isensee,pysacess_cmaes,10,4538.979622432309,marvin
Isensee,pysacess,6,4534.018137798403,marvin
Isensee,pysacess,3,4542.710320021684,marvin
Isensee,pysacess_ipopt,9,4538.4760344422575,marvin
Isensee,pysacess_ipopt,3,4533.954752491793,marvin
Isensee,sacess,1,4533.995253287126,marvin
Isensee,pysacess_ipopt,1,4527.4126391807695,marvin
Isensee,nlopt_39,4,4536.290550957663,marvin
Isensee,pysacess_ipopt,7,4547.088571055836,marvin
Isensee,pysacess_fides,4,4524.007451394139,marvin
Isensee,SLSQP,8,4524.7529720381945,marvin
Isensee,sacess,2,4525.310404603548,marvin
Isensee,pysacess_ipopt,2,4525.764660921108,marvin
Isensee,BFGS,5,4835.257791979736,marvin
Isensee,pysacess,4,4537.313095697332,marvin
Isensee,pyswarm,2,5142.298170484753,marvin
Isensee,sacess_dhc,3,4525.299126506872,marvin
Isensee,sacess_dhc,4,4529.441829202404,marvin
Isensee,pysacess_ipopt,4,4526.677864839582,marvin
Isensee,sacess_dhc,8,4531.340328576051,marvin
Isensee,sacess_dhc,5,4527.541352507608,marvin
Isensee,sacess,3,4525.658134408321,marvin
Isensee,nlopt_39,5,4525.644521718145,marvin
Isensee,sacess,4,4528.575900792361,marvin
Isensee,pyswarm,7,5088.713729560795,marvin
Isensee,sacess,7,4533.546052678367,marvin
Isensee,sacess,9,4525.45431108913,marvin
Isensee,pyswarm,3,5087.400821692067,marvin
Isensee,pysacess_fides,2,4524.498012230173,marvin
Isensee,nlopt_37,5,4524.763864018814,marvin
Isensee,pyswarm,6,5005.522571354602,marvin
Isensee,sacess_dhc,2,4535.253454307608,marvin
Isensee,nlopt_37,9,4526.93224771456,marvin
Isensee,fides,2,4523.898363460627,marvin
Isensee,sacess_dhc,6,4525.306233874997,marvin
Isensee,sacess_ipopt,5,4525.109546983811,marvin
Isensee,nlopt_39,8,4532.6427722545495,marvin
Isensee,SLSQP,1,4525.025445550344,marvin
Isensee,pyswarm,9,5103.221715197059,marvin
Isensee,pyswarm,5,5007.759999222986,marvin
Isensee,nlopt_11,4,4524.347722976178,marvin
Isensee,pyswarm,4,5021.796357328305,marvin
Isensee,sacess_dhc,7,4527.238273473593,marvin
Isensee,nlopt_39,6,4534.340650908371,marvin
Isensee,pyswarm,1,4926.899568554862,marvin
Isensee,sacess,8,4573.8927932868855,marvin
Isensee,pysacess_ipopt,10,4534.342192924038,marvin
Isensee,pysacess_ipopt,8,4534.328070119645,marvin
Isensee,dogleg,7,7188.788981382809,marvin
Isensee,sacess,10,4524.612231573442,marvin
Isensee,nlopt_36,5,4528.187738330231,marvin
Isensee,nlopt_39,1,4528.0542834643165,marvin
Isensee,sacess,5,4524.455313600096,marvin
Isensee,nlopt_39,3,4533.216247897978,marvin
Isensee,sacess_dhc,9,4526.985948673466,marvin
Isensee,nlopt_39,2,4537.070487321562,marvin
Isensee,trust-ncg,1,4920.221652544169,marvin
Isensee,trust-ncg,5,4935.534791966562,marvin
Isensee,pyswarm,10,5002.700371220447,marvin
Isensee,SLSQP,7,4525.522562179847,marvin
Isensee,sacess_ipopt,7,4524.089410747718,marvin
Isensee,pyswarm,8,5107.392525099855,marvin
Isensee,SLSQP,10,4524.5217306068635,marvin
Isensee,sacess_ipopt,6,4524.140762216575,marvin
Isensee,sacess_ipopt,3,4527.273557243298,marvin
Isensee,trust-krylov,4,4599.834191637729,marvin
Isensee,trust-ncg,3,4936.422740764507,marvin
Isensee,pysacess_ipopt,5,4534.60308232569,marvin
Isensee,sacess_ipopt,1,4524.2830360658445,marvin
Isensee,sacess_ipopt,8,4524.971508384391,marvin
Isensee,nlopt_39,9,4533.197414237598,marvin
Isensee,nlopt_39,10,4535.072404223181,marvin
Isensee,trust-krylov,10,4580.361888320482,marvin
Isensee,sacess_ipopt,10,4525.367539197866,marvin
Isensee,sacess_ipopt,9,4525.3901077656255,marvin
Isensee,nlopt_37,6,4532.229455662885,marvin
Isensee,trust-ncg,4,4936.73465689949,marvin
Isensee,trust-krylov,9,4585.8243756636675,marvin
Isensee,trust-ncg,10,4997.114224637893,marvin
Isensee,trust-ncg,6,4545.545468589565,marvin
Isensee,trust-krylov,8,4596.004353219399,marvin
Isensee,sacess_dhc,1,4530.126131042716,marvin
Isensee,trust-ncg,2,5154.224692532015,marvin
Isensee,sacess_ipopt,4,4533.46947286162,marvin
Isensee,trust-ncg,8,5006.964885513213,marvin
Isensee,nlopt_39,7,4536.184014297965,marvin
Isensee,sacess,6,4528.239264449016,marvin
Isensee,sacess_ipopt,2,4534.023935099215,marvin
Isensee,nlopt_37,4,4524.317625853925,marvin
Isensee,trust-krylov,2,4540.563954703247,marvin
Isensee,sacess_dhc,10,4526.185253133711,marvin
Isensee,nlopt_36,6,4524.4438331884485,marvin
Isensee,SLSQP,5,4525.051974111439,marvin
Isensee,nlopt_37,10,4525.285144816857,marvin
Isensee,trust-krylov,6,4539.410821106202,marvin
Isensee,trust-ncg,7,4849.257685050856,marvin
Isensee,nlopt_36,9,4524.823922444933,marvin
Isensee,dogleg,3,6797.5112387284,marvin
Isensee,nlopt_36,8,4525.031381368655,marvin
Isensee,trust-ncg,9,4564.591681271311,marvin
Isensee,trust-krylov,1,4576.479164476936,marvin
Isensee,trust-krylov,7,4677.1233570954255,marvin
Isensee,trust-krylov,3,4551.502784906442,marvin
Isensee,nlopt_36,7,4531.253401106348,marvin
Isensee,SLSQP,2,4525.233213170216,marvin
Isensee,nlopt_37,2,4526.180304541514,marvin
Isensee,trust-krylov,5,4554.078686731684,marvin
Isensee,dogleg,9,7248.6098603630935,marvin
Isensee,nlopt_37,7,4524.815038789555,marvin
Isensee,dogleg,10,7154.495312971656,marvin
Isensee,nlopt_36,4,4526.1159752160165,marvin
Isensee,nlopt_36,1,4525.851357023398,marvin
Isensee,SLSQP,9,4525.620652890252,marvin
Isensee,nlopt_37,1,4524.958745429176,marvin
Isensee,nlopt_37,8,4524.606126981075,marvin
Laske,cmaes,5,276.0540614067357,marvin
Isensee,nlopt_36,3,4525.596044194182,marvin
Isensee,nlopt_36,2,4525.268345739469,marvin
Laske,cmaes,6,276.0540614662124,marvin
Isensee,dogleg,6,7499.308740706936,marvin
Isensee,SLSQP,3,4525.0487772767965,marvin
Laske,cmaes,7,276.0540614431233,marvin
Laske,cmaes,1,276.05406144860444,marvin
Laske,cmaes,3,276.05406146923207,marvin
Laske,cmaes,9,276.05406147968,marvin
Laske,cmaes,4,276.0540614320591,marvin
Isensee,nlopt_37,3,4526.7827636490865,marvin
Laske,cmaes,2,276.05406139270747,marvin
Isensee,dogleg,4,7114.712537558885,marvin
Isensee,nlopt_36,10,4524.291401117272,marvin
Isensee,tnc,3,4656.272972048368,marvin
Laske,cmaes,10,276.0540614310171,marvin
Isensee,tnc,10,4593.528931884917,marvin
Isensee,SLSQP,4,4525.448836546564,marvin
Laske,cg,2,276.0540654641862,marvin
Isensee,tnc,2,4633.450638290829,marvin
Isensee,SLSQP,6,4526.395224340989,marvin
Laske,Nelder-Mead,9,300.95414365716476,marvin
Laske,cmaes,8,276.05406146874793,marvin
Isensee,tnc,5,4581.623533870168,marvin
Isensee,dogleg,2,7393.669230105714,marvin
Isensee,tnc,7,4692.266726761702,marvin
Laske,cg,9,276.0540695198667,marvin
Isensee,tnc,9,4620.738646887477,marvin
Laske,Nelder-Mead,4,306.02266929657486,marvin
Laske,Nelder-Mead,6,322.4184975222002,marvin
Laske,cg,7,299.069554764266,marvin
Laske,Nelder-Mead,8,322.2444798900364,marvin
Isensee,tnc,6,4629.486393603548,marvin
Laske,cg,5,276.054071034869,marvin
Laske,dogleg,2,276.0540617891991,marvin
Laske,cg,4,282.43637518789023,marvin
Laske,Nelder-Mead,5,324.39405753304254,marvin
Isensee,dogleg,1,7059.89978200773,marvin
Laske,dogleg,4,276.0540618424836,marvin
Laske,cg,10,299.37501144741015,marvin
Laske,cg,1,296.9738825131967,marvin
Laske,Nelder-Mead,10,313.36006410464665,marvin
Laske,Nelder-Mead,1,323.40880700639383,marvin
Isensee,tnc,8,4612.263269857945,marvin
Laske,dogleg,10,276.05406176288244,marvin
Laske,dogleg,9,276.0540615889331,marvin
Laske,dogleg,1,276.05406175147965,marvin
Laske,dogleg,6,276.05406178619035,marvin
Laske,cg,6,288.9774011304908,marvin
Laske,Nelder-Mead,7,331.7545460560398,marvin
Isensee,tnc,4,4566.523929688257,marvin
Isensee,dogleg,5,7248.642245590912,marvin
Laske,BFGS,6,276.0540616164797,marvin
Laske,COBYLA,10,308.5672360981799,marvin
Laske,dogleg,7,276.05406170893315,marvin
Laske,Nelder-Mead,3,329.08934668301924,marvin
Laske,cg,8,276.05407233965855,marvin
Isensee,tnc,1,4718.769540300974,marvin
Laske,dogleg,3,276.05406183625433,marvin
Laske,dogleg,5,276.0540618239978,marvin
Laske,cg,3,276.05406696472716,marvin
Laske,L-BFGS-B,1,276.0540817630272,marvin
Laske,Nelder-Mead,2,295.3652213889709,marvin
Isensee,dogleg,8,7335.241004321316,marvin
Laske,fides,2,276.0540617237395,marvin
Laske,COBYLA,4,309.77534851192803,marvin
Laske,dogleg,8,290.18383087896405,marvin
Laske,L-BFGS-B,2,296.75986961221366,marvin
Laske,fides,1,276.0540617598879,marvin
Laske,BFGS,1,276.0540617041383,marvin
Laske,fides,7,276.0540616778099,marvin
Laske,COBYLA,5,290.09622230809407,marvin
Laske,ipopt,5,276.0548054048253,marvin
Laske,L-BFGS-B,9,276.4169161258763,marvin
Laske,COBYLA,1,297.0022695388216,marvin
Laske,COBYLA,3,312.7556802119447,marvin
Laske,nlopt_12,10,276.0540618779133,marvin
Laske,ipopt,6,276.0540618755435,marvin
Laske,COBYLA,7,304.2415519202587,marvin
Laske,BFGS,7,276.0540616525483,marvin
Laske,ipopt,2,276.0540620390876,marvin
Laske,nlopt_11,5,276.0540616781839,marvin
Laske,ipopt,1,276.05406349596103,marvin
Laske,nlopt_12,4,276.0540620098843,marvin
Laske,COBYLA,8,302.7577449111781,marvin
Laske,ipopt,10,276.0542001233307,marvin
Laske,COBYLA,6,287.88123444583323,marvin
Laske,fides,8,276.0540616622452,marvin
Laske,nlopt_11,4,276.0540615879276,marvin
Laske,newton-cg,5,276.05406171670563,marvin
Laske,L-BFGS-B,6,288.752604524344,marvin
Laske,L-BFGS-B,3,276.0549028884231,marvin
Laske,fides,4,276.054061717676,marvin
Laske,BFGS,2,276.05406166262304,marvin
Laske,nlopt_12,6,276.0540621040507,marvin
Laske,L-BFGS-B,10,285.73323139511433,marvin
Laske,BFGS,3,276.0540616322135,marvin
Laske,fides,3,276.05406171799297,marvin
Laske,newton-cg,4,276.0540616444513,marvin
Laske,BFGS,10,276.05406167547983,marvin
Laske,nlopt_11,2,276.0540614797887,marvin
Laske,nlopt_12,7,276.05406180988234,marvin
Laske,newton-cg,3,276.05406170159813,marvin
Laske,nlopt_13,5,276.05406162705805,marvin
Laske,nlopt_12,9,276.05406206889813,marvin
Laske,nlopt_11,3,276.05406166042525,marvin
Laske,ipopt,7,284.47534951234894,marvin
Laske,nlopt_12,5,276.0540619266629,marvin
Laske,newton-cg,10,276.0540617492568,marvin
Laske,nlopt_13,6,276.05406165190374,marvin
Laske,nlopt_16,3,276.0540617211648,marvin
Laske,nlopt_13,2,276.05406166557697,marvin
Laske,nlopt_12,1,276.0540617805315,marvin
Laske,nlopt_16,2,276.05406171551687,marvin
Laske,BFGS,5,276.0540616293015,marvin
Laske,nlopt_18,2,276.0540616467641,marvin
Laske,nlopt_14,1,276.05406169638235,marvin
Laske,nlopt_16,1,276.0540616076315,marvin
Laske,fides,6,276.05406172288866,marvin
Laske,nlopt_16,4,276.0540616188246,marvin
Laske,nlopt_18,9,276.05406160504316,marvin
Laske,ipopt,8,276.054063082682,marvin
Laske,newton-cg,9,276.05406174739556,marvin
Laske,nlopt_18,5,276.0540617795608,marvin
Laske,fides,5,276.0540615789233,marvin
Laske,L-BFGS-B,4,289.2361601552095,marvin
Laske,nlopt_12,3,276.05406201066097,marvin
Laske,nlopt_16,7,290.183830772999,marvin
Laske,newton-cg,2,276.0540617656476,marvin
Laske,nlopt_11,9,276.05406165675606,marvin
Laske,nlopt_16,5,281.0268216064712,marvin
Laske,newton-cg,6,276.05406174009136,marvin
Laske,COBYLA,9,305.2682009390578,marvin
Laske,COBYLA,2,295.35575809315026,marvin
Laske,BFGS,9,276.05406155603697,marvin
Laske,nlopt_11,10,276.05406164230374,marvin
Laske,nlopt_12,2,276.0540618411013,marvin
Laske,L-BFGS-B,7,308.1069472161397,marvin
Laske,nlopt_18,4,276.05406165949955,marvin
Laske,nlopt_18,3,276.054061732807,marvin
Laske,newton-cg,7,276.05406162453835,marvin
Laske,nlopt_15,1,286.27462434764476,marvin
Laske,nlopt_16,10,276.054061572658,marvin
Laske,nlopt_15,2,283.48612145754043,marvin
Laske,nlopt_11,7,276.05406154001497,marvin
Laske,fides,9,276.05406175659937,marvin
Laske,nlopt_16,9,276.05406168381256,marvin
Laske,nlopt_15,3,299.37387573901543,marvin
Laske,nlopt_18,1,276.0540617311134,marvin
Laske,newton-cg,1,276.0540617256515,marvin
Laske,L-BFGS-B,5,299.37507607315507,marvin
Laske,nlopt_13,4,276.0540616918134,marvin
Laske,nlopt_16,8,276.0540616981316,marvin
Laske,BFGS,4,276.0540617000212,marvin
Laske,nlopt_13,10,276.05406164007326,marvin
Laske,nlopt_15,7,276.3129551948902,marvin
Laske,ipopt,4,276.9609789511471,marvin
Laske,nlopt_11,8,276.0540616612923,marvin
Laske,nlopt_11,1,276.0540616457731,marvin
Laske,nlopt_11,6,276.0540616700618,marvin
Laske,L-BFGS-B,8,291.9869559262318,marvin
Laske,nlopt_18,6,276.05406167984586,marvin
Laske,fides,10,276.0540617319046,marvin
Laske,ipopt,3,276.1426482921031,marvin
Laske,nlopt_18,8,276.0540616920163,marvin
Laske,BFGS,8,276.05406166762407,marvin
Laske,nlopt_18,10,276.05406162442654,marvin
Laske,ipopt,9,276.054067106536,marvin
Laske,nlopt_21,3,276.0540620877284,marvin
Laske,nlopt_29,4,276.05409904383583,marvin
Laske,nlopt_15,4,290.1838307796306,marvin
Laske,newton-cg,8,276.0540617188685,marvin
Laske,nlopt_13,8,276.0540616789521,marvin
Laske,nlopt_14,9,276.05406165620843,marvin
Laske,nlopt_14,4,276.0540616956505,marvin
Laske,nlopt_13,1,276.0540616727201,marvin
Laske,nlopt_21,1,276.0540621994754,marvin
Laske,nlopt_14,3,276.05406165146195,marvin
Laske,nlopt_18,7,283.2326389230199,marvin
Laske,nlopt_13,7,276.05406160630247,marvin
Laske,nlopt_16,6,281.1053415279793,marvin
Laske,nlopt_29,1,276.0541481303315,marvin
Laske,nlopt_21,7,276.0540628512465,marvin
Laske,nlopt_15,10,309.7259318985026,marvin
Laske,nlopt_15,5,309.7105991729278,marvin
Laske,nlopt_15,6,276.0540620207252,marvin
Laske,nlopt_34,10,276.05414120613773,marvin
Laske,nlopt_28,7,282.1331668511054,marvin
Laske,nlopt_23,3,276.0540627578504,marvin
Laske,nlopt_34,2,276.05419718318973,marvin
Laske,nlopt_29,9,276.0541727934498,marvin
Laske,nlopt_12,8,276.05406187210855,marvin
Laske,nlopt_14,5,276.0540617136617,marvin
Laske,nlopt_29,5,276.05410285655415,marvin
Laske,nlopt_23,8,276.05406240114735,marvin
Laske,nlopt_23,6,276.05406266866584,marvin
Laske,nlopt_23,2,276.05406289045754,marvin
Laske,nlopt_29,6,276.0541287174311,marvin
Laske,nlopt_14,10,276.05406158743034,marvin
Laske,nlopt_21,5,276.05406271387005,marvin
Laske,nlopt_21,9,276.05406205993205,marvin
Laske,nlopt_21,4,276.0540621266984,marvin
Laske,nlopt_29,10,276.054130669262,marvin
Laske,nlopt_23,5,276.0540620719961,marvin
Laske,nlopt_14,6,276.05406160298577,marvin
Laske,nlopt_28,10,288.5190000697085,marvin
Laske,nlopt_21,2,276.05406188731496,marvin
Laske,nlopt_26,3,276.0540629259962,marvin
Laske,nlopt_14,7,276.05406165148094,marvin
Laske,nlopt_34,6,276.0542808181884,marvin
Laske,nlopt_21,6,276.05406215884994,marvin
Laske,nlopt_15,8,307.24805781985896,marvin
Laske,nlopt_21,8,276.0540621345203,marvin
Laske,nlopt_13,9,276.0540616318232,marvin
Laske,nlopt_15,9,311.5988414852295,marvin
Laske,nlopt_26,4,276.05406363658665,marvin
Laske,nlopt_26,7,276.054063371727,marvin
Laske,nlopt_34,7,276.05436142429346,marvin
Laske,nlopt_34,8,276.05407152580784,marvin
Laske,pysacess,1,276.05506029922344,marvin
Laske,pysacess,6,276.0553484706786,marvin
Laske,nlopt_34,3,276.0540970913006,marvin
Laske,nlopt_29,8,276.0540884606717,marvin
Laske,nlopt_14,2,276.05406161718673,marvin
Laske,nlopt_28,3,303.1232896770972,marvin
Laske,pysacess,9,276.0559831932783,marvin
Laske,nlopt_29,2,276.05411447994203,marvin
Laske,nlopt_29,3,276.05406457113975,marvin
Laske,nlopt_23,9,276.0540633075904,marvin
Laske,nlopt_26,8,276.0540629007089,marvin
Laske,pysacess_cmaes,1,276.0540613903488,marvin
Laske,nlopt_28,2,290.66303861012926,marvin
Laske,nlopt_28,6,293.3774282418672,marvin
Laske,nlopt_23,1,276.05406225782235,marvin
Laske,nlopt_34,9,276.05410116516174,marvin
Laske,nlopt_29,7,276.05411731473293,marvin
Laske,pysacess_fides,6,276.0540618020698,marvin
Laske,pysacess,10,276.0572853728319,marvin
Laske,pysacess_cmaes,4,276.0540614374482,marvin
Laske,pysacess,5,276.05598393013844,marvin
Laske,nlopt_28,5,302.063691526544,marvin
Laske,nlopt_34,4,276.0540698358402,marvin
Laske,nlopt_26,5,276.0540626117789,marvin
Laske,pysacess_cmaes,6,276.05406146617787,marvin
Laske,nlopt_39,6,276.0540628517084,marvin
Laske,pysacess,4,276.05790796967176,marvin
Laske,nlopt_26,2,276.0540632749524,marvin
Laske,nlopt_23,10,276.0540619695455,marvin
Laske,pysacess,7,276.0552739849694,marvin
Laske,pysacess_fides,3,276.0540617580164,marvin
Laske,pysacess_cmaes,7,276.05406151470027,marvin
Laske,pysacess_cmaes,5,276.0540614609792,marvin
Laske,nlopt_23,7,276.0540625906209,marvin
Laske,pysacess_fides,7,276.05406172689663,marvin
Laske,pysacess,3,276.0554908856803,marvin
Laske,nlopt_21,10,276.05406225620186,marvin
Laske,pysacess_cmaes,10,276.05406150513573,marvin
Laske,nlopt_28,1,291.3180434774426,marvin
Laske,nlopt_26,6,276.05406266339526,marvin
Laske,nlopt_23,4,276.0540630786254,marvin
Laske,pysacess,8,276.0553069697745,marvin
Laske,nlopt_34,5,276.05407272110546,marvin
Laske,nlopt_13,3,276.05406155890955,marvin
Laske,pysacess,2,276.0559731062865,marvin
Laske,pysacess_ipopt,2,276.054061629225,marvin
Laske,pysacess_fides,9,276.05406176615037,marvin
Laske,nlopt_26,9,276.05406309441753,marvin
Laske,nlopt_26,1,276.05406187018326,marvin
Laske,nlopt_39,7,276.05406184873146,marvin
Laske,pysacess_ipopt,7,276.05406163718465,marvin
Laske,pysacess_ipopt,4,276.05406157476483,marvin
Laske,pysacess_cmaes,8,276.054061474168,marvin
Laske,pysacess_ipopt,6,276.05406160640194,marvin
Laske,pysacess_fides,2,276.0540618121282,marvin
Laske,pysacess_fides,8,276.0540617234346,marvin
Laske,pysacess_ipopt,9,276.0540616288748,marvin
Laske,pysacess_cmaes,2,276.0540614937494,marvin
Laske,pysacess_ipopt,8,276.05406174303005,marvin
Laske,nlopt_14,8,276.0540615369494,marvin
Laske,pysacess_fides,4,276.05406176581477,marvin
Laske,pysacess_cmaes,9,276.0540614124915,marvin
Laske,pysacess_ipopt,5,276.0540615361213,marvin
Laske,pysacess_cmaes,3,276.05406127180015,marvin
Laske,sacess_dhc,2,276.054065609586,marvin
Laske,nlopt_37,5,276.0540616468843,marvin
Laske,pysacess_ipopt,10,276.05406162682294,marvin
Laske,nlopt_28,9,294.0445189108308,marvin
Laske,nlopt_39,2,276.05406262660154,marvin
Laske,nlopt_37,6,276.05406144356584,marvin
Laske,sacess_dhc,1,276.05406370318804,marvin
Laske,pysacess_ipopt,3,276.0540616669768,marvin
Laske,sacess,10,276.0547632264437,marvin
Laske,nlopt_39,3,276.054062135191,marvin
Laske,nlopt_28,4,303.61124468210204,marvin
Laske,pysacess_fides,10,276.0540617981247,marvin
Laske,sacess,2,276.0548512318432,marvin
Laske,nlopt_39,8,276.05406300301246,marvin
Laske,sacess,9,276.0544730642724,marvin
Laske,pysacess_fides,5,276.05406182595345,marvin
Laske,sacess,7,276.054319677648,marvin
Laske,sacess,5,276.05449472721006,marvin
Laske,sacess,3,276.05469254040105,marvin
Laske,nlopt_39,1,276.05406206806373,marvin
Laske,sacess_ipopt,4,276.05406178342577,marvin
Laske,sacess,4,276.05453337815845,marvin
Laske,sacess_dhc,8,276.05406365403087,marvin
Laske,sacess_ipopt,6,276.05406159057577,marvin
Laske,nlopt_39,10,276.0540626062743,marvin
Laske,nlopt_34,1,276.05407746117737,marvin
Laske,nlopt_39,9,276.0540630349445,marvin
Laske,trust-krylov,4,276.0540617725592,marvin
Laske,nlopt_37,4,276.05406159123214,marvin
Laske,pysacess_ipopt,1,276.05406157413705,marvin
Laske,nlopt_39,4,276.0540621845909,marvin
Laske,sacess_dhc,7,276.0540724870666,marvin
Laske,pysacess_fides,1,276.05406173276174,marvin
Laske,nlopt_36,6,276.0540616427418,marvin
Laske,nlopt_36,7,276.05406163856554,marvin
Laske,sacess_ipopt,9,276.054061832329,marvin
Laske,nlopt_26,10,276.05406270683676,marvin
Laske,nlopt_36,2,276.05406157135303,marvin
Laske,sacess_dhc,4,276.05406288808655,marvin
Laske,trust-ncg,1,301.78096066396,marvin
Laske,sacess,6,276.0545835493341,marvin
Laske,sacess_ipopt,5,276.0540617721185,marvin
Laske,sacess_ipopt,1,276.05406179597435,marvin
Laske,sacess_dhc,5,276.0540806279632,marvin
Laske,trust-krylov,3,276.14702305010786,marvin
Laske,sacess_ipopt,8,276.05406180185525,marvin
Laske,trust-ncg,2,290.12267575118074,marvin
Laske,sacess_dhc,3,276.05406335887494,marvin
Laske,nlopt_37,9,276.0540615970391,marvin
Laske,pyswarm,10,336.30559447365835,marvin
Laske,pyswarm,4,325.9923570297434,marvin
Laske,trust-ncg,3,309.72593136754267,marvin
Laske,nlopt_36,5,276.0540616180933,marvin
Laske,trust-krylov,6,276.0540617856218,marvin
Laske,sacess,1,276.054830241568,marvin
Laske,sacess_dhc,6,276.05406220369446,marvin
Laske,nlopt_39,5,276.05406260816346,marvin
Laske,pyswarm,2,330.6736900387391,marvin
Laske,trust-ncg,5,309.72593147005267,marvin
Laske,sacess_ipopt,3,276.05406180054,marvin
Laske,sacess_ipopt,2,276.05406185684313,marvin
Laske,sacess_dhc,9,276.0540642479198,marvin
Laske,nlopt_36,8,276.0540615238262,marvin
Laske,nlopt_37,7,276.05406160136346,marvin
Laske,trust-krylov,2,290.18383082835044,marvin
Laske,sacess_ipopt,10,276.0540618392493,marvin
Laske,nlopt_37,10,276.0540613849407,marvin
Laske,sacess_dhc,10,276.05406256452284,marvin
Laske,nlopt_28,8,291.8207114979053,marvin
Laske,trust-ncg,10,276.05407610746994,marvin
Laske,sacess_ipopt,7,276.0540616543323,marvin
Laske,nlopt_36,10,276.05406166033174,marvin
Laske,trust-ncg,9,309.72589840715426,marvin
Laske,trust-ncg,7,290.97477909364386,marvin
Laske,trust-ncg,4,298.9686508929252,marvin
Laske,pyswarm,8,330.31325211524785,marvin
Laske,sacess,8,276.05455478573725,marvin
Laske,nlopt_36,3,276.0540617019715,marvin
Laske,pyswarm,7,333.7729714130212,marvin
Laske,pyswarm,5,337.12790299023936,marvin
Laske,pyswarm,9,330.8418619681101,marvin
Laske,trust-krylov,10,290.1838308221596,marvin
Laske,trust-krylov,9,284.6116773880729,marvin
Laske,trust-krylov,5,276.0548354058974,marvin
Laske,nlopt_36,9,276.05406167160123,marvin
Laske,nlopt_37,3,276.05406162809186,marvin
Laske,trust-ncg,8,309.72593027221774,marvin
Laske,pyswarm,6,336.9116356726411,marvin
Laske,nlopt_37,8,276.0540616332851,marvin
Laske,nlopt_36,4,276.05406162192105,marvin
Laske,trust-krylov,7,276.0540618098377,marvin
Laske,pyswarm,3,332.9120739401433,marvin
Lucarelli,cmaes,5,1683.992522983077,marvin
Laske,pyswarm,1,330.79011883934726,marvin
Laske,trust-krylov,8,276.0540618521331,marvin
Lucarelli,cmaes,1,1683.104670675415,marvin
Laske,SLSQP,3,276.05406180904095,marvin
Lucarelli,Nelder-Mead,2,3431.336377866807,marvin
Lucarelli,cmaes,6,1682.0877406102693,marvin
Laske,nlopt_36,1,276.05406167359854,marvin
Laske,SLSQP,1,276.0540618947941,marvin
Laske,trust-ncg,6,296.22649394199357,marvin
Laske,nlopt_37,2,276.0540616288026,marvin
Lucarelli,cmaes,4,1681.6515269082697,marvin
Lucarelli,cmaes,3,1683.6603779344541,marvin
Lucarelli,cmaes,2,1688.8531669495662,marvin
Lucarelli,cmaes,10,1681.8021115447887,marvin
Lucarelli,cmaes,8,1683.786246308884,marvin
Laske,SLSQP,10,276.05406185161996,marvin
Lucarelli,cmaes,9,1690.8790066708602,marvin
Lucarelli,Nelder-Mead,3,3182.4949886537465,marvin
Lucarelli,cmaes,7,1687.3891183064027,marvin
Laske,SLSQP,7,276.054061784397,marvin
Laske,trust-krylov,1,276.0540618676757,marvin
Lucarelli,Nelder-Mead,8,3083.1553305070042,marvin
Laske,SLSQP,5,276.0540618396604,marvin
Lucarelli,Nelder-Mead,4,3112.7424037234114,marvin
Laske,tnc,6,321.23949815306906,marvin
Lucarelli,Nelder-Mead,1,3261.372107277337,marvin
Laske,SLSQP,9,276.05406178743607,marvin
Laske,SLSQP,2,276.05406174654917,marvin
Laske,nlopt_37,1,276.05406162295964,marvin
Lucarelli,Nelder-Mead,6,2836.3993996977874,marvin
Laske,tnc,9,314.979826466506,marvin
Lucarelli,ipopt,2,1887.1788027305718,marvin
Lucarelli,ipopt,6,2480.3909398178307,marvin
Lucarelli,ipopt,7,1950.606080303763,marvin
Lucarelli,ipopt,4,2104.979532349703,marvin
Lucarelli,Nelder-Mead,7,3289.49015314474,marvin
Laske,SLSQP,4,276.0540618223599,marvin
Lucarelli,ipopt,3,2100.3056170097248,marvin
Lucarelli,Nelder-Mead,5,3153.615937867024,marvin
Lucarelli,ipopt,1,1941.2886598910657,marvin
Lucarelli,ipopt,5,2006.0603281996744,marvin
Lucarelli,newton-cg,1,5950.546244541172,marvin
Lucarelli,newton-cg,9,4789.341588607211,marvin
Laske,SLSQP,6,276.0540618301926,marvin
Lucarelli,ipopt,9,2149.3748575435798,marvin
Lucarelli,cg,2,3437.3275741726684,marvin
Lucarelli,Nelder-Mead,9,3195.2159440792107,marvin
Lucarelli,L-BFGS-B,4,2616.205131905088,marvin
Lucarelli,L-BFGS-B,3,2027.8084522263334,marvin
Laske,tnc,3,330.5429529165329,marvin
Lucarelli,ipopt,8,2000.9552151339497,marvin
Lucarelli,newton-cg,5,4280.374293431447,marvin
Lucarelli,ipopt,10,1861.945088060417,marvin
Lucarelli,newton-cg,2,6429.8432878753265,marvin
Lucarelli,Nelder-Mead,10,3114.327867712441,marvin
Lucarelli,cg,3,3824.547292616646,marvin
Lucarelli,newton-cg,4,4467.237647599841,marvin
Laske,tnc,7,312.10642110666123,marvin
Laske,SLSQP,8,276.05406191538265,marvin
Laske,tnc,2,306.2782795299456,marvin
Lucarelli,newton-cg,8,5221.246237406803,marvin
Lucarelli,newton-cg,6,5842.268829563457,marvin
Laske,tnc,1,313.50202827003994,marvin
Lucarelli,newton-cg,10,4268.501689246939,marvin
Laske,tnc,4,288.04303902225615,marvin
Lucarelli,L-BFGS-B,5,2451.6857947204626,marvin
Lucarelli,newton-cg,3,4083.517739406385,marvin
Lucarelli,L-BFGS-B,10,2411.042326505672,marvin
Laske,tnc,5,309.0682912971017,marvin
Laske,tnc,8,323.1592807488705,marvin
Lucarelli,L-BFGS-B,2,2290.175893257216,marvin
Lucarelli,fides,2,2662.666707101312,marvin
Lucarelli,cg,6,3612.9881164226836,marvin
Lucarelli,fides,6,2194.866379112144,marvin
Lucarelli,cg,1,3693.6733897174486,marvin
Lucarelli,BFGS,5,6668.350286754348,marvin
Lucarelli,L-BFGS-B,1,2532.4328360297905,marvin
Lucarelli,L-BFGS-B,9,2366.1486663901974,marvin
Lucarelli,BFGS,1,6447.854876808645,marvin
Lucarelli,newton-cg,7,4553.689151321539,marvin
Lucarelli,cg,5,4030.356099842306,marvin
Laske,tnc,10,313.5413300278537,marvin
Lucarelli,cg,7,3404.518028111085,marvin
Lucarelli,nlopt_12,6,1896.9754932231162,marvin
Lucarelli,nlopt_12,1,1841.1769360003361,marvin
Lucarelli,nlopt_12,7,2050.3859185039896,marvin
Lucarelli,nlopt_12,9,1962.3333216334047,marvin
Lucarelli,nlopt_12,2,1877.4668800134807,marvin
Lucarelli,fides,4,1941.3333772536087,marvin
Lucarelli,nlopt_11,6,2010.9443790613952,marvin
Lucarelli,nlopt_12,5,1769.618604714322,marvin
Lucarelli,nlopt_12,8,2070.374689636769,marvin
Lucarelli,cg,10,3400.8979185865987,marvin
Lucarelli,cg,4,3650.071377342575,marvin
Lucarelli,fides,3,2141.4665458730783,marvin
Lucarelli,L-BFGS-B,7,2511.933494562968,marvin
Lucarelli,fides,10,1967.8949225544036,marvin
Lucarelli,L-BFGS-B,8,2345.962870870306,marvin
Lucarelli,nlopt_11,2,2123.0851264738194,marvin
Lucarelli,BFGS,10,6452.878885102146,marvin
Lucarelli,nlopt_13,3,2545.96694489808,marvin
Lucarelli,nlopt_12,3,1893.045183455927,marvin
Lucarelli,BFGS,4,6103.596594728289,marvin
Lucarelli,nlopt_11,7,2255.633275500687,marvin
Lucarelli,L-BFGS-B,6,2614.9655559915545,marvin
Lucarelli,nlopt_12,4,2185.6459206916966,marvin
Lucarelli,nlopt_16,3,2367.414312629159,marvin
Lucarelli,nlopt_13,2,2732.1714229107492,marvin
Lucarelli,fides,7,2070.1875353127134,marvin
Lucarelli,nlopt_13,1,2206.4160072714444,marvin
Lucarelli,BFGS,9,6202.96188380408,marvin
Lucarelli,nlopt_14,8,2032.0097147727674,marvin
Lucarelli,nlopt_13,4,2433.0662398955255,marvin
Lucarelli,fides,1,1743.5504948839327,marvin
Lucarelli,cg,9,4034.6640663526464,marvin
Lucarelli,nlopt_12,10,2148.1237481464955,marvin
Lucarelli,BFGS,8,6164.95763964109,marvin
Lucarelli,BFGS,6,6652.73675289006,marvin
Lucarelli,nlopt_16,1,2409.910728186615,marvin
Lucarelli,fides,5,1845.9974168060078,marvin
Lucarelli,nlopt_15,2,2708.527023204998,marvin
Lucarelli,nlopt_11,1,2222.1997970866605,marvin
Lucarelli,nlopt_13,7,2248.5872548145626,marvin
Lucarelli,nlopt_13,5,2331.4304581597435,marvin
Lucarelli,nlopt_13,9,2168.9378599501974,marvin
Lucarelli,COBYLA,4,3145.73406306558,marvin
Lucarelli,nlopt_15,4,3260.1855238960184,marvin
Lucarelli,nlopt_16,5,2463.1159834178816,marvin
Lucarelli,nlopt_11,4,2323.1709716426526,marvin
Lucarelli,nlopt_14,2,2372.2405210277298,marvin
Lucarelli,nlopt_16,8,2189.732224133526,marvin
Lucarelli,BFGS,7,7047.760096985463,marvin
Lucarelli,fides,8,2263.990527508717,marvin
Lucarelli,cg,8,2924.136301196624,marvin
Lucarelli,nlopt_14,10,2413.665649324456,marvin
Lucarelli,nlopt_16,9,2484.62519705146,marvin
Lucarelli,nlopt_13,6,2170.9451092769486,marvin
Lucarelli,nlopt_14,4,2354.523766412466,marvin
Lucarelli,nlopt_16,7,2461.644457584819,marvin
Lucarelli,BFGS,2,6687.03455446765,marvin
Lucarelli,nlopt_16,6,2552.2118823963096,marvin
Lucarelli,nlopt_15,5,3216.663929563526,marvin
Lucarelli,nlopt_14,3,2088.361876338154,marvin
Lucarelli,dogleg,9,5205.967467168959,marvin
Lucarelli,fides,9,2039.1001191437929,marvin
Lucarelli,COBYLA,7,3058.409123801862,marvin
Lucarelli,nlopt_11,5,2397.9810363389743,marvin
Lucarelli,nlopt_14,5,2305.353930792661,marvin
Lucarelli,nlopt_18,8,2826.6829772403075,marvin
Lucarelli,nlopt_13,8,2370.445502581758,marvin
Lucarelli,nlopt_15,8,3015.346396418073,marvin
Lucarelli,nlopt_16,2,2471.9426499352567,marvin
Lucarelli,nlopt_18,2,2382.3676664620625,marvin
Lucarelli,nlopt_15,10,3028.030742316516,marvin
Lucarelli,nlopt_26,3,5672.437657788388,marvin
Lucarelli,BFGS,3,6983.140918377538,marvin
Lucarelli,nlopt_18,1,2419.2920328515916,marvin
Lucarelli,nlopt_11,9,2192.112165164329,marvin
Lucarelli,nlopt_15,1,3292.7829248683097,marvin
Lucarelli,dogleg,8,5942.778724785356,marvin
Lucarelli,nlopt_18,9,2578.6305983437906,marvin
Lucarelli,nlopt_28,5,2265.9409664551044,marvin
Lucarelli,nlopt_18,5,2189.1825609593616,marvin
Lucarelli,nlopt_18,10,2373.6556503305037,marvin
Lucarelli,nlopt_14,6,2167.6690160771527,marvin
Lucarelli,nlopt_16,4,2558.749257479053,marvin
Lucarelli,nlopt_18,7,2290.594013732606,marvin
Lucarelli,dogleg,10,5842.959386900112,marvin
Lucarelli,nlopt_21,10,2532.7527000031155,marvin
Lucarelli,nlopt_26,1,5347.45646577247,marvin
Lucarelli,nlopt_15,7,2657.5938950078435,marvin
Lucarelli,nlopt_14,7,2227.1924991512074,marvin
Lucarelli,nlopt_26,6,3341.65608648452,marvin
Lucarelli,nlopt_16,10,2393.1557034582675,marvin
Lucarelli,nlopt_26,8,6721.752986158329,marvin
Lucarelli,nlopt_15,9,3449.0090084738986,marvin
Lucarelli,nlopt_28,8,2312.040255884549,marvin
Lucarelli,nlopt_28,10,2249.7618181205935,marvin
Lucarelli,nlopt_29,9,1685.6237998496545,marvin
Lucarelli,nlopt_28,1,2439.656495404959,marvin
Lucarelli,nlopt_21,4,2414.189754297936,marvin
Lucarelli,nlopt_28,3,2437.1941147164416,marvin
Lucarelli,nlopt_26,2,4847.3934079606925,marvin
Lucarelli,nlopt_18,6,2379.7178327335464,marvin
Lucarelli,nlopt_13,10,2194.8363344544114,marvin
Lucarelli,nlopt_11,10,2294.573965568862,marvin
Lucarelli,nlopt_34,8,1716.5507839956801,marvin
Lucarelli,nlopt_23,1,3159.0603039144976,marvin
Lucarelli,nlopt_29,3,1688.0928600634697,marvin
Lucarelli,nlopt_23,6,3232.9337563264453,marvin
Lucarelli,nlopt_26,5,3009.271561816585,marvin
Lucarelli,nlopt_26,7,7007.034190325442,marvin
Lucarelli,nlopt_11,8,2023.4256365954343,marvin
Lucarelli,nlopt_14,1,2110.9596429847807,marvin
Lucarelli,nlopt_28,7,2864.8586832160254,marvin
Lucarelli,nlopt_21,7,2162.347401378275,marvin
Lucarelli,nlopt_29,7,1689.9244053879056,marvin
Lucarelli,dogleg,2,5085.756718533256,marvin
Lucarelli,nlopt_26,4,2579.661349298595,marvin
Lucarelli,nlopt_29,2,1703.7382368830579,marvin
Lucarelli,nlopt_29,4,1703.5567632006396,marvin
Lucarelli,nlopt_23,5,3564.4265324604353,marvin
Lucarelli,nlopt_11,3,2283.7266581358813,marvin
Lucarelli,nlopt_23,8,3121.694815909218,marvin
Lucarelli,nlopt_28,4,2591.3137326979945,marvin
Lucarelli,nlopt_29,1,1704.9700524189323,marvin
Lucarelli,nlopt_34,9,1758.7613236399643,marvin
Lucarelli,COBYLA,8,3185.960456308156,marvin
Lucarelli,nlopt_29,8,1688.8880933505047,marvin
Lucarelli,nlopt_34,2,1710.5654241389068,marvin
Lucarelli,nlopt_21,5,3060.5483610419856,marvin
Lucarelli,nlopt_34,3,1720.017397660491,marvin
Lucarelli,nlopt_34,6,1705.4625957691662,marvin
Lucarelli,nlopt_34,1,1698.5447988389128,marvin
Lucarelli,nlopt_34,7,1785.1561078128404,marvin
Lucarelli,nlopt_23,3,3589.132940384679,marvin
Lucarelli,nlopt_21,2,2957.2811837814565,marvin
Lucarelli,dogleg,6,6592.448464387753,marvin
Lucarelli,nlopt_21,3,2593.7943856681063,marvin
Lucarelli,nlopt_29,10,1702.2075309049164,marvin
Lucarelli,nlopt_29,6,1697.5825062441631,marvin
Lucarelli,nlopt_23,7,4013.551253450001,marvin
Lucarelli,nlopt_28,6,2391.6642862400017,marvin
Lucarelli,nlopt_34,10,1705.481152635819,marvin
Lucarelli,pysacess_cmaes,2,1694.1423227325831,marvin
Lucarelli,dogleg,3,5634.779264344141,marvin
Lucarelli,COBYLA,5,2977.0286152254566,marvin
Lucarelli,nlopt_21,8,2816.7683276232906,marvin
Lucarelli,nlopt_26,9,4476.291199005112,marvin
Lucarelli,nlopt_34,4,1750.2680119921422,marvin
Lucarelli,nlopt_21,9,2553.751347224909,marvin
Lucarelli,nlopt_18,4,2276.9717818930135,marvin
Lucarelli,pysacess_cmaes,8,1683.72467722712,marvin
Lucarelli,pysacess,7,1696.400699746836,marvin
Lucarelli,nlopt_39,2,4162.609907626982,marvin
Lucarelli,nlopt_18,3,2280.86104226192,marvin
Lucarelli,nlopt_14,9,3044.2624761612356,marvin
Lucarelli,nlopt_26,10,5840.373129565595,marvin
Lucarelli,pysacess_cmaes,3,1701.86930425077,marvin
Lucarelli,nlopt_28,2,2891.638944092466,marvin
Lucarelli,nlopt_21,1,2642.5575793512185,marvin
Lucarelli,pysacess_cmaes,6,1681.850568754602,marvin
Lucarelli,pysacess,9,1871.28316024819,marvin
Lucarelli,nlopt_34,5,1697.6095670036102,marvin
Lucarelli,nlopt_15,3,3705.090441933197,marvin
Lucarelli,dogleg,1,6331.681547903864,marvin
Lucarelli,pysacess_cmaes,4,1685.7709263184088,marvin
Lucarelli,nlopt_23,10,3202.6579007489545,marvin
Lucarelli,nlopt_28,9,2466.962013446031,marvin
Lucarelli,pysacess_fides,10,1704.4153781171149,marvin
Lucarelli,pysacess_cmaes,1,1683.8631703566157,marvin
Lucarelli,pysacess_cmaes,10,1694.3315891273369,marvin
Lucarelli,pysacess_cmaes,7,1685.5581752214757,marvin
Lucarelli,pysacess_ipopt,1,1786.9229413977848,marvin
Lucarelli,pysacess,2,1693.2481333937753,marvin
Lucarelli,pysacess_cmaes,9,1681.9989076407217,marvin
Lucarelli,pysacess,3,1707.1938160383309,marvin
Lucarelli,pysacess_ipopt,8,1761.2939061561422,marvin
Lucarelli,dogleg,4,5770.210999957525,marvin
Lucarelli,COBYLA,10,2947.862998472944,marvin
Lucarelli,pysacess_cmaes,5,1685.3974742107396,marvin
Lucarelli,nlopt_23,4,3198.08833116474,marvin
Lucarelli,pysacess_fides,1,1694.783519618258,marvin
Lucarelli,pysacess,5,1685.0987814798154,marvin
Lucarelli,nlopt_21,6,2969.0039432531044,marvin
Lucarelli,pysacess_fides,4,1702.8485598385237,marvin
Lucarelli,COBYLA,9,2874.199446349251,marvin
Lucarelli,nlopt_39,3,3414.0806029524742,marvin
Lucarelli,pysacess_ipopt,5,1799.081428780799,marvin
Lucarelli,pysacess_fides,7,1724.2574728464563,marvin
Lucarelli,nlopt_23,2,3968.628380395741,marvin
Lucarelli,pysacess,4,1685.1153159382445,marvin
Lucarelli,pysacess_fides,2,1703.8639656004145,marvin
Lucarelli,nlopt_15,6,2997.255325270907,marvin
Lucarelli,nlopt_39,5,3301.2938225918133,marvin
Lucarelli,pysacess_fides,3,1766.4833411102668,marvin
Lucarelli,pysacess_ipopt,4,1715.9433773438218,marvin
Lucarelli,pysacess,6,1709.1825757024167,marvin
Lucarelli,pysacess_ipopt,9,1733.3463266931403,marvin
Lucarelli,sacess,6,1833.6746968543855,marvin
Lucarelli,pysacess_fides,9,1725.50664713708,marvin
Lucarelli,pysacess,1,1720.6747685455164,marvin
Lucarelli,pysacess_ipopt,2,1707.467565251446,marvin
Lucarelli,pysacess_fides,5,1719.4726320235527,marvin
Lucarelli,pysacess,8,1715.7341563176792,marvin
Lucarelli,pysacess,10,1686.3979142462595,marvin
Lucarelli,pysacess_fides,6,1814.8031847917541,marvin
Lucarelli,nlopt_36,6,2472.2022304725074,marvin
Lucarelli,nlopt_36,5,2204.3435552258184,marvin
Lucarelli,dogleg,5,5635.422358253421,marvin
Lucarelli,COBYLA,2,2959.428984012881,marvin
Lucarelli,nlopt_39,9,3524.807778984197,marvin
Lucarelli,COBYLA,6,3038.520333424038,marvin
Lucarelli,sacess,10,1760.870325734772,marvin
Lucarelli,pysacess_ipopt,10,1714.6506051627846,marvin
Lucarelli,nlopt_39,4,4369.351603835602,marvin
Lucarelli,pysacess_ipopt,3,1710.1425029524912,marvin
Lucarelli,COBYLA,1,3031.52319582336,marvin
Lucarelli,nlopt_39,1,4366.81960398899,marvin
Lucarelli,nlopt_29,5,1691.33137080159,marvin
Lucarelli,nlopt_39,10,4401.921032042185,marvin
Lucarelli,sacess_dhc,2,1684.3000393582056,marvin
Lucarelli,pysacess_ipopt,7,1814.5200324890172,marvin
Lucarelli,sacess_dhc,5,1721.58704656834,marvin
Lucarelli,nlopt_36,9,2317.6888005128785,marvin
Lucarelli,COBYLA,3,3089.9125653619803,marvin
Lucarelli,sacess_ipopt,3,1738.5486275880419,marvin
Lucarelli,nlopt_39,8,3185.709777403844,marvin
Lucarelli,sacess_dhc,9,1705.3258520787542,marvin
Lucarelli,sacess,4,1762.325218760355,marvin
Lucarelli,pysacess_fides,8,1692.512103488925,marvin
Lucarelli,sacess_ipopt,8,1778.1182976247483,marvin
Lucarelli,sacess,9,1781.1136445395982,marvin
Lucarelli,sacess,3,1774.4795725179604,marvin
Lucarelli,sacess_dhc,10,1750.263018628997,marvin
Lucarelli,sacess_ipopt,9,1693.432435048789,marvin
Lucarelli,sacess_dhc,4,1684.6380487598508,marvin
Lucarelli,sacess,8,1956.0379826602095,marvin
Lucarelli,sacess_ipopt,4,1690.88348542911,marvin
Lucarelli,pysacess_ipopt,6,1832.4218462441074,marvin
Lucarelli,sacess_ipopt,5,1695.4021602651512,marvin
Lucarelli,sacess,2,1729.7520992034367,marvin
Lucarelli,sacess_dhc,1,1748.4928502827515,marvin
Lucarelli,nlopt_39,6,3027.2083256192236,marvin
Lucarelli,sacess_ipopt,10,1688.23761496513,marvin
Lucarelli,trust-ncg,7,2239.8617660873274,marvin
Lucarelli,trust-ncg,6,2354.710177622997,marvin
Lucarelli,trust-ncg,8,3292.50408018281,marvin
Lucarelli,sacess_ipopt,1,1814.0518940629404,marvin
Lucarelli,sacess_dhc,8,1684.4666128287795,marvin
Lucarelli,nlopt_36,4,2426.2224682610295,marvin
Lucarelli,nlopt_39,7,3552.594166870435,marvin
Lucarelli,nlopt_36,1,2459.083551564231,marvin
Lucarelli,nlopt_36,10,2290.0879861244302,marvin
Lucarelli,sacess,7,1822.140248014157,marvin
Lucarelli,sacess,5,1875.7755512377175,marvin
Lucarelli,trust-ncg,10,2070.2120960768275,marvin
Lucarelli,sacess_dhc,7,1690.0840681116795,marvin
Lucarelli,nlopt_37,5,2524.1552891425363,marvin
Lucarelli,trust-ncg,4,2045.3671458896717,marvin
Lucarelli,trust-krylov,10,2068.067091701843,marvin
Lucarelli,trust-ncg,3,2106.7521360052615,marvin
Lucarelli,trust-ncg,9,2376.798072360418,marvin
Lucarelli,sacess_dhc,6,1700.4745427551295,marvin
Lucarelli,sacess_ipopt,2,1694.898100705847,marvin
Lucarelli,nlopt_37,2,2453.3330132101123,marvin
Lucarelli,sacess_ipopt,6,1706.7695576084088,marvin
Lucarelli,nlopt_23,9,4096.640064758297,marvin
Lucarelli,nlopt_37,7,2163.776311891897,marvin
Lucarelli,nlopt_37,3,2131.6509968672985,marvin
Lucarelli,nlopt_37,1,2263.2737172928532,marvin
Lucarelli,sacess_dhc,3,1695.2379495858931,marvin
Lucarelli,nlopt_36,3,2032.075275161253,marvin
Lucarelli,sacess,1,1983.5744212448908,marvin
Lucarelli,trust-ncg,2,2646.0266529198975,marvin
Lucarelli,trust-ncg,5,2334.403949214818,marvin
Lucarelli,sacess_ipopt,7,1703.442658393498,marvin
Lucarelli,trust-krylov,6,2017.737095599721,marvin
Lucarelli,nlopt_36,7,2318.2579018343154,marvin
Lucarelli,trust-krylov,1,2155.7378114123253,marvin
Lucarelli,nlopt_36,2,2085.2611417257503,marvin
Lucarelli,tnc,5,3083.0320889079203,marvin
Lucarelli,tnc,3,2544.9803467904158,marvin
Lucarelli,nlopt_37,8,2229.07781082777,marvin
Lucarelli,dogleg,7,5793.922564812753,marvin
Lucarelli,trust-krylov,3,2000.400978101354,marvin
Lucarelli,nlopt_37,10,2188.156991393585,marvin
Lucarelli,trust-krylov,2,1973.0142929719852,marvin
Lucarelli,trust-krylov,5,2054.82977572594,marvin
Lucarelli,trust-krylov,4,1960.544878918742,marvin
Lucarelli,tnc,8,3245.774590193344,marvin
Lucarelli,tnc,6,2826.5896245301165,marvin
Lucarelli,trust-krylov,7,2045.2631181748795,marvin
Lucarelli,trust-ncg,1,2488.4287346129486,marvin
Lucarelli,tnc,9,3151.9632830503665,marvin
Lucarelli,nlopt_37,6,2202.2222249204447,marvin
Lucarelli,tnc,7,3145.0683065045464,marvin
Lucarelli,nlopt_36,8,2262.2927232279735,marvin
Lucarelli,nlopt_37,9,2146.1139967494555,marvin
Lucarelli,tnc,10,3260.1011307329545,marvin
Lucarelli,pyswarm,4,4834.986466643612,marvin
Lucarelli,trust-krylov,9,2004.9902957848046,marvin
Lucarelli,pyswarm,6,4722.374282983282,marvin
Lucarelli,tnc,4,3135.3648436184217,marvin
Lucarelli,pyswarm,10,5053.736913894593,marvin
Lucarelli,trust-krylov,8,1954.2057359888568,marvin
Lucarelli,nlopt_37,4,2118.411796955426,marvin
Lucarelli,tnc,1,2475.410217963001,marvin
Lucarelli,pyswarm,9,4843.52186130472,marvin
Okuonghae,cmaes,9,373.54767544759267,marvin
Lucarelli,tnc,2,3176.173961706762,marvin
Lucarelli,pyswarm,5,4813.506130488115,marvin
Okuonghae,cmaes,4,373.5476580181036,marvin
Okuonghae,cmaes,7,373.5476610548551,marvin
Okuonghae,cmaes,3,373.5476758648386,marvin
Lucarelli,pyswarm,1,4095.76799527199,marvin
Lucarelli,pyswarm,7,4407.769662785785,marvin
Lucarelli,pyswarm,8,4739.052635779824,marvin
Okuonghae,cmaes,2,373.5476844144213,marvin
Okuonghae,cmaes,8,373.5477034080034,marvin
Okuonghae,cmaes,6,373.5476724808957,marvin
Okuonghae,cmaes,1,373.547663999469,marvin
Lucarelli,pyswarm,2,4815.921751374821,marvin
Lucarelli,pyswarm,3,4802.046693336545,marvin
Okuonghae,cmaes,10,373.5477132845844,marvin
Okuonghae,cmaes,5,373.5477140409425,marvin
Lucarelli,SLSQP,10,1793.463631397844,marvin
Lucarelli,SLSQP,1,1870.4710677369205,marvin
Lucarelli,SLSQP,6,1771.974212040548,marvin
Okuonghae,Nelder-Mead,10,393.48019720857474,marvin
Lucarelli,SLSQP,7,1748.5726843518862,marvin
Lucarelli,SLSQP,3,1867.822140705744,marvin
Lucarelli,SLSQP,8,1895.8175443027876,marvin
Okuonghae,Nelder-Mead,5,381.65926522391067,marvin
Okuonghae,ipopt,2,373.584330009628,marvin
Lucarelli,SLSQP,4,1809.205353818881,marvin
Okuonghae,fides,3,373.5660480413535,marvin
Okuonghae,Nelder-Mead,9,382.02400681146116,marvin
Okuonghae,ipopt,5,373.56724824680504,marvin
Okuonghae,Nelder-Mead,3,377.61220064587144,marvin
Okuonghae,ipopt,3,373.5938346569722,marvin
Okuonghae,L-BFGS-B,4,373.65716984853987,marvin
Okuonghae,L-BFGS-B,1,373.6148521234928,marvin
Okuonghae,L-BFGS-B,6,373.6520364884807,marvin
Okuonghae,Nelder-Mead,8,387.5040586475979,marvin
Lucarelli,SLSQP,5,1856.4012356211338,marvin
Okuonghae,fides,6,373.5555631948038,marvin
Lucarelli,SLSQP,2,1796.6549095809094,marvin
Okuonghae,L-BFGS-B,2,373.60462529326895,marvin
Okuonghae,fides,10,373.5495423096361,marvin
Okuonghae,fides,8,373.55476983520384,marvin
Okuonghae,cg,9,377.31131890124306,marvin
Lucarelli,SLSQP,9,1808.496619857321,marvin
Okuonghae,fides,1,373.5534345781544,marvin
Okuonghae,cg,3,376.9712111123378,marvin
Okuonghae,ipopt,1,373.5807821783408,marvin
Okuonghae,Nelder-Mead,7,396.84257574073087,marvin
Okuonghae,ipopt,7,373.57668862206197,marvin
Okuonghae,COBYLA,5,454.6565143428651,marvin
Okuonghae,ipopt,4,373.60019147568545,marvin
Okuonghae,L-BFGS-B,9,373.65352398183893,marvin
Okuonghae,Nelder-Mead,4,377.5736649344029,marvin
Okuonghae,Nelder-Mead,2,384.32408880785033,marvin
Okuonghae,ipopt,8,373.5699001164195,marvin
Okuonghae,fides,4,373.55801838334094,marvin
Okuonghae,L-BFGS-B,5,373.57406936985757,marvin
Okuonghae,cg,5,377.26960745788557,marvin
Okuonghae,ipopt,6,373.5784909502534,marvin
Okuonghae,fides,9,373.5502046935035,marvin
Okuonghae,L-BFGS-B,8,373.6290017289689,marvin
Okuonghae,Nelder-Mead,1,381.8615870337959,marvin
Okuonghae,ipopt,10,373.57441217577053,marvin
Okuonghae,Nelder-Mead,6,387.84264711236125,marvin
Okuonghae,COBYLA,8,448.2943649279528,marvin
Okuonghae,L-BFGS-B,7,373.5654698071066,marvin
Okuonghae,L-BFGS-B,3,373.65274616221217,marvin
Okuonghae,cg,1,376.72909740092433,marvin
Okuonghae,ipopt,9,373.58772291889096,marvin
Okuonghae,cg,10,376.82010828471516,marvin
Okuonghae,fides,5,373.5570627942488,marvin
Okuonghae,cg,7,376.8607920264471,marvin
Okuonghae,fides,2,373.55119079710096,marvin
Okuonghae,cg,8,376.4206887131244,marvin
Okuonghae,COBYLA,2,457.4707066896046,marvin
Okuonghae,cg,4,377.060880150201,marvin
Okuonghae,cg,2,377.03681003995206,marvin
Okuonghae,nlopt_15,2,417.8462040605777,marvin
Okuonghae,nlopt_15,1,386.83860165187446,marvin
Okuonghae,COBYLA,3,451.23716852543544,marvin
Okuonghae,nlopt_15,6,378.8445667821099,marvin
Okuonghae,fides,7,373.55155895420603,marvin
Okuonghae,COBYLA,4,448.0468674696687,marvin
Okuonghae,COBYLA,1,442.4042957316224,marvin
Okuonghae,cg,6,376.7738413415578,marvin
Okuonghae,L-BFGS-B,10,373.5919395363031,marvin
Okuonghae,nlopt_16,1,375.52737734151304,marvin
Okuonghae,BFGS,7,396.58717754170374,marvin
Okuonghae,nlopt_15,8,385.6222586520282,marvin
Okuonghae,nlopt_15,7,383.67691783034337,marvin
Okuonghae,nlopt_15,3,419.59038759683557,marvin
Okuonghae,nlopt_15,5,429.52990354154224,marvin
Okuonghae,COBYLA,10,439.32185179628294,marvin
Okuonghae,nlopt_16,5,373.57333157025903,marvin
Okuonghae,BFGS,1,386.14464879574297,marvin
Okuonghae,nlopt_15,9,423.2636907114487,marvin
Okuonghae,nlopt_15,10,384.228604027599,marvin
Okuonghae,nlopt_15,4,433.2168995263994,marvin
Okuonghae,nlopt_16,7,373.55837224880577,marvin
Okuonghae,nlopt_16,2,373.57247603089365,marvin
Okuonghae,nlopt_16,4,373.72505293981476,marvin
Okuonghae,nlopt_16,3,373.5731126229124,marvin
Okuonghae,nlopt_18,2,373.57592269284527,marvin
Okuonghae,nlopt_18,3,373.5722015467192,marvin
Okuonghae,nlopt_11,9,373.54980766640887,marvin
Okuonghae,nlopt_16,6,373.5850167388361,marvin
Okuonghae,nlopt_16,9,373.8184418122146,marvin
Okuonghae,nlopt_18,1,373.6296413453678,marvin
Okuonghae,nlopt_11,1,373.5492925754324,marvin
Okuonghae,nlopt_18,5,376.1065579390375,marvin
Okuonghae,nlopt_18,9,376.3243322134019,marvin
Okuonghae,nlopt_18,7,376.0961966636001,marvin
Okuonghae,BFGS,3,376.9576323291792,marvin
Okuonghae,nlopt_18,10,373.56935040101797,marvin
Okuonghae,nlopt_16,8,373.5891658547049,marvin
Okuonghae,nlopt_18,4,373.5646008865577,marvin
Okuonghae,BFGS,5,398.2169968457899,marvin
Okuonghae,nlopt_18,8,373.6339548406405,marvin
Okuonghae,nlopt_11,8,373.5507041217184,marvin
Okuonghae,nlopt_11,3,373.55080215294885,marvin
Okuonghae,nlopt_18,6,376.07009260273105,marvin
Okuonghae,nlopt_16,10,373.59259545984247,marvin
Okuonghae,nlopt_11,10,373.55024460376853,marvin
Okuonghae,nlopt_13,2,373.5497310331858,marvin
Okuonghae,BFGS,2,377.9280548734843,marvin
Okuonghae,BFGS,8,391.427875496825,marvin
Okuonghae,nlopt_12,10,373.6363937224489,marvin
Okuonghae,BFGS,4,376.79530160588604,marvin
Okuonghae,nlopt_11,7,373.55123215236915,marvin
Okuonghae,nlopt_11,4,373.55006564677035,marvin
Okuonghae,nlopt_13,1,373.54996911225714,marvin
Okuonghae,BFGS,6,378.2963573369775,marvin
Okuonghae,COBYLA,9,446.50199508633847,marvin
Okuonghae,nlopt_13,4,373.5495584094371,marvin
Okuonghae,nlopt_13,5,373.54975934123735,marvin
Okuonghae,nlopt_12,3,373.712225895559,marvin
Okuonghae,nlopt_11,2,373.5511592573353,marvin
Okuonghae,COBYLA,6,453.18824897013167,marvin
Okuonghae,nlopt_13,9,373.5480138726604,marvin
Okuonghae,nlopt_13,8,373.55004783247375,marvin
Okuonghae,newton-cg,7,377.60638987118074,marvin
Okuonghae,nlopt_26,7,374.4384700332251,marvin
Okuonghae,nlopt_26,4,374.46683424905365,marvin
Okuonghae,newton-cg,5,377.2159996355726,marvin
Okuonghae,nlopt_13,10,373.5497765898285,marvin
Okuonghae,nlopt_12,7,374.167445749489,marvin
Okuonghae,nlopt_26,8,374.6791760094129,marvin
Okuonghae,nlopt_14,7,373.548962754236,marvin
Okuonghae,nlopt_11,5,373.55059435130283,marvin
Okuonghae,BFGS,9,381.82049092551205,marvin
Okuonghae,nlopt_26,1,374.5672286626045,marvin
Okuonghae,nlopt_14,9,373.5499658828289,marvin
Okuonghae,nlopt_13,3,373.55029897387334,marvin
Okuonghae,newton-cg,1,376.2828380976504,marvin
Okuonghae,nlopt_21,4,374.51246618330185,marvin
Okuonghae,nlopt_14,8,373.5497800421824,marvin
Okuonghae,newton-cg,8,377.63688398340736,marvin
Okuonghae,nlopt_26,3,374.62847752443,marvin
Okuonghae,newton-cg,2,377.9809163164362,marvin
Okuonghae,nlopt_21,2,374.73188751229935,marvin
Okuonghae,nlopt_26,5,374.3149397157855,marvin
Okuonghae,nlopt_12,1,373.7185426424731,marvin
Okuonghae,nlopt_26,6,374.46183170297763,marvin
Okuonghae,newton-cg,4,376.8493969077314,marvin
Okuonghae,nlopt_12,2,373.77798181004823,marvin
Okuonghae,nlopt_26,2,374.4253419747779,marvin
Okuonghae,nlopt_14,1,373.550094307916,marvin
Okuonghae,nlopt_21,9,374.56611413706685,marvin
Okuonghae,nlopt_21,10,374.55228461968767,marvin
Okuonghae,nlopt_13,6,373.5479992273454,marvin
Okuonghae,nlopt_26,10,374.5341996550156,marvin
Okuonghae,nlopt_21,5,374.65137364945116,marvin
Okuonghae,nlopt_11,6,373.5514469631196,marvin
Okuonghae,nlopt_12,8,373.6993435657068,marvin
Okuonghae,nlopt_14,2,373.54992026524764,marvin
Okuonghae,nlopt_21,7,374.8083278013621,marvin
Okuonghae,nlopt_13,7,373.5588294256117,marvin
Okuonghae,nlopt_21,3,374.931929825771,marvin
Okuonghae,COBYLA,7,454.0278152820436,marvin
Okuonghae,nlopt_14,6,373.5502489858891,marvin
Okuonghae,nlopt_12,9,373.9024701370652,marvin
Okuonghae,nlopt_34,3,375.0273076940925,marvin
Okuonghae,nlopt_14,3,373.54975298307886,marvin
Okuonghae,nlopt_12,4,373.81656560328645,marvin
Okuonghae,nlopt_14,10,373.5500404872571,marvin
Okuonghae,nlopt_21,6,375.0284919464212,marvin
Okuonghae,newton-cg,10,377.06651469316677,marvin
Okuonghae,newton-cg,9,376.88615423237354,marvin
Okuonghae,nlopt_21,1,374.97307826420933,marvin
Okuonghae,nlopt_26,9,374.58226488868024,marvin
Okuonghae,nlopt_21,8,374.8558071466103,marvin
Okuonghae,nlopt_34,2,376.3167027144613,marvin
Okuonghae,nlopt_23,9,376.415966222211,marvin
Okuonghae,nlopt_34,9,375.0459209653237,marvin
Okuonghae,nlopt_23,7,374.9995205454477,marvin
Okuonghae,nlopt_34,1,375.10938435185113,marvin
Okuonghae,nlopt_34,7,376.4027853648019,marvin
Okuonghae,BFGS,10,376.65730896539566,marvin
Okuonghae,nlopt_12,6,373.99706622611933,marvin
Okuonghae,nlopt_23,1,375.1649606531682,marvin
Okuonghae,nlopt_23,2,375.09124771209395,marvin
Okuonghae,nlopt_23,10,376.3620577325062,marvin
Okuonghae,nlopt_34,6,375.34265671567425,marvin
Okuonghae,nlopt_14,5,373.5500033697279,marvin
Okuonghae,nlopt_29,5,374.84173851297425,marvin
Okuonghae,nlopt_23,4,375.08802767180543,marvin
Okuonghae,nlopt_23,5,375.1319163732525,marvin
Okuonghae,nlopt_29,6,373.9372527293515,marvin
Okuonghae,nlopt_34,8,377.35288401667765,marvin
Okuonghae,nlopt_29,9,374.98638376387714,marvin
Okuonghae,nlopt_12,5,374.40611105044644,marvin
Okuonghae,nlopt_29,8,374.2704871885591,marvin
Okuonghae,nlopt_23,8,375.14389737748104,marvin
Okuonghae,newton-cg,6,377.9754177256869,marvin
Okuonghae,nlopt_23,3,374.8697631494894,marvin
Okuonghae,newton-cg,3,376.5281740871337,marvin
Okuonghae,nlopt_29,1,373.81789318209525,marvin
Okuonghae,nlopt_34,5,376.0153999223073,marvin
Okuonghae,nlopt_34,4,375.0187399271076,marvin
Okuonghae,nlopt_29,2,374.1931131412544,marvin
Okuonghae,nlopt_23,6,376.17923212626647,marvin
Okuonghae,nlopt_34,10,375.8841971710502,marvin
Okuonghae,nlopt_29,3,373.9557639406333,marvin
Okuonghae,nlopt_14,4,373.55015686472706,marvin
Okuonghae,nlopt_29,10,374.1251932350662,marvin
Okuonghae,nlopt_29,4,373.7526314767774,marvin
Okuonghae,pysacess,3,377.2023022266894,marvin
Okuonghae,nlopt_28,6,380.8661545376246,marvin
Okuonghae,pysacess,2,377.15165576418326,marvin
Okuonghae,SLSQP,9,374.19698885691844,marvin
Okuonghae,nlopt_28,3,375.3167997248549,marvin
Okuonghae,pysacess,4,377.5245587613456,marvin
Okuonghae,pysacess,6,376.5541670214668,marvin
Okuonghae,nlopt_28,5,376.642157785389,marvin
Okuonghae,pysacess,7,376.96881321964304,marvin
Okuonghae,pysacess,1,378.38463021638785,marvin
Okuonghae,SLSQP,5,374.7557600646833,marvin
Okuonghae,pysacess,5,376.4613270477582,marvin
Okuonghae,pysacess,10,377.60960906632533,marvin
Okuonghae,nlopt_39,1,374.9222484731847,marvin
Okuonghae,pysacess_cmaes,2,373.54766644323155,marvin
Okuonghae,nlopt_28,9,376.35126185589917,marvin
Okuonghae,nlopt_28,8,378.6356160080909,marvin
Okuonghae,pysacess,8,378.18162409269746,marvin
Okuonghae,nlopt_36,5,373.550441153344,marvin
Okuonghae,pysacess,9,377.90692482086604,marvin
Okuonghae,nlopt_28,2,376.2170417804292,marvin
Okuonghae,pysacess_cmaes,1,373.54765857523716,marvin
Okuonghae,nlopt_36,2,373.54941863488,marvin
Okuonghae,pysacess_cmaes,3,373.5476868337881,marvin
Okuonghae,pysacess_cmaes,5,373.54770137903597,marvin
Okuonghae,nlopt_37,4,373.5486663860621,marvin
Okuonghae,nlopt_28,4,376.7420585041092,marvin
Okuonghae,nlopt_29,7,374.3734828801345,marvin
Okuonghae,nlopt_39,2,375.38838650666986,marvin
Okuonghae,nlopt_36,1,373.54945967296624,marvin
Okuonghae,nlopt_28,7,376.9576393883881,marvin
Okuonghae,pysacess_cmaes,4,373.54772979243745,marvin
Okuonghae,nlopt_39,5,376.22198312147117,marvin
Okuonghae,nlopt_36,7,373.5506749472374,marvin
Okuonghae,nlopt_28,10,379.640879805296,marvin
Okuonghae,nlopt_39,4,376.2195447279769,marvin
Okuonghae,pysacess_cmaes,6,373.54768800588585,marvin
Okuonghae,nlopt_39,8,374.69232480822865,marvin
Okuonghae,nlopt_39,7,375.53400360557157,marvin
Okuonghae,nlopt_36,10,373.5525662103281,marvin
Okuonghae,nlopt_28,1,376.56474873994836,marvin
Okuonghae,pysacess_cmaes,7,373.5476888815097,marvin
Okuonghae,pysacess_cmaes,8,373.54765853254617,marvin
Okuonghae,pysacess_cmaes,9,373.547679751783,marvin
Okuonghae,nlopt_39,3,375.3050838953436,marvin
Okuonghae,nlopt_37,5,373.5501526493713,marvin
Okuonghae,pysacess_fides,1,373.5519207845805,marvin
Okuonghae,nlopt_39,9,375.2531234423759,marvin
Okuonghae,nlopt_37,10,373.54995056104144,marvin
Okuonghae,nlopt_36,6,373.55369387341256,marvin
Okuonghae,nlopt_37,7,373.549462418152,marvin
Okuonghae,dogleg,6,589.0958483741355,marvin
Okuonghae,pysacess_cmaes,10,373.54772624642277,marvin
Okuonghae,nlopt_36,3,373.5503270877256,marvin
Okuonghae,nlopt_37,6,373.5483861194264,marvin
Okuonghae,nlopt_36,4,373.5499007324804,marvin
Okuonghae,SLSQP,7,374.73188345961466,marvin
Okuonghae,pysacess_fides,3,373.5565780450836,marvin
Okuonghae,nlopt_37,9,373.5512186314859,marvin
Okuonghae,nlopt_37,1,373.55173426593717,marvin
Okuonghae,nlopt_37,2,373.5494419320444,marvin
Okuonghae,pysacess_fides,2,373.5569561246728,marvin
Okuonghae,pysacess_fides,5,373.549123094087,marvin
Okuonghae,pysacess_fides,4,373.55030288418914,marvin
Okuonghae,pysacess_fides,6,373.57403333123824,marvin
Okuonghae,pysacess_fides,7,373.56212956083345,marvin
Okuonghae,pysacess_fides,8,373.54871969345123,marvin
Okuonghae,nlopt_39,6,376.3164163629878,marvin
Okuonghae,nlopt_37,8,373.54977127180143,marvin
Okuonghae,nlopt_36,8,373.55494110539223,marvin
Okuonghae,dogleg,7,550.4345482213555,marvin
Okuonghae,nlopt_36,9,373.5495516075067,marvin
Okuonghae,nlopt_39,10,375.01921369015554,marvin
Okuonghae,pysacess_ipopt,1,373.5860355051228,marvin
Okuonghae,pysacess_fides,10,373.55520824655184,marvin
Okuonghae,pysacess_fides,9,373.55596372038184,marvin
Okuonghae,pysacess_ipopt,2,373.6089471289381,marvin
Okuonghae,nlopt_37,3,373.5498850215078,marvin
Okuonghae,dogleg,4,578.9862961519201,marvin
Okuonghae,pysacess_ipopt,4,373.6235076775807,marvin
Okuonghae,pysacess_ipopt,3,373.58227060525326,marvin
Okuonghae,pysacess_ipopt,5,373.58274718481533,marvin
Okuonghae,pysacess_ipopt,6,373.59550577500687,marvin
Okuonghae,SLSQP,10,373.7801660508376,marvin
Okuonghae,dogleg,1,553.7768668747433,marvin
Okuonghae,SLSQP,8,373.976343761089,marvin
Okuonghae,dogleg,8,603.9866946166703,marvin
Okuonghae,pysacess_ipopt,7,373.58302271881684,marvin
Okuonghae,SLSQP,3,375.06241134505393,marvin
Okuonghae,pysacess_ipopt,9,373.5795271904253,marvin
Okuonghae,pysacess_ipopt,8,373.59279869955554,marvin
Okuonghae,SLSQP,4,373.79425837182293,marvin
Okuonghae,dogleg,3,552.2022061947438,marvin
Okuonghae,dogleg,9,547.1121603904816,marvin
Okuonghae,pysacess_ipopt,10,373.60526077831787,marvin
Okuonghae,dogleg,2,574.8455395088068,marvin
Okuonghae,sacess,2,375.09701668079464,marvin
Okuonghae,dogleg,10,537.3423847284414,marvin
Okuonghae,SLSQP,1,374.62665285396645,marvin
Okuonghae,sacess,1,374.69598056360496,marvin
Okuonghae,SLSQP,2,373.9030099272006,marvin
Okuonghae,sacess,3,374.96793475777105,marvin
Okuonghae,SLSQP,6,373.8053218691711,marvin
Okuonghae,sacess,7,376.17591730801365,marvin
Okuonghae,sacess,5,374.0984757662923,marvin
Okuonghae,sacess,6,374.36766827906206,marvin
Okuonghae,sacess,8,375.4602328753977,marvin
Okuonghae,sacess,4,374.50921781939246,marvin
Okuonghae,sacess,10,374.3491688803962,marvin
Okuonghae,sacess,9,375.5937696448207,marvin
Okuonghae,sacess_dhc,3,376.1307299009823,marvin
Okuonghae,sacess_dhc,6,374.62027655406945,marvin
Okuonghae,sacess_dhc,1,374.57523476730927,marvin
Okuonghae,sacess_dhc,5,375.9591659326536,marvin
Okuonghae,sacess_dhc,9,375.196086424164,marvin
Okuonghae,sacess_dhc,4,375.2836556339126,marvin
Okuonghae,sacess_dhc,2,374.39549522974687,marvin
Okuonghae,pyswarm,8,444.0202021411139,marvin
Okuonghae,pyswarm,1,445.27690327156347,marvin
Okuonghae,sacess_dhc,8,374.5997638421825,marvin
Okuonghae,pyswarm,10,432.26348346805963,marvin
Okuonghae,pyswarm,5,443.6651335914679,marvin
Okuonghae,sacess_dhc,10,374.266944371317,marvin
Okuonghae,sacess_ipopt,3,373.59330703424814,marvin
Okuonghae,sacess_ipopt,6,373.5987703973189,marvin
Okuonghae,sacess_ipopt,5,373.6242531682518,marvin
Okuonghae,sacess_ipopt,7,373.6051149183938,marvin
Okuonghae,pyswarm,2,437.1042926991571,marvin
Okuonghae,sacess_ipopt,2,373.6089150036781,marvin
Okuonghae,sacess_dhc,7,374.3440364741454,marvin
Okuonghae,pyswarm,4,434.0433873117577,marvin
Okuonghae,sacess_ipopt,10,373.5936243239924,marvin
Okuonghae,sacess_ipopt,8,373.5940818876591,marvin
Okuonghae,pyswarm,3,433.03310952765173,marvin
Okuonghae,sacess_ipopt,1,373.613179696666,marvin
Okuonghae,sacess_ipopt,9,373.61155557325304,marvin
Okuonghae,pyswarm,9,442.57583575464713,marvin
Okuonghae,pyswarm,7,427.8624541435173,marvin
Okuonghae,sacess_ipopt,4,373.58827479453976,marvin
Okuonghae,pyswarm,6,419.7461842354668,marvin
Okuonghae,dogleg,5,588.7823168663944,marvin
Okuonghae,trust-ncg,4,374.536090701517,marvin
Okuonghae,trust-ncg,1,374.35721699757795,marvin
Okuonghae,trust-ncg,7,374.53659114841224,marvin
Okuonghae,trust-ncg,6,375.82867629758476,marvin
Okuonghae,trust-ncg,2,373.9504034848626,marvin
Okuonghae,trust-ncg,3,374.8354983445715,marvin
Okuonghae,trust-ncg,5,374.9282938641726,marvin
Okuonghae,trust-ncg,8,374.53968746487516,marvin
Okuonghae,trust-ncg,10,374.38227308853163,marvin
Okuonghae,trust-ncg,9,374.5599011105283,marvin
Okuonghae,trust-krylov,1,373.9190830044212,marvin
Okuonghae,trust-krylov,9,373.9409708866606,marvin
Okuonghae,trust-krylov,4,374.03762136214954,marvin
Okuonghae,trust-krylov,2,374.0257969602637,marvin
Okuonghae,trust-krylov,7,374.00246908365574,marvin
Okuonghae,trust-krylov,6,373.9698782570442,marvin
Okuonghae,trust-krylov,10,373.7814033349818,marvin
Okuonghae,trust-krylov,3,373.88799340522746,marvin
Okuonghae,tnc,8,391.9501858196549,marvin
Okuonghae,tnc,4,412.2345001186626,marvin
Okuonghae,trust-krylov,5,373.99722884039596,marvin
Okuonghae,tnc,5,415.5420730404243,marvin
Okuonghae,trust-krylov,8,373.93189243824565,marvin
Okuonghae,tnc,7,403.4153724525521,marvin
Okuonghae,tnc,6,412.61144023411606,marvin
Okuonghae,tnc,10,398.4877927499489,marvin
Okuonghae,tnc,1,386.79907596329207,marvin
Okuonghae,tnc,3,401.70182060041793,marvin
Okuonghae,tnc,9,403.1739293347487,marvin
Okuonghae,tnc,2,401.4116231802701,marvin
Oliveira,L-BFGS-B,1,7905.936116125637,marvin
Oliveira,cmaes,1,7905.015235348214,marvin
Oliveira,COBYLA,2,8388.912412058866,marvin
Oliveira,cmaes,5,7905.067042720439,marvin
Oliveira,cmaes,4,7905.072401351208,marvin
Oliveira,cmaes,2,7904.955917961856,marvin
Oliveira,cmaes,10,7904.9742424545675,marvin
Oliveira,L-BFGS-B,2,7906.6063788789015,marvin
Oliveira,cmaes,6,7904.93431737276,marvin
Oliveira,COBYLA,8,8832.305738794963,marvin
Oliveira,L-BFGS-B,3,7907.324135212027,marvin
Oliveira,L-BFGS-B,4,7907.61084911252,marvin
Oliveira,cmaes,8,7904.9892842487,marvin
Oliveira,cmaes,7,7904.980814060964,marvin
Oliveira,L-BFGS-B,6,7906.320245119678,marvin
Oliveira,cmaes,9,7905.020753737359,marvin
Oliveira,L-BFGS-B,9,7905.608575120727,marvin
Oliveira,cmaes,3,7905.043568595294,marvin
Oliveira,COBYLA,3,9136.12087214593,marvin
Oliveira,Nelder-Mead,4,7906.357080063519,marvin
Oliveira,L-BFGS-B,8,7906.529849986637,marvin
Oliveira,L-BFGS-B,10,7905.818188908174,marvin
Oliveira,COBYLA,6,8172.6869468167815,marvin
Oliveira,COBYLA,4,8322.64015227959,marvin
Oliveira,Nelder-Mead,2,7906.34353276129,marvin
Oliveira,COBYLA,9,8744.084430111692,marvin
Oliveira,Nelder-Mead,3,7906.822097331187,marvin
Oliveira,L-BFGS-B,5,7906.0384924107575,marvin
Oliveira,L-BFGS-B,7,7906.735671273835,marvin
Oliveira,Nelder-Mead,9,7906.885981404166,marvin
Oliveira,Nelder-Mead,10,7908.0008395482355,marvin
Oliveira,BFGS,10,8969.437305910626,marvin
Oliveira,ipopt,3,7928.657583218925,marvin
Oliveira,Nelder-Mead,5,7907.853590512965,marvin
Oliveira,COBYLA,7,8042.09296483923,marvin
Oliveira,ipopt,4,7931.485953131283,marvin
Oliveira,ipopt,2,7920.875279007845,marvin
Oliveira,ipopt,7,7910.488892386707,marvin
Oliveira,COBYLA,1,8696.17835680058,marvin
Oliveira,ipopt,1,7908.058659912209,marvin
Oliveira,ipopt,5,7906.418782864102,marvin
Oliveira,ipopt,8,7912.825596888682,marvin
Oliveira,ipopt,6,7915.609819113425,marvin
Oliveira,COBYLA,10,8567.671871844734,marvin
Oliveira,Nelder-Mead,6,7906.895066895385,marvin
Oliveira,Nelder-Mead,7,7905.830359386795,marvin
Oliveira,ipopt,10,7910.429343268847,marvin
Oliveira,ipopt,9,7909.722320079829,marvin
Oliveira,Nelder-Mead,1,7906.861531039528,marvin
Oliveira,fides,6,7905.701210602499,marvin
Oliveira,fides,1,7905.6301333151005,marvin
Oliveira,Nelder-Mead,8,7907.144966232218,marvin
Oliveira,fides,2,7905.427409851445,marvin
Oliveira,fides,7,7905.547761614778,marvin
Oliveira,newton-cg,1,11410.095244246915,marvin
Oliveira,BFGS,3,8989.11969111472,marvin
Oliveira,newton-cg,3,20678.34424872862,marvin
Oliveira,newton-cg,8,10261.702691532639,marvin
Oliveira,newton-cg,2,13445.107900562154,marvin
Oliveira,cg,1,7951.440537722157,marvin
Oliveira,fides,5,7905.111721472026,marvin
Oliveira,newton-cg,4,16514.736590522116,marvin
Oliveira,fides,3,7905.231181946078,marvin
Oliveira,newton-cg,5,12353.405543625759,marvin
Oliveira,cg,3,7924.51221171161,marvin
Oliveira,fides,10,7905.638036268454,marvin
Oliveira,BFGS,7,10288.261317513932,marvin
Oliveira,fides,9,7905.265475871525,marvin
Oliveira,newton-cg,10,9749.742554419254,marvin
Oliveira,cg,8,7987.066573442979,marvin
Oliveira,fides,4,7905.560320532025,marvin
Oliveira,BFGS,8,8170.856163074293,marvin
Oliveira,newton-cg,6,10599.05129161615,marvin
Oliveira,cg,4,7924.762218143114,marvin
Oliveira,BFGS,9,10037.568928186562,marvin
Oliveira,cg,6,7933.671809326438,marvin
Oliveira,BFGS,1,9073.11367152405,marvin
Oliveira,BFGS,4,9208.649061222046,marvin
Oliveira,BFGS,5,8675.555824516045,marvin
Oliveira,newton-cg,7,10738.794650528167,marvin
Oliveira,fides,8,7905.582394476438,marvin
Oliveira,BFGS,6,10864.562858678877,marvin
Oliveira,cg,5,7950.408383782002,marvin
Oliveira,newton-cg,9,10509.480713434712,marvin
Oliveira,BFGS,2,7991.663588048306,marvin
Oliveira,COBYLA,5,9143.492921498997,marvin
Oliveira,cg,9,7935.534427567118,marvin
Oliveira,cg,2,8189.849271149289,marvin
Oliveira,cg,7,7951.76902646878,marvin
Oliveira,cg,10,8055.919091321909,marvin
Oliveira,SLSQP,7,8807.00256736817,marvin
Oliveira,nlopt_11,1,7906.133307244232,marvin
Oliveira,SLSQP,5,8961.137614586345,marvin
Oliveira,nlopt_11,9,7905.485795997649,marvin
Oliveira,nlopt_11,3,7905.701147144976,marvin
Oliveira,nlopt_11,4,7905.613639869676,marvin
Oliveira,nlopt_11,5,7906.403296822277,marvin
Oliveira,nlopt_11,6,7906.21253415875,marvin
Oliveira,nlopt_11,8,7906.34745538084,marvin
Oliveira,SLSQP,2,11158.103410424743,marvin
Oliveira,SLSQP,10,9137.483542544142,marvin
Oliveira,nlopt_13,2,7906.61291765337,marvin
Oliveira,nlopt_11,7,7906.7510326682095,marvin
Oliveira,nlopt_11,2,7906.050615468217,marvin
Oliveira,nlopt_16,3,7906.854694956126,marvin
Oliveira,nlopt_13,3,7906.533762274559,marvin
Oliveira,nlopt_12,7,7911.124871908045,marvin
Oliveira,nlopt_13,1,7905.8737044533855,marvin
Oliveira,nlopt_11,10,7906.170142468046,marvin
Oliveira,nlopt_12,1,7915.880070800806,marvin
Oliveira,nlopt_13,10,7906.278493009812,marvin
Oliveira,nlopt_16,2,7917.520835448213,marvin
Oliveira,SLSQP,3,21733.958808819236,marvin
Oliveira,nlopt_15,6,7973.289122447478,marvin
Oliveira,nlopt_16,1,7909.481165199918,marvin
Oliveira,nlopt_12,3,7909.071775258544,marvin
Oliveira,SLSQP,1,9014.290387944731,marvin
Oliveira,nlopt_16,7,7910.910407575008,marvin
Oliveira,nlopt_15,2,7959.764947281734,marvin
Oliveira,SLSQP,4,16623.222998073208,marvin
Oliveira,nlopt_14,2,7906.213865609638,marvin
Oliveira,nlopt_15,3,8095.283137538399,marvin
Oliveira,nlopt_12,2,7924.080276407469,marvin
Oliveira,nlopt_12,9,7943.669995708434,marvin
Oliveira,SLSQP,6,23808.70389189355,marvin
Oliveira,nlopt_15,1,7955.530651117182,marvin
Oliveira,nlopt_15,7,8027.195339770832,marvin
Oliveira,nlopt_15,10,7974.661469143684,marvin
Oliveira,nlopt_15,5,8003.35381127021,marvin
Oliveira,nlopt_15,8,8002.779639766527,marvin
Oliveira,nlopt_13,8,7906.461640822918,marvin
Oliveira,nlopt_16,4,7908.825241190431,marvin
Oliveira,nlopt_15,9,8121.104906961207,marvin
Oliveira,nlopt_14,8,7906.414414053376,marvin
Oliveira,nlopt_18,1,7911.824584055452,marvin
Oliveira,nlopt_13,5,7906.56447348368,marvin
Oliveira,nlopt_13,7,7906.590242032644,marvin
Oliveira,nlopt_18,7,7908.0309689303795,marvin
Oliveira,nlopt_16,5,7916.132470595957,marvin
Oliveira,nlopt_16,6,7920.30372549798,marvin
Oliveira,nlopt_18,5,7908.09752258416,marvin
Oliveira,dogleg,7,65319.21286114202,marvin
Oliveira,nlopt_18,4,7907.530915594114,marvin
Oliveira,nlopt_18,2,7908.492927173067,marvin
Oliveira,nlopt_16,10,7917.26836485949,marvin
Oliveira,nlopt_16,8,7917.372616168572,marvin
Oliveira,nlopt_15,4,7945.51846939286,marvin
Oliveira,nlopt_18,10,7913.5825764897645,marvin
Oliveira,nlopt_18,9,7909.7171265986935,marvin
Oliveira,nlopt_13,6,7906.260993690246,marvin
Oliveira,nlopt_13,4,7906.251213217723,marvin
Oliveira,nlopt_14,4,7906.384476229051,marvin
Oliveira,nlopt_18,8,7911.82744970109,marvin
Oliveira,nlopt_14,1,7906.2515608098565,marvin
Oliveira,nlopt_18,3,7911.585883444952,marvin
Oliveira,nlopt_12,4,7915.112966998742,marvin
Oliveira,nlopt_14,3,7906.650821974668,marvin
Oliveira,nlopt_12,8,7905.769071233707,marvin
Oliveira,nlopt_16,9,7913.832091667929,marvin
Oliveira,nlopt_12,5,7909.636088274332,marvin
Oliveira,nlopt_18,6,7908.884735656724,marvin
Oliveira,nlopt_13,9,7906.281518987032,marvin
Oliveira,nlopt_12,6,7968.7637977784,marvin
Oliveira,nlopt_14,5,7907.207525589222,marvin
Oliveira,nlopt_14,7,7905.819924757257,marvin
Oliveira,nlopt_14,9,7906.325654633643,marvin
Oliveira,nlopt_21,2,7909.5084347013335,marvin
Oliveira,dogleg,5,76041.02057181123,marvin
Oliveira,dogleg,6,45263.073014241694,marvin
Oliveira,nlopt_14,6,7906.930303734836,marvin
Oliveira,dogleg,3,40447.53724282415,marvin
Oliveira,nlopt_12,10,7912.060952638591,marvin
Oliveira,nlopt_14,10,7906.050043440203,marvin
Oliveira,nlopt_21,1,7908.83147916451,marvin
Oliveira,dogleg,8,50159.34281518729,marvin
Oliveira,dogleg,10,46642.20611222524,marvin
Oliveira,nlopt_21,6,7908.402766889435,marvin
Oliveira,dogleg,4,41541.512473845585,marvin
Oliveira,nlopt_21,4,7908.523248658967,marvin
Oliveira,nlopt_21,3,7909.358980649484,marvin
Oliveira,nlopt_21,10,7908.49526336403,marvin
Oliveira,nlopt_21,8,7909.6507600865625,marvin
Oliveira,SLSQP,9,20807.866166658674,marvin
Oliveira,nlopt_21,7,7907.88999249647,marvin
Oliveira,nlopt_23,3,7910.537875896857,marvin
Oliveira,nlopt_23,2,7912.100628774187,marvin
Oliveira,SLSQP,8,17062.726227552117,marvin
Oliveira,nlopt_21,5,7909.433158827765,marvin
Oliveira,nlopt_23,1,7913.53678990868,marvin
Oliveira,nlopt_23,5,7910.461615545286,marvin
Oliveira,nlopt_21,9,7907.993019375071,marvin
Oliveira,nlopt_26,9,8713.534823718637,marvin
Oliveira,nlopt_26,8,7934.267129293415,marvin
Oliveira,nlopt_23,4,7908.677029424105,marvin
Oliveira,dogleg,1,68248.30078463063,marvin
Oliveira,dogleg,2,44003.43508131965,marvin
Oliveira,nlopt_26,1,8360.614673109896,marvin
Oliveira,nlopt_26,3,7925.774427389147,marvin
Oliveira,nlopt_29,3,7906.304153362669,marvin
Oliveira,nlopt_26,6,7932.453320300576,marvin
Oliveira,nlopt_26,7,8273.748782729634,marvin
Oliveira,nlopt_26,10,8707.8612523724,marvin
Oliveira,nlopt_29,2,7906.284860552212,marvin
Oliveira,nlopt_29,6,7906.682813262739,marvin
Oliveira,nlopt_28,8,7905.682578785108,marvin
Oliveira,nlopt_26,5,8709.506416171793,marvin
Oliveira,nlopt_29,7,7906.29938093799,marvin
Oliveira,nlopt_29,8,7906.308967547729,marvin
Oliveira,nlopt_26,4,7972.169747049559,marvin
Oliveira,nlopt_23,9,7908.081778611428,marvin
Oliveira,nlopt_23,10,7915.836877545116,marvin
Oliveira,nlopt_29,5,7906.780329437277,marvin
Oliveira,nlopt_34,1,7918.026791914733,marvin
Oliveira,nlopt_28,1,7904.987909357108,marvin
Oliveira,nlopt_29,10,7907.669188608519,marvin
Oliveira,nlopt_23,7,7910.43285501792,marvin
Oliveira,nlopt_23,6,7911.908582131444,marvin
Oliveira,nlopt_29,1,7906.266387638254,marvin
Oliveira,nlopt_26,2,7926.413599786188,marvin
Oliveira,nlopt_23,8,7920.0127418218935,marvin
Oliveira,nlopt_34,6,7920.467647612506,marvin
Oliveira,nlopt_34,9,7913.616956796421,marvin
Oliveira,nlopt_29,9,7907.23290638599,marvin
Oliveira,nlopt_28,9,7906.016235138935,marvin
Oliveira,nlopt_34,8,7917.577760871913,marvin
Oliveira,nlopt_28,7,7905.913864052752,marvin
Oliveira,pysacess,1,7909.383261316568,marvin
Oliveira,nlopt_34,7,7912.519658985585,marvin
Oliveira,nlopt_34,4,7911.628646446423,marvin
Oliveira,dogleg,9,88506.06177338099,marvin
Oliveira,nlopt_34,2,7922.761285232248,marvin
Oliveira,pysacess,2,7909.802194539721,marvin
Oliveira,nlopt_29,4,7906.263215911324,marvin
Oliveira,nlopt_28,5,7905.845653099649,marvin
Oliveira,nlopt_28,3,7905.102594572301,marvin
Oliveira,pysacess,3,7908.768668193587,marvin
Oliveira,pysacess,4,7909.553091461243,marvin
Oliveira,pysacess,5,7909.132286976156,marvin
Oliveira,nlopt_34,10,7922.159716533748,marvin
Oliveira,pysacess,6,7909.914090036948,marvin
Oliveira,nlopt_28,2,7905.003591667214,marvin
Oliveira,nlopt_34,5,7911.870266178875,marvin
Oliveira,pysacess,7,7908.622990762642,marvin
Oliveira,pysacess_cmaes,1,7905.16997582973,marvin
Oliveira,pysacess,8,7912.632968513734,marvin
Oliveira,pysacess,10,7915.095816939012,marvin
Oliveira,nlopt_34,3,7910.8817982706105,marvin
Oliveira,nlopt_28,6,7905.29087614042,marvin
Oliveira,pysacess,9,7909.418353186113,marvin
Oliveira,pysacess_cmaes,2,7905.394101812076,marvin
Oliveira,pysacess_cmaes,4,7905.395358481004,marvin
Oliveira,pysacess_cmaes,6,7905.188339375837,marvin
Oliveira,nlopt_37,2,7906.2253569946715,marvin
Oliveira,nlopt_28,4,7905.643123670908,marvin
Oliveira,pysacess_cmaes,5,7904.983162063832,marvin
Oliveira,pysacess_cmaes,3,7905.18246156023,marvin
Oliveira,nlopt_28,10,7905.526219155884,marvin
Oliveira,pysacess_fides,1,7905.893266659221,marvin
Oliveira,pysacess_cmaes,8,7905.288332495255,marvin
Oliveira,pysacess_cmaes,7,7905.185069515554,marvin
Oliveira,pysacess_cmaes,10,7904.958254335936,marvin
Oliveira,nlopt_36,9,7905.21975475065,marvin
Oliveira,nlopt_36,1,7905.53246626122,marvin
Oliveira,pysacess_fides,3,7906.097128861118,marvin
Oliveira,nlopt_36,4,7906.290211065895,marvin
Oliveira,pysacess_cmaes,9,7905.063717928576,marvin
Oliveira,pysacess_fides,2,7908.177194678097,marvin
Oliveira,nlopt_37,1,7906.701801930099,marvin
Oliveira,nlopt_36,8,7905.222798256157,marvin
Oliveira,nlopt_36,5,7906.041152119912,marvin
Oliveira,nlopt_36,3,7905.889271045317,marvin
Oliveira,pysacess_fides,9,7907.191679139365,marvin
Oliveira,nlopt_39,1,7908.5961934009165,marvin
Oliveira,pysacess_fides,4,7905.572353878185,marvin
Oliveira,pysacess_fides,5,7907.241747809105,marvin
Oliveira,pysacess_fides,10,7906.710800598278,marvin
Oliveira,pysacess_fides,6,7906.461986248595,marvin
Oliveira,pysacess_ipopt,2,7908.775924359438,marvin
Oliveira,pysacess_fides,7,7907.137904367845,marvin
Oliveira,nlopt_36,2,7906.417300548409,marvin
Oliveira,nlopt_39,3,7908.786842113494,marvin
Oliveira,pysacess_ipopt,1,7908.977020245243,marvin
Oliveira,nlopt_37,8,7905.585783759145,marvin
Oliveira,pysacess_ipopt,3,7910.547307457722,marvin
Oliveira,nlopt_37,5,7906.395683966506,marvin
Oliveira,pysacess_ipopt,6,7908.84525072221,marvin
Oliveira,nlopt_39,9,7922.55776994547,marvin
Oliveira,pysacess_fides,8,7906.506708539549,marvin
Oliveira,pysacess_ipopt,5,7910.650598047057,marvin
Oliveira,nlopt_36,6,7906.2458917947715,marvin
Oliveira,nlopt_36,7,7906.027965211979,marvin
Oliveira,pysacess_ipopt,4,7910.957242676392,marvin
Oliveira,nlopt_37,3,7906.264661009815,marvin
Oliveira,nlopt_37,7,7906.130874996021,marvin
Oliveira,pysacess_ipopt,7,7910.045903133672,marvin
Oliveira,nlopt_39,6,7915.1316817816105,marvin
Oliveira,pysacess_ipopt,9,7908.594922917924,marvin
Oliveira,pysacess_ipopt,10,7909.003403359779,marvin
Oliveira,nlopt_39,8,7913.050728190256,marvin
Oliveira,pysacess_ipopt,8,7909.080099284036,marvin
Oliveira,nlopt_37,9,7906.434521684276,marvin
Oliveira,nlopt_37,6,7906.254280868587,marvin
Oliveira,nlopt_39,5,7920.979357464981,marvin
Oliveira,nlopt_39,7,7908.8796635516055,marvin
Oliveira,nlopt_36,10,7905.185995995466,marvin
Oliveira,nlopt_39,4,7910.861769361032,marvin
Oliveira,nlopt_39,10,7910.062741467535,marvin
Oliveira,nlopt_37,4,7905.8386652162835,marvin
Oliveira,nlopt_39,2,7923.192221629525,marvin
Oliveira,sacess,1,7908.172473048835,marvin
Oliveira,nlopt_37,10,7905.969335923218,marvin
Oliveira,sacess,3,7906.145174971565,marvin
Oliveira,sacess,2,7906.079892026951,marvin
Oliveira,sacess,6,7907.106222541191,marvin
Oliveira,sacess,4,7907.885500531933,marvin
Oliveira,sacess,5,7906.465204932186,marvin
Oliveira,sacess,9,7906.351587834787,marvin
Oliveira,sacess,7,7907.874880705459,marvin
Oliveira,sacess,8,7905.956797067132,marvin
Oliveira,sacess_dhc,10,7906.183337525573,marvin
Oliveira,sacess_dhc,6,7906.297175917903,marvin
Oliveira,pyswarm,1,8798.011183051754,marvin
Oliveira,sacess_ipopt,2,7907.0026449757215,marvin
Oliveira,pyswarm,7,8556.424693377321,marvin
Oliveira,sacess_ipopt,4,7905.711767485111,marvin
Oliveira,pyswarm,4,8390.477415283203,marvin
Oliveira,sacess_dhc,2,7906.0076504579165,marvin
Oliveira,sacess_dhc,5,7905.905380742771,marvin
Oliveira,sacess_dhc,8,7905.937207396976,marvin
Oliveira,sacess_ipopt,8,7906.07624293289,marvin
Oliveira,sacess_dhc,1,7905.064462080734,marvin
Oliveira,sacess_ipopt,5,7906.217913237538,marvin
Oliveira,sacess_dhc,3,7906.268768721917,marvin
Oliveira,sacess,10,7908.047211405805,marvin
Oliveira,sacess_dhc,9,7905.969832642641,marvin
Oliveira,sacess_dhc,7,7905.067343986454,marvin
Oliveira,sacess_ipopt,1,7905.632755711293,marvin
Oliveira,sacess_ipopt,3,7905.862691244403,marvin
Oliveira,sacess_dhc,4,7906.25956201097,marvin
Oliveira,pyswarm,2,8347.865975331944,marvin
Oliveira,sacess_ipopt,6,7906.246747162839,marvin
Oliveira,pyswarm,8,8821.612357293281,marvin
Oliveira,sacess_ipopt,7,7906.22961400067,marvin
Oliveira,pyswarm,3,8412.916214296309,marvin
Oliveira,sacess_ipopt,9,7906.108834542728,marvin
Oliveira,pyswarm,9,8926.032231131554,marvin
Oliveira,pyswarm,6,8316.456368071276,marvin
Oliveira,pyswarm,5,8211.57915729373,marvin
Oliveira,sacess_ipopt,10,7906.336799334352,marvin
Oliveira,pyswarm,10,8423.614196573299,marvin
Oliveira,tnc,4,8603.568341032335,marvin
Oliveira,tnc,9,8275.607658386545,marvin
Oliveira,tnc,2,8435.654284413673,marvin
Oliveira,tnc,8,8006.580596319158,marvin
Oliveira,tnc,5,8172.3107930493425,marvin
Oliveira,tnc,6,8186.77784987881,marvin
Oliveira,tnc,7,8494.459368040902,marvin
Oliveira,tnc,1,8321.33823864377,marvin
Oliveira,tnc,10,8144.945629031836,marvin
Oliveira,tnc,3,8037.47870678943,marvin
Oliveira,trust-krylov,6,9830.543960184154,marvin
Perelson,COBYLA,5,222.28076925548987,marvin
Oliveira,trust-ncg,8,10483.758340805154,marvin
Oliveira,trust-krylov,10,10865.156012414865,marvin
Oliveira,trust-krylov,8,10826.676316298244,marvin
Oliveira,trust-krylov,2,12067.35238689138,marvin
Perelson,cmaes,3,222.28076900281764,marvin
Oliveira,trust-krylov,1,11058.505294830084,marvin
Perelson,BFGS,8,222.28076901230162,marvin
Oliveira,trust-ncg,2,10957.054951107677,marvin
Oliveira,trust-ncg,5,9797.418645952233,marvin
Perelson,cmaes,2,222.28076896520213,marvin
Perelson,cmaes,6,222.2807689616081,marvin
Perelson,BFGS,6,222.28076888471233,marvin
Perelson,cmaes,7,222.28076893023254,marvin
Perelson,COBYLA,2,222.28076923406934,marvin
Perelson,BFGS,1,222.28076906699928,marvin
Oliveira,trust-ncg,9,10402.326239005855,marvin
Perelson,COBYLA,3,222.2807692466679,marvin
Perelson,BFGS,10,222.28076906747435,marvin
Oliveira,trust-ncg,7,10194.337470422812,marvin
Oliveira,trust-krylov,4,10338.109032269937,marvin
Perelson,BFGS,3,222.28076895755913,marvin
Perelson,cmaes,1,222.28076886967355,marvin
Perelson,COBYLA,6,222.28076922899032,marvin
Perelson,cmaes,9,222.2807689478114,marvin
Perelson,L-BFGS-B,7,222.28076907154357,marvin
Perelson,COBYLA,9,222.2807692869219,marvin
Oliveira,trust-krylov,7,11106.520047781212,marvin
Perelson,cmaes,5,222.28076902845197,marvin
Oliveira,trust-krylov,5,10306.68060254885,marvin
Perelson,L-BFGS-B,3,222.28076909195948,marvin
Oliveira,trust-ncg,3,11113.504511809799,marvin
Oliveira,trust-ncg,1,10809.485748805228,marvin
Perelson,BFGS,4,222.28076895161564,marvin
Oliveira,trust-ncg,10,9911.423195453126,marvin
Perelson,cmaes,10,222.28076894877253,marvin
Oliveira,trust-krylov,9,10336.392408671909,marvin
Perelson,cmaes,4,222.2807689335639,marvin
Perelson,COBYLA,1,222.28076924831893,marvin
Perelson,cmaes,8,222.2807689612009,marvin
Oliveira,trust-ncg,6,10495.516345498161,marvin
Perelson,BFGS,2,222.28076905546567,marvin
Perelson,L-BFGS-B,4,222.2807690919977,marvin
Perelson,COBYLA,7,222.28076924779864,marvin
Oliveira,trust-krylov,3,11228.187117024023,marvin
Perelson,BFGS,9,222.28076903581132,marvin
Perelson,BFGS,7,222.28076904114639,marvin
Perelson,COBYLA,8,222.28076924898969,marvin
Oliveira,trust-ncg,4,9757.788286614083,marvin
Perelson,ipopt,2,222.28076902668823,marvin
Perelson,ipopt,1,222.28076901852256,marvin
Perelson,ipopt,6,222.28076904058324,marvin
Perelson,ipopt,5,222.28076903056618,marvin
Perelson,BFGS,5,222.28076906233238,marvin
Perelson,L-BFGS-B,8,222.28076901165753,marvin
Perelson,ipopt,3,222.28076905868278,marvin
Perelson,ipopt,4,222.28076900940326,marvin
Perelson,ipopt,9,222.28076903149113,marvin
Perelson,Nelder-Mead,3,222.2807691798984,marvin
Perelson,Nelder-Mead,1,222.2807691871224,marvin
Perelson,ipopt,7,222.2807690272402,marvin
Perelson,ipopt,8,222.28076908157163,marvin
Perelson,L-BFGS-B,1,222.28076904195356,marvin
Perelson,ipopt,10,222.28076905662377,marvin
Perelson,SLSQP,4,222.2807691318479,marvin
Perelson,Nelder-Mead,7,222.28076918629034,marvin
Perelson,COBYLA,10,222.28076924452793,marvin
Perelson,L-BFGS-B,2,222.28076912248036,marvin
Perelson,Nelder-Mead,10,222.28076918618763,marvin
Perelson,Nelder-Mead,9,222.28076921847295,marvin
Perelson,L-BFGS-B,9,222.2807691304369,marvin
Perelson,SLSQP,2,222.28076917115845,marvin
Perelson,SLSQP,9,222.28076908842166,marvin
Perelson,Nelder-Mead,8,222.28076922034882,marvin
Perelson,Nelder-Mead,4,222.2807692138448,marvin
Perelson,COBYLA,4,222.28076924594717,marvin
Perelson,L-BFGS-B,5,222.28076909409444,marvin
Perelson,SLSQP,6,222.28076914045263,marvin
Perelson,cg,7,222.2807689652442,marvin
Perelson,SLSQP,7,222.280769033026,marvin
Perelson,L-BFGS-B,6,222.28076905345648,marvin
Perelson,Nelder-Mead,6,222.28076922654563,marvin
Perelson,SLSQP,3,222.28076908501927,marvin
Perelson,Nelder-Mead,2,222.28076920806598,marvin
Perelson,SLSQP,10,222.28076912446227,marvin
Perelson,cg,9,222.28076902713636,marvin
Perelson,cg,6,222.28076905497508,marvin
Perelson,cg,10,222.2807690989936,marvin
Perelson,nlopt_15,2,222.28076940821555,marvin
Perelson,L-BFGS-B,10,222.28076898430658,marvin
Perelson,nlopt_15,3,222.2807694118623,marvin
Perelson,SLSQP,8,222.28076914958075,marvin
Perelson,cg,5,222.2807690245539,marvin
Perelson,cg,2,222.28076902612506,marvin
Perelson,cg,8,222.2807690484711,marvin
Perelson,cg,1,222.28076902892133,marvin
Perelson,nlopt_15,4,222.28076941895748,marvin
Perelson,Nelder-Mead,5,222.28076917387867,marvin
Perelson,dogleg,1,222.2807690259842,marvin
Perelson,dogleg,5,222.2807689724851,marvin
Perelson,dogleg,7,222.2807690692244,marvin
Perelson,dogleg,2,222.2807689444154,marvin
Perelson,SLSQP,5,222.28076914497817,marvin
Perelson,nlopt_15,5,222.28076942298978,marvin
Perelson,nlopt_15,1,222.28076940279112,marvin
Perelson,nlopt_15,6,222.28076939554677,marvin
Perelson,cg,3,222.28076907601064,marvin
Perelson,nlopt_15,7,222.28076940050622,marvin
Perelson,nlopt_16,2,222.28076940901425,marvin
Perelson,nlopt_15,10,222.28076941796692,marvin
Perelson,cg,4,222.28076908870858,marvin
Perelson,nlopt_16,1,222.28076943264756,marvin
Perelson,nlopt_16,3,222.28076941559283,marvin
Perelson,nlopt_16,5,222.28076942529026,marvin
Perelson,nlopt_16,4,222.2807693822524,marvin
Perelson,nlopt_18,6,222.28076942945964,marvin
Perelson,nlopt_15,9,222.2807694299398,marvin
Perelson,nlopt_15,8,222.28076940842166,marvin
Perelson,nlopt_12,7,222.28076896679198,marvin
Perelson,nlopt_16,9,222.2807694057446,marvin
Perelson,nlopt_16,7,222.28076941984347,marvin
Perelson,nlopt_16,6,222.28076940946414,marvin
Perelson,dogleg,8,222.28076905806017,marvin
Perelson,nlopt_11,2,222.2807693958264,marvin
Perelson,nlopt_16,8,222.28076942560722,marvin
Perelson,fides,9,222.28076940663718,marvin
Perelson,nlopt_18,9,222.28076942640084,marvin
Perelson,dogleg,6,222.28076903269593,marvin
Perelson,fides,5,222.28076940104697,marvin
Perelson,newton-cg,4,222.28076909735287,marvin
Perelson,dogleg,9,222.28076903767067,marvin
Perelson,fides,2,222.28076943145322,marvin
Perelson,fides,6,222.28076943063962,marvin
Perelson,dogleg,4,222.28076904369627,marvin
Perelson,SLSQP,1,222.2807691444247,marvin
Perelson,newton-cg,9,222.28076907156986,marvin
Perelson,fides,7,222.2807694249619,marvin
Perelson,nlopt_18,4,222.28076943354722,marvin
Perelson,nlopt_16,10,222.2807694276894,marvin
Perelson,nlopt_18,2,222.28076941048403,marvin
Perelson,nlopt_18,3,222.28076942401694,marvin
Perelson,nlopt_18,1,222.28076940887036,marvin
Perelson,nlopt_12,2,222.2807689409305,marvin
Perelson,newton-cg,8,222.2807690434643,marvin
Perelson,newton-cg,5,222.28076905047863,marvin
Perelson,nlopt_12,3,222.28076902397038,marvin
Perelson,fides,8,222.28076941091095,marvin
Perelson,nlopt_11,4,222.28076938665941,marvin
Perelson,dogleg,3,222.28076905854724,marvin
Perelson,nlopt_18,5,222.28076941971335,marvin
Perelson,nlopt_18,8,222.28076943134647,marvin
Perelson,fides,3,222.2807694324508,marvin
Perelson,nlopt_11,9,222.2807693894094,marvin
Perelson,nlopt_18,10,222.28076940605132,marvin
Perelson,nlopt_18,7,222.28076940197448,marvin
Perelson,fides,4,222.28076942314578,marvin
Perelson,nlopt_11,6,222.28076940076656,marvin
Perelson,nlopt_13,4,222.28076937156288,marvin
Perelson,fides,1,222.28076940656933,marvin
Perelson,nlopt_13,6,222.2807693794431,marvin
Perelson,nlopt_11,10,222.28076939863325,marvin
Perelson,newton-cg,1,222.28076906836912,marvin
Perelson,nlopt_12,5,222.2807690121283,marvin
Perelson,nlopt_11,5,222.2807693348866,marvin
Perelson,nlopt_12,1,222.28076898324116,marvin
Perelson,dogleg,10,222.2807690274424,marvin
Perelson,nlopt_13,3,222.28076936032457,marvin
Perelson,nlopt_14,10,222.28076939732813,marvin
Perelson,nlopt_13,5,222.28076938197037,marvin
Perelson,nlopt_11,3,222.28076938175937,marvin
Perelson,newton-cg,7,222.28076908605377,marvin
Perelson,nlopt_12,6,222.28076899902373,marvin
Perelson,newton-cg,2,222.28076904815856,marvin
Perelson,nlopt_14,2,222.28076939529535,marvin
Perelson,nlopt_11,8,222.2807693885196,marvin
Perelson,fides,10,222.28076940753144,marvin
Perelson,nlopt_11,1,222.2807693781727,marvin
Perelson,nlopt_13,7,222.28076937904905,marvin
Perelson,nlopt_12,9,222.28076903068427,marvin
Perelson,nlopt_34,2,222.28076913424658,marvin
Perelson,newton-cg,6,222.28076908635893,marvin
Perelson,nlopt_12,8,222.28076901945633,marvin
Perelson,nlopt_14,4,222.28076937880138,marvin
Perelson,newton-cg,10,222.28076905914233,marvin
Perelson,nlopt_34,4,222.2807690975758,marvin
Perelson,nlopt_12,4,222.2807689660793,marvin
Perelson,nlopt_34,9,222.28076908405475,marvin
Perelson,nlopt_11,7,222.28076937220342,marvin
Perelson,nlopt_14,3,222.2807693918523,marvin
Perelson,nlopt_34,6,222.28076910966985,marvin
Perelson,nlopt_34,1,222.2807691373202,marvin
Perelson,nlopt_13,1,222.2807693822451,marvin
Perelson,nlopt_13,2,222.28076940461693,marvin
Perelson,nlopt_34,8,222.2807690922424,marvin
Perelson,nlopt_34,10,222.28076911310953,marvin
Perelson,nlopt_34,7,222.28076913872476,marvin
Perelson,pysacess,1,222.2807699707003,marvin
Perelson,nlopt_34,5,222.2807691188026,marvin
Perelson,nlopt_34,3,222.28076911520873,marvin
Perelson,pysacess,5,222.2807718667095,marvin
Perelson,pysacess,3,222.2807698127666,marvin
Perelson,nlopt_13,8,222.28076935894399,marvin
Perelson,pysacess,4,222.28076989176148,marvin
Perelson,nlopt_14,7,222.28076940207453,marvin
Perelson,newton-cg,3,222.28076903241737,marvin
Perelson,nlopt_13,9,222.28076938447688,marvin
Perelson,pysacess,8,222.28077187465556,marvin
Perelson,pysacess,6,222.28076971396825,marvin
Perelson,pysacess,7,222.28076939363376,marvin
Perelson,pysacess,2,222.2807722200392,marvin
Perelson,pysacess,9,222.28077003413304,marvin
Perelson,pysacess_cmaes,5,222.28076905044776,marvin
Perelson,nlopt_14,5,222.28076938023491,marvin
Perelson,pysacess_cmaes,6,222.2807690539898,marvin
Perelson,pysacess_cmaes,3,222.28076903716354,marvin
Perelson,nlopt_14,8,222.2807693788718,marvin
Perelson,pysacess_cmaes,4,222.28076908644655,marvin
Perelson,pysacess_cmaes,2,222.28076907508645,marvin
Perelson,pysacess_cmaes,7,222.2807690056321,marvin
Perelson,nlopt_14,9,222.2807693889499,marvin
Perelson,pysacess_cmaes,10,222.28076908102165,marvin
Perelson,pysacess_cmaes,1,222.28076902655144,marvin
Perelson,pysacess,10,222.28076959699195,marvin
Perelson,nlopt_12,10,222.2807689911313,marvin
Perelson,pysacess_fides,7,222.28076944013904,marvin
Perelson,pysacess_fides,5,222.28076940873387,marvin
Perelson,pysacess_cmaes,9,222.2807690426339,marvin
Perelson,nlopt_26,7,222.2807690526859,marvin
Perelson,pysacess_fides,9,222.28076943574973,marvin
Perelson,pysacess_fides,2,222.2807694340088,marvin
Perelson,nlopt_14,6,222.28076938065576,marvin
Perelson,pysacess_cmaes,8,222.28076910659925,marvin
Perelson,pysacess_fides,4,222.28076942826814,marvin
Perelson,pysacess_fides,10,222.28076940945283,marvin
Perelson,pysacess_ipopt,3,222.28076904607568,marvin
Perelson,pysacess_fides,3,222.2807694029888,marvin
Perelson,pysacess_fides,8,222.28076943193227,marvin
Perelson,pysacess_fides,6,222.28076943581104,marvin
Perelson,pysacess_ipopt,10,222.28076910101882,marvin
Perelson,pysacess_ipopt,6,222.28076904509084,marvin
Perelson,pysacess_ipopt,7,222.28076905882506,marvin
Perelson,pysacess_ipopt,5,222.28076902252107,marvin
Perelson,pysacess_ipopt,8,222.2807690747569,marvin
Perelson,pysacess_fides,1,222.28076943579615,marvin
Perelson,nlopt_13,10,222.2807693856458,marvin
Perelson,pysacess_ipopt,4,222.2807690499719,marvin
Perelson,pysacess_ipopt,2,222.28076901051858,marvin
Perelson,pysacess_ipopt,1,222.28076905925633,marvin
Perelson,pysacess_ipopt,9,222.28076910665231,marvin
Perelson,sacess,3,222.2807702760068,marvin
Perelson,sacess,7,222.28077846012937,marvin
Perelson,sacess,6,222.2807792926324,marvin
Perelson,nlopt_21,6,222.28076937772244,marvin
Perelson,sacess,5,222.28076962749313,marvin
Perelson,sacess,4,222.28077093062663,marvin
Perelson,sacess,2,222.2807724744657,marvin
Perelson,nlopt_14,1,222.28076939745975,marvin
Perelson,sacess,1,222.28076963293367,marvin
Perelson,sacess_dhc,3,222.28076908931612,marvin
Perelson,sacess,10,222.28077088650008,marvin
Perelson,nlopt_23,3,222.280769399634,marvin
Perelson,sacess,8,222.2807747973295,marvin
Perelson,sacess_dhc,1,222.2807690297422,marvin
Perelson,sacess_dhc,6,222.28076910746657,marvin
Perelson,sacess_dhc,2,222.2807691250869,marvin
Perelson,nlopt_21,9,222.28076938659007,marvin
Perelson,nlopt_21,7,222.28076940346168,marvin
Perelson,sacess_dhc,7,222.28076906910735,marvin
Perelson,nlopt_23,6,222.2807694035409,marvin
Perelson,sacess_dhc,9,222.28076902300648,marvin
Perelson,nlopt_28,5,222.28076895862444,marvin
Perelson,sacess_dhc,4,222.28076909552664,marvin
Perelson,nlopt_29,9,222.2807689200032,marvin
Perelson,sacess_ipopt,4,222.28076913002465,marvin
Perelson,sacess_dhc,5,222.28076907502063,marvin
Perelson,sacess,9,222.28077163145056,marvin
Perelson,nlopt_23,10,222.28076940377713,marvin
Perelson,nlopt_28,9,222.28076902559977,marvin
Perelson,sacess_ipopt,1,222.28076909942635,marvin
Perelson,sacess_ipopt,9,222.2807690684316,marvin
Perelson,sacess_ipopt,3,222.28076910894364,marvin
Perelson,nlopt_21,1,222.28076938557098,marvin
Perelson,sacess_ipopt,5,222.28076910374892,marvin
Perelson,nlopt_21,3,222.2807693727817,marvin
Perelson,sacess_ipopt,8,222.2807691281101,marvin
Perelson,sacess_ipopt,7,222.28076912675132,marvin
Perelson,sacess_ipopt,6,222.280769139212,marvin
Perelson,nlopt_26,9,222.2807690506396,marvin
Perelson,nlopt_26,6,222.28076903440152,marvin
Perelson,sacess_ipopt,10,222.28076912911376,marvin
Perelson,sacess_dhc,10,222.28076911577068,marvin
Perelson,sacess_dhc,8,222.2807690608324,marvin
Perelson,nlopt_21,2,222.2807693663119,marvin
Perelson,sacess_ipopt,2,222.28076913129527,marvin
Perelson,nlopt_21,4,222.28076938667502,marvin
Perelson,nlopt_37,10,222.28076918024763,marvin
Perelson,nlopt_21,5,222.28076937996994,marvin
Perelson,nlopt_26,2,222.28076894217506,marvin
Perelson,nlopt_29,6,222.28076894321845,marvin
Perelson,nlopt_23,5,222.28076941256666,marvin
Perelson,nlopt_26,10,222.28076902267122,marvin
Perelson,nlopt_28,3,222.28076903431372,marvin
Perelson,pyswarm,2,222.28076903681523,marvin
Perelson,nlopt_29,8,222.28076895199698,marvin
Perelson,nlopt_23,7,222.28076940557207,marvin
Perelson,nlopt_23,8,222.2807694031842,marvin
Perelson,pyswarm,3,222.28076893994765,marvin
Perelson,nlopt_23,1,222.28076940508237,marvin
Perelson,nlopt_28,4,222.28076903243021,marvin
Perelson,nlopt_23,4,222.2807694085491,marvin
Perelson,nlopt_28,8,222.28076900894132,marvin
Perelson,nlopt_29,10,222.28076897477825,marvin
Perelson,nlopt_28,2,222.28076899019507,marvin
Perelson,nlopt_26,3,222.28076901341,marvin
Perelson,pyswarm,4,222.28076902033865,marvin
Perelson,nlopt_29,7,222.28076894178983,marvin
Perelson,nlopt_26,5,222.2807690402015,marvin
Perelson,pyswarm,6,222.28076902648928,marvin
Perelson,nlopt_29,4,222.28076897674,marvin
Perelson,pyswarm,8,222.28076900994142,marvin
Perelson,pyswarm,5,222.28076906426523,marvin
Perelson,nlopt_36,3,222.28076922302685,marvin
Perelson,nlopt_28,6,222.28076894889236,marvin
Perelson,pyswarm,1,222.28076906296428,marvin
Perelson,pyswarm,10,222.2807690737623,marvin
Perelson,nlopt_21,10,222.2807693925716,marvin
Perelson,nlopt_26,4,222.28076902103473,marvin
Perelson,nlopt_23,2,222.28076941402006,marvin
Perelson,pyswarm,9,222.28076901642072,marvin
Perelson,nlopt_39,5,222.2807694082601,marvin
Perelson,nlopt_36,10,222.28076921117557,marvin
Perelson,nlopt_23,9,222.2807694007557,marvin
Perelson,nlopt_28,7,222.28076896060833,marvin
Perelson,nlopt_36,4,222.28076917317753,marvin
Perelson,pyswarm,7,222.2807690360528,marvin
Perelson,nlopt_21,8,222.28076939533506,marvin
Perelson,nlopt_37,1,222.28076921696686,marvin
Perelson,nlopt_36,1,222.2807692374462,marvin
Perelson,nlopt_29,3,222.28076900802967,marvin
Perelson,nlopt_28,1,222.28076904064648,marvin
Perelson,nlopt_26,1,222.2807690237778,marvin
Perelson,nlopt_28,10,222.2807689686453,marvin
Perelson,nlopt_29,2,222.2807689540992,marvin
Perelson,nlopt_39,4,222.2807694074748,marvin
Perelson,nlopt_36,7,222.2807692290284,marvin
Perelson,nlopt_36,2,222.2807692105362,marvin
Perelson,nlopt_37,3,222.2807692097836,marvin
Perelson,nlopt_36,6,222.2807692260377,marvin
Perelson,nlopt_29,1,222.2807689631191,marvin
Perelson,nlopt_37,9,222.28076921877175,marvin
Perelson,nlopt_37,5,222.28076921137162,marvin
Perelson,nlopt_37,4,222.28076922597364,marvin
Perelson,nlopt_39,3,222.28076937863057,marvin
Perelson,nlopt_26,8,222.28076901152417,marvin
Perelson,nlopt_37,7,222.28076922022615,marvin
Perelson,nlopt_29,5,222.28076888673957,marvin
Perelson,nlopt_36,5,222.28076919025185,marvin
Rahman,L-BFGS-B,5,21.153486241835857,marvin
Perelson,nlopt_36,9,222.28076922044423,marvin
Rahman,BFGS,10,21.153486602012144,marvin
Rahman,L-BFGS-B,6,21.153486272515355,marvin
Perelson,nlopt_39,7,222.28076940269594,marvin
Perelson,trust-ncg,1,222.2807690602827,marvin
Perelson,nlopt_39,10,222.28076940596432,marvin
Perelson,trust-ncg,5,222.28076904526304,marvin
Perelson,nlopt_39,2,222.28076940528024,marvin
Perelson,nlopt_37,6,222.28076921717485,marvin
Perelson,nlopt_39,8,222.28076939309216,marvin
Perelson,nlopt_37,8,222.28076922409477,marvin
Perelson,trust-ncg,3,222.28076906222913,marvin
Perelson,nlopt_37,2,222.28076916131727,marvin
Perelson,trust-ncg,9,222.2807691059074,marvin
Perelson,trust-ncg,8,222.2807690700117,marvin
Perelson,nlopt_39,1,222.28076937689607,marvin
Rahman,L-BFGS-B,3,21.15348630513238,marvin
Rahman,COBYLA,3,21.17019654646078,marvin
Rahman,BFGS,3,21.153487390215442,marvin
Perelson,trust-ncg,2,222.28076897871395,marvin
Rahman,BFGS,7,21.15348663521778,marvin
Rahman,BFGS,1,21.153487214912712,marvin
Rahman,L-BFGS-B,2,21.153486295312927,marvin
Perelson,trust-ncg,6,222.28076907405014,marvin
Rahman,BFGS,8,21.153486926590723,marvin
Rahman,L-BFGS-B,1,21.153486293222652,marvin
Rahman,BFGS,5,21.15348691724532,marvin
Perelson,trust-ncg,7,222.28076909309473,marvin
Rahman,BFGS,6,21.15348656670679,marvin
Rahman,BFGS,4,21.15348692894662,marvin
Rahman,BFGS,2,21.153486962669433,marvin
Rahman,cmaes,2,21.1534861692383,marvin
Perelson,trust-ncg,4,222.28076903346073,marvin
Rahman,L-BFGS-B,4,21.153486300022145,marvin
Perelson,nlopt_39,6,222.28076938586824,marvin
Rahman,Nelder-Mead,10,21.153486408645367,marvin
Rahman,cmaes,10,21.15348614481728,marvin
Rahman,BFGS,9,21.15348761067486,marvin
Rahman,L-BFGS-B,7,21.153486232197608,marvin
Perelson,trust-krylov,9,222.28076906046095,marvin
Perelson,nlopt_39,9,222.28076939402706,marvin
Rahman,L-BFGS-B,10,21.15348627696661,marvin
Perelson,trust-ncg,10,222.28076903620197,marvin
Rahman,cmaes,3,21.15348611579713,marvin
Rahman,cmaes,1,21.153486142563835,marvin
Rahman,L-BFGS-B,9,21.153486300094794,marvin
Rahman,L-BFGS-B,8,21.15348627761103,marvin
Rahman,cmaes,7,21.15348618889133,marvin
Rahman,ipopt,1,21.15348802809313,marvin
Rahman,cmaes,6,21.153486168196086,marvin
Rahman,ipopt,3,21.153486231812163,marvin
Rahman,cmaes,5,21.153486102003267,marvin
Rahman,ipopt,6,21.153487073779054,marvin
Rahman,ipopt,2,21.153487215922617,marvin
Rahman,ipopt,5,21.15348675461678,marvin
Rahman,cmaes,8,21.153486194757384,marvin
Rahman,cmaes,4,21.15348616098336,marvin
Perelson,tnc,4,222.28076898112408,marvin
Rahman,cmaes,9,21.153486202454634,marvin
Perelson,tnc,8,222.28076893395962,marvin
Perelson,tnc,1,222.28076908241806,marvin
Rahman,ipopt,4,21.153487192245972,marvin
Rahman,ipopt,8,21.15348669514443,marvin
Perelson,tnc,9,222.28076907896246,marvin
Rahman,ipopt,10,21.153487235263416,marvin
Rahman,ipopt,7,21.15348624854671,marvin
Rahman,ipopt,9,21.15348644134449,marvin
Rahman,Nelder-Mead,3,21.15348924504687,marvin
Perelson,tnc,3,222.28076908070472,marvin
Rahman,COBYLA,10,21.175609555850592,marvin
Rahman,COBYLA,4,21.165954076036346,marvin
Rahman,Nelder-Mead,6,21.153487440138832,marvin
Perelson,nlopt_36,8,222.28076923042377,marvin
Rahman,Nelder-Mead,9,21.153489767721325,marvin
Perelson,tnc,6,222.28076899129124,marvin
Rahman,SLSQP,2,21.153488784204406,marvin
Perelson,tnc,5,222.28076907249107,marvin
Perelson,trust-krylov,3,222.28076907137154,marvin
Perelson,trust-krylov,1,222.28076904942395,marvin
Rahman,COBYLA,6,21.16253383586136,marvin
Perelson,tnc,7,222.28076906269206,marvin
Rahman,COBYLA,9,21.165298555229988,marvin
Rahman,Nelder-Mead,4,21.153487378644805,marvin
Perelson,trust-krylov,8,222.28076908573934,marvin
Rahman,Nelder-Mead,8,21.15348919807879,marvin
Perelson,tnc,10,222.2807690505488,marvin
Rahman,cg,7,21.15356840461726,marvin
Rahman,COBYLA,2,21.16858347612362,marvin
Rahman,Nelder-Mead,2,21.15348716372104,marvin
Perelson,trust-krylov,4,222.28076901639542,marvin
Perelson,trust-krylov,2,222.2807690274028,marvin
Rahman,cg,2,21.153656832980513,marvin
Rahman,Nelder-Mead,5,21.15349067944867,marvin
Rahman,cg,3,21.153501492851145,marvin
Rahman,COBYLA,7,21.163281379426845,marvin
Rahman,fides,2,21.15348725410401,marvin
Perelson,trust-krylov,6,222.28076906163307,marvin
Perelson,tnc,2,222.28076904994634,marvin
Rahman,SLSQP,1,21.153488473414022,marvin
Rahman,cg,6,21.153513033587075,marvin
Perelson,trust-krylov,5,222.28076902047107,marvin
Perelson,trust-krylov,7,222.28076904389508,marvin
Rahman,SLSQP,6,21.153487604641704,marvin
Rahman,cg,1,21.153614550553847,marvin
Rahman,Nelder-Mead,1,21.153499114788325,marvin
Rahman,fides,9,21.15348664209291,marvin
Rahman,cg,5,21.153641041399442,marvin
Rahman,Nelder-Mead,7,21.153487495453984,marvin
Rahman,SLSQP,4,21.15348739291529,marvin
Rahman,cg,8,21.153650327585567,marvin
Rahman,fides,3,21.153487245048723,marvin
Rahman,nlopt_11,6,21.153486339581203,marvin
Rahman,nlopt_16,1,21.153491601864708,marvin
Rahman,fides,10,21.153487820952897,marvin
Rahman,nlopt_16,4,21.153492122818957,marvin
Rahman,fides,1,21.15348743271863,marvin
Rahman,fides,5,21.153487570566714,marvin
Rahman,fides,6,21.153486867030185,marvin
Rahman,nlopt_16,3,21.153489351039983,marvin
Rahman,nlopt_11,2,21.153486338708262,marvin
Rahman,nlopt_16,6,21.153489182459957,marvin
Rahman,cg,10,21.15358458595215,marvin
Rahman,nlopt_16,2,21.153488081012025,marvin
Rahman,nlopt_11,1,21.15348633705259,marvin
Perelson,trust-krylov,10,222.28076907195998,marvin
Rahman,COBYLA,8,21.167236543301488,marvin
Rahman,fides,8,21.153487980807782,marvin
Rahman,nlopt_16,7,21.15348863381523,marvin
Rahman,cg,4,21.15368324362287,marvin
Rahman,fides,7,21.153486934794046,marvin
Rahman,SLSQP,9,21.153487797277176,marvin
Rahman,cg,9,21.153581135443762,marvin
Rahman,nlopt_11,8,21.15348634024657,marvin
Rahman,nlopt_16,8,21.15348862029197,marvin
Rahman,SLSQP,8,21.15348827038144,marvin
Rahman,SLSQP,3,21.153487308421244,marvin
Rahman,nlopt_16,10,21.15349047791313,marvin
Rahman,nlopt_11,5,21.1534863400102,marvin
Rahman,fides,4,21.153487390842585,marvin
Rahman,COBYLA,5,21.176907565477897,marvin
Rahman,SLSQP,7,21.15348828726984,marvin
Rahman,SLSQP,10,21.153489214392202,marvin
Rahman,COBYLA,1,21.169738247002886,marvin
Rahman,nlopt_16,5,21.153489627874322,marvin
Rahman,nlopt_16,9,21.15349097779355,marvin
Rahman,nlopt_11,10,21.15348633618972,marvin
Rahman,nlopt_15,4,21.15379349458913,marvin
Rahman,nlopt_15,6,21.153526233888503,marvin
Rahman,nlopt_23,2,21.153554389205308,marvin
Rahman,nlopt_12,4,21.153487169279398,marvin
Rahman,nlopt_15,1,21.153774414626728,marvin
Rahman,nlopt_11,9,21.153486337147665,marvin
Rahman,nlopt_12,6,21.153486562035006,marvin
Rahman,nlopt_11,4,21.153486335199272,marvin
Rahman,nlopt_12,9,21.15348742380116,marvin
Rahman,nlopt_18,5,21.153486344614787,marvin
Rahman,nlopt_12,2,21.153487307246646,marvin
Rahman,nlopt_18,1,21.153486341575693,marvin
Rahman,nlopt_12,5,21.15348648381522,marvin
Rahman,nlopt_23,1,21.153499707487317,marvin
Rahman,nlopt_18,2,21.153486351210862,marvin
Rahman,nlopt_15,3,21.15370570898399,marvin
Rahman,nlopt_14,3,21.153486340088257,marvin
Rahman,nlopt_11,7,21.15348633883057,marvin
Rahman,nlopt_15,5,21.15353761902831,marvin
Rahman,nlopt_12,8,21.153486711150688,marvin
Rahman,nlopt_15,2,21.153577077107688,marvin
Rahman,nlopt_15,10,21.153976379449563,marvin
Rahman,nlopt_18,9,21.1534866531961,marvin
Rahman,SLSQP,5,21.153488279580305,marvin
Rahman,nlopt_18,3,21.153486436851342,marvin
Rahman,newton-cg,3,21.153839835732903,marvin
Rahman,nlopt_18,6,21.153486348180046,marvin
Rahman,nlopt_18,8,21.15348636648751,marvin
Rahman,nlopt_11,3,21.153486337754988,marvin
Rahman,nlopt_21,4,21.15349589163044,marvin
Rahman,nlopt_14,1,21.15348633780468,marvin
Rahman,nlopt_18,10,21.153486341099693,marvin
Rahman,nlopt_23,3,21.153556997088636,marvin
Rahman,nlopt_21,3,21.153501214119494,marvin
Rahman,nlopt_23,10,21.153534686076398,marvin
Rahman,nlopt_13,8,21.153486342845973,marvin
Rahman,nlopt_21,7,21.15349575342893,marvin
Rahman,nlopt_18,7,21.15348636385972,marvin
Rahman,nlopt_15,9,21.153965382153572,marvin
Rahman,nlopt_21,2,21.15349345351006,marvin
Rahman,nlopt_21,5,21.153495597148773,marvin
Rahman,nlopt_18,4,21.15348653600381,marvin
Rahman,nlopt_13,9,21.153486332660602,marvin
Rahman,nlopt_15,7,21.15358804676192,marvin
Rahman,nlopt_13,2,21.153486342566037,marvin
Rahman,nlopt_14,6,21.153486333494183,marvin
Rahman,nlopt_23,4,21.153534069821653,marvin
Rahman,nlopt_23,8,21.15354334367308,marvin
Rahman,nlopt_13,7,21.15348634002799,marvin
Rahman,nlopt_23,9,21.15352946404896,marvin
Rahman,nlopt_12,10,21.153486832780352,marvin
Rahman,nlopt_21,10,21.15349695167123,marvin
Rahman,nlopt_13,1,21.153486337023246,marvin
Rahman,nlopt_13,5,21.153486337245262,marvin
Rahman,nlopt_23,6,21.153573660774956,marvin
Rahman,nlopt_21,6,21.153517991900667,marvin
Rahman,nlopt_21,9,21.153501388497077,marvin
Rahman,newton-cg,4,21.156281159974252,marvin
Rahman,nlopt_15,8,21.153806746478946,marvin
Rahman,nlopt_21,8,21.153531125588394,marvin
Rahman,newton-cg,6,21.154027136867626,marvin
Rahman,nlopt_12,3,21.15348689729764,marvin
Rahman,nlopt_23,7,21.153515814034023,marvin
Rahman,nlopt_14,7,21.153486337439976,marvin
Rahman,nlopt_13,3,21.153486341158175,marvin
Rahman,nlopt_13,10,21.153486343259573,marvin
Rahman,nlopt_14,9,21.153486339884807,marvin
Rahman,nlopt_14,10,21.153486342973572,marvin
Rahman,nlopt_13,6,21.153486341323152,marvin
Rahman,nlopt_13,4,21.15348634024357,marvin
Rahman,nlopt_12,1,21.153487396053624,marvin
Rahman,nlopt_14,5,21.153486337739057,marvin
Rahman,nlopt_29,3,21.15348628044552,marvin
Rahman,pysacess,1,21.160728281066522,marvin
Rahman,pysacess,3,21.158062449166245,marvin
Rahman,nlopt_29,1,21.153486319685108,marvin
Rahman,pysacess,4,21.1683637682701,marvin
Rahman,nlopt_23,5,21.15354310717851,marvin
Rahman,nlopt_14,4,21.1534863408178,marvin
Rahman,pysacess,2,21.16338542673876,marvin
Rahman,pysacess,5,21.16272577459005,marvin
Rahman,pysacess,6,21.163499063512493,marvin
Rahman,nlopt_29,7,21.15348624427206,marvin
Rahman,pysacess,10,21.156586507334133,marvin
Rahman,pysacess,8,21.158586850642035,marvin
Rahman,nlopt_21,1,21.15352280498725,marvin
Rahman,nlopt_29,8,21.153486325607428,marvin
Rahman,pysacess,7,21.160622685741792,marvin
Rahman,pysacess_cmaes,4,21.15348622126326,marvin
Rahman,nlopt_14,2,21.15348633663237,marvin
Rahman,nlopt_29,5,21.153486268075607,marvin
Rahman,pysacess,9,21.160079620471254,marvin
Rahman,newton-cg,9,21.156750748217497,marvin
Rahman,pysacess_cmaes,8,21.153486206321986,marvin
Rahman,nlopt_29,4,21.153486392020707,marvin
Rahman,pysacess_cmaes,1,21.153486221395454,marvin
Rahman,pysacess_cmaes,5,21.153486117501927,marvin
Rahman,pysacess_cmaes,3,21.15348619931191,marvin
Rahman,pysacess_cmaes,2,21.153486217130425,marvin
Rahman,pysacess_fides,7,21.153493069229704,marvin
Rahman,pysacess_fides,4,21.15348818069201,marvin
Rahman,pysacess_cmaes,9,21.15348616279963,marvin
Rahman,pysacess_fides,9,21.15348783989712,marvin
Rahman,nlopt_29,10,21.153486372765524,marvin
Rahman,pysacess_fides,3,21.153489075011265,marvin
Rahman,nlopt_29,9,21.153486520570954,marvin
Rahman,pysacess_fides,5,21.1534889925073,marvin
Rahman,newton-cg,8,21.153839835732903,marvin
Rahman,pysacess_cmaes,6,21.153486259248094,marvin
Rahman,pysacess_fides,8,21.153488645741064,marvin
Rahman,pysacess_cmaes,7,21.153486187541354,marvin
Rahman,newton-cg,5,21.15391052713208,marvin
Rahman,pysacess_ipopt,3,21.15348855238295,marvin
Rahman,nlopt_14,8,21.153486341613796,marvin
Rahman,pysacess_fides,2,21.15348778678881,marvin
Rahman,dogleg,3,21.214264551684522,marvin
Rahman,nlopt_29,6,21.153486321916795,marvin
Rahman,nlopt_12,7,21.153486644589066,marvin
Rahman,nlopt_39,10,21.153567702911516,marvin
Rahman,nlopt_39,3,21.153653794249276,marvin
Rahman,newton-cg,10,21.154725277070362,marvin
Rahman,pysacess_ipopt,5,21.153487167429745,marvin
Rahman,pysacess_ipopt,7,21.153486752501443,marvin
Rahman,dogleg,1,21.217638286259593,marvin
Rahman,pysacess_ipopt,1,21.153486726417448,marvin
Rahman,pysacess_ipopt,9,21.15348625303585,marvin
Rahman,pysacess_fides,1,21.153488602133354,marvin
Rahman,nlopt_39,6,21.15368074103435,marvin
Rahman,pysacess_ipopt,6,21.153486555516906,marvin
Rahman,pysacess_ipopt,10,21.15348808987907,marvin
Rahman,nlopt_29,2,21.15348631343861,marvin
Rahman,pysacess_fides,6,21.153488575705303,marvin
Rahman,pysacess_ipopt,4,21.15348764019798,marvin
Rahman,pysacess_ipopt,2,21.153486532003093,marvin
Rahman,nlopt_39,8,21.15370913998321,marvin
Rahman,pysacess_fides,10,21.15348775399219,marvin
Rahman,pysacess_cmaes,10,21.153486216688187,marvin
Rahman,sacess,4,21.153581801889928,marvin
Rahman,sacess,3,21.15374207480416,marvin
Rahman,sacess,8,21.15359826255569,marvin
Rahman,nlopt_39,7,21.153518790887667,marvin
Rahman,dogleg,4,21.19928500143861,marvin
Rahman,sacess_dhc,2,21.153565382118607,marvin
Rahman,sacess_dhc,5,21.15348858889081,marvin
Rahman,nlopt_26,1,21.153543617101057,marvin
Rahman,sacess,9,21.153851423221575,marvin
Rahman,sacess_dhc,3,21.153495457387436,marvin
Rahman,nlopt_39,9,21.15351029453166,marvin
Rahman,dogleg,7,21.240230858061622,marvin
Rahman,dogleg,10,21.22274948959929,marvin
Rahman,sacess,1,21.153595203804088,marvin
Rahman,nlopt_39,2,21.15355893535088,marvin
Rahman,sacess,2,21.15402956396208,marvin
Rahman,nlopt_39,4,21.153598545473457,marvin
Rahman,sacess,5,21.15353614426058,marvin
Rahman,sacess_ipopt,4,21.15348626528819,marvin
Rahman,sacess,6,21.15364483605433,marvin
Rahman,sacess_dhc,7,21.153497581520227,marvin
Rahman,sacess_dhc,8,21.15352823036492,marvin
Rahman,sacess_ipopt,1,21.153486252807316,marvin
Rahman,sacess_ipopt,9,21.153486266266793,marvin
Rahman,pysacess_ipopt,8,21.153486997908896,marvin
Rahman,sacess_dhc,6,21.153712395301703,marvin
Rahman,nlopt_26,7,21.15362948503786,marvin
Rahman,sacess_dhc,9,21.15350074838929,marvin
Rahman,sacess_ipopt,10,21.153486258033357,marvin
Rahman,nlopt_26,9,21.15360171214345,marvin
Rahman,sacess,10,21.154011132892208,marvin
Rahman,sacess_dhc,10,21.1534880647981,marvin
Rahman,sacess,7,21.15866934105596,marvin
Rahman,sacess_ipopt,8,21.1534862296937,marvin
Rahman,sacess_ipopt,7,21.153486193768668,marvin
Rahman,nlopt_39,1,21.153524936944265,marvin
Rahman,sacess_ipopt,5,21.153486224541155,marvin
Rahman,newton-cg,7,21.154695759273917,marvin
Rahman,dogleg,9,21.235577880355294,marvin
Rahman,nlopt_26,3,21.153585567150618,marvin
Rahman,nlopt_34,6,21.15351946489267,marvin
Rahman,sacess_ipopt,6,21.153486259947897,marvin
Rahman,nlopt_26,4,21.153568723688544,marvin
Rahman,nlopt_26,5,21.15359819173327,marvin
Rahman,sacess_ipopt,2,21.1534862558828,marvin
Rahman,nlopt_26,6,21.15368606534791,marvin
Rahman,nlopt_26,2,21.15351457852909,marvin
Rahman,newton-cg,2,21.15651962068245,marvin
Rahman,sacess_ipopt,3,21.15348622089793,marvin
Rahman,nlopt_34,8,21.153492369321334,marvin
Rahman,newton-cg,1,21.154966711637964,marvin
Rahman,nlopt_34,9,21.15351181205766,marvin
Rahman,nlopt_34,5,21.153504093057954,marvin
Rahman,nlopt_39,5,21.153577225042888,marvin
Rahman,sacess_dhc,4,21.153517257139317,marvin
Rahman,sacess_dhc,1,21.153617260447927,marvin
Rahman,dogleg,2,21.263777121569355,marvin
Rahman,nlopt_36,2,21.15348633879042,marvin
Rahman,nlopt_28,10,21.153486247573348,marvin
Rahman,nlopt_36,3,21.15348633796218,marvin
Rahman,nlopt_26,8,21.153512362268717,marvin
Rahman,nlopt_34,2,21.153502234056383,marvin
Rahman,nlopt_34,10,21.153508710391982,marvin
Rahman,nlopt_36,4,21.153486340408275,marvin
Rahman,nlopt_34,1,21.153526807551785,marvin
Rahman,nlopt_34,3,21.15349451248024,marvin
Rahman,nlopt_34,7,21.153529659099636,marvin
Rahman,nlopt_26,10,21.15352620068433,marvin
Rahman,nlopt_28,3,21.153486109458896,marvin
Rahman,nlopt_28,1,21.15348623226188,marvin
Rahman,dogleg,5,21.214673752675843,marvin
Rahman,nlopt_28,4,21.153486233325182,marvin
Rahman,nlopt_34,4,21.153516802642066,marvin
Rahman,dogleg,6,21.22003150645048,marvin
Rahman,nlopt_28,9,21.15348627167512,marvin
Rahman,pyswarm,9,21.15570882370971,marvin
Rahman,nlopt_36,6,21.153486338730243,marvin
Raia,L-BFGS-B,6,345.310978277185,marvin
Raia,L-BFGS-B,4,345.3098968655325,marvin
Raia,L-BFGS-B,3,345.31008778974683,marvin
Raia,L-BFGS-B,1,345.3111451796326,marvin
Rahman,nlopt_28,7,21.153486280351732,marvin
Rahman,nlopt_37,3,21.153486338416286,marvin
Rahman,nlopt_37,7,21.153486329283048,marvin
Raia,L-BFGS-B,9,348.76068062800914,marvin
Rahman,nlopt_37,4,21.153486339580994,marvin
Rahman,pyswarm,2,21.15445978115593,marvin
Rahman,pyswarm,5,21.154219031233048,marvin
Raia,L-BFGS-B,2,345.3103205917455,marvin
Raia,L-BFGS-B,8,345.30994891653353,marvin
Rahman,nlopt_37,5,21.15348633821655,marvin
Rahman,pyswarm,6,21.15562400936267,marvin
Raia,L-BFGS-B,7,346.6097638589408,marvin
Rahman,nlopt_37,1,21.153486336369678,marvin
Rahman,nlopt_28,2,21.153486229696988,marvin
Rahman,nlopt_36,8,21.153486340840455,marvin
Rahman,nlopt_37,2,21.15348634141561,marvin
Raia,BFGS,3,447.4631549074785,marvin
Raia,L-BFGS-B,5,349.4833744161271,marvin
Rahman,nlopt_36,9,21.15348633952714,marvin
Rahman,nlopt_28,8,21.153486254550526,marvin
Raia,L-BFGS-B,10,345.3183797016949,marvin
Rahman,pyswarm,7,21.155608272665305,marvin
Raia,BFGS,1,400.70863258251234,marvin
Rahman,pyswarm,3,21.155046745058087,marvin
Rahman,pyswarm,10,21.15429117092566,marvin
Rahman,pyswarm,1,21.154824725613892,marvin
Raia,cmaes,3,345.3097769401763,marvin
Rahman,nlopt_36,1,21.153486337619892,marvin
Rahman,pyswarm,4,21.15798796427965,marvin
Rahman,nlopt_37,8,21.153486340372613,marvin
Rahman,nlopt_36,5,21.153486336848314,marvin
Rahman,nlopt_36,10,21.153486336350532,marvin
Rahman,nlopt_37,10,21.153486336436387,marvin
Raia,cg,1,399.62995325592334,marvin
Raia,cmaes,7,345.3097693811429,marvin
Raia,cg,2,398.7992866889128,marvin
Raia,cmaes,8,345.3097700600484,marvin
Raia,cmaes,2,345.309771631598,marvin
Raia,cmaes,4,345.30977006180876,marvin
Rahman,trust-krylov,8,21.153487151533454,marvin
Rahman,nlopt_37,9,21.153486334423157,marvin
Raia,BFGS,4,373.3147302386558,marvin
Rahman,trust-krylov,10,21.153486895552884,marvin
Raia,BFGS,8,389.6459351575906,marvin
Raia,cmaes,6,345.3098362124891,marvin
Raia,cg,10,369.4329680485246,marvin
Raia,cmaes,5,345.3097680475864,marvin
Rahman,nlopt_28,5,21.153486250404093,marvin
Rahman,trust-krylov,3,21.153487184306858,marvin
Rahman,dogleg,8,21.309234439207373,marvin
Raia,cg,7,380.28108086585746,marvin
Raia,cg,5,352.45717306842675,marvin
Raia,Nelder-Mead,8,497.26771203803025,marvin
Raia,cg,3,395.7576832799039,marvin
Rahman,nlopt_36,7,21.153486337163596,marvin
Raia,cmaes,9,345.3097694374379,marvin
Raia,BFGS,5,460.5587823433722,marvin
Rahman,pyswarm,8,21.15662171396046,marvin
Raia,BFGS,10,409.00102648728597,marvin
Raia,Nelder-Mead,1,476.1213155852156,marvin
Raia,cmaes,10,345.3097698018083,marvin
Rahman,trust-krylov,7,21.153486935658925,marvin
Rahman,trust-ncg,10,21.153486625695642,marvin
Rahman,trust-krylov,4,21.153486957299574,marvin
Raia,cg,9,348.77888869864654,marvin
Raia,cg,6,415.56627278954704,marvin
Rahman,trust-krylov,2,21.153486990053455,marvin
Raia,BFGS,2,352.45670250775015,marvin
Raia,Nelder-Mead,4,486.427948638097,marvin
Rahman,nlopt_37,6,21.15348633908723,marvin
Rahman,trust-ncg,7,21.15348808173983,marvin
Rahman,trust-krylov,9,21.153486677406036,marvin
Raia,cmaes,1,345.30977541937006,marvin
Rahman,trust-ncg,9,21.15348833083585,marvin
Raia,cg,8,351.97482069754744,marvin
Raia,BFGS,9,422.2739424199578,marvin
Raia,cg,4,405.4460989858325,marvin
Rahman,trust-krylov,1,21.15348774589477,marvin
Rahman,trust-krylov,5,21.15348705653607,marvin
Rahman,trust-ncg,3,21.153486829243928,marvin
Raia,Nelder-Mead,9,490.7183608596031,marvin
Raia,Nelder-Mead,7,504.48966691442,marvin
Rahman,trust-krylov,6,21.15348651645488,marvin
Rahman,trust-ncg,5,21.153488763355107,marvin
Raia,COBYLA,3,428.39561016509583,marvin
Raia,Nelder-Mead,6,503.6108210835473,marvin
Raia,Nelder-Mead,3,489.70864417360576,marvin
Raia,BFGS,6,399.17012945176657,marvin
Rahman,trust-ncg,1,21.153487211542732,marvin
Raia,Nelder-Mead,10,488.9861374796748,marvin
Raia,Nelder-Mead,5,482.42629179664493,marvin
Raia,fides,7,345.30977187247186,marvin
Raia,newton-cg,9,345.44011884326954,marvin
Raia,Nelder-Mead,2,492.97326729238654,marvin
Raia,nlopt_11,8,345.30977193427015,marvin
Raia,BFGS,7,432.68528118665455,marvin
Raia,fides,2,345.3097719070974,marvin
Raia,newton-cg,6,345.39054557336016,marvin
Raia,fides,4,345.3097719692234,marvin
Raia,ipopt,10,345.31005189778523,marvin
Rahman,trust-ncg,8,21.15348657839928,marvin
Raia,nlopt_11,7,345.30977189735387,marvin
Raia,nlopt_11,6,345.30977188952545,marvin
Raia,COBYLA,1,449.2529454328146,marvin
Raia,newton-cg,5,345.38187804614404,marvin
Raia,nlopt_11,5,345.30977192480606,marvin
Raia,fides,3,345.3097720077327,marvin
Raia,newton-cg,8,345.31955170232527,marvin
Raia,fides,8,345.30977200883626,marvin
Raia,nlopt_11,3,345.30977191672844,marvin
Rahman,nlopt_28,6,21.153486243095188,marvin
Raia,nlopt_11,9,345.3097718794534,marvin
Raia,fides,1,345.3097719719597,marvin
Raia,fides,9,345.3097719923238,marvin
Raia,COBYLA,10,445.62968983877414,marvin
Rahman,trust-ncg,6,21.15348751903946,marvin
Raia,nlopt_11,2,345.3097718857154,marvin
Raia,fides,10,345.30977191504786,marvin
Raia,nlopt_11,4,345.30977191850957,marvin
Raia,COBYLA,7,448.4268317437742,marvin
Raia,fides,5,345.3097718426222,marvin
Raia,newton-cg,7,353.49759118311124,marvin
Raia,fides,6,345.3097719589301,marvin
Raia,newton-cg,2,351.89453128076997,marvin
Raia,newton-cg,4,345.40859105441706,marvin
Rahman,trust-ncg,4,21.153487655277655,marvin
Raia,nlopt_13,3,345.3097719592662,marvin
Raia,nlopt_15,6,359.2367717677172,marvin
Raia,nlopt_13,9,347.46223273634024,marvin
Raia,ipopt,3,345.3165923204351,marvin
Raia,nlopt_13,2,345.3097719386168,marvin
Raia,nlopt_16,6,391.3153605262367,marvin
Raia,nlopt_14,4,345.3097719181402,marvin
Raia,nlopt_11,1,345.3097717763121,marvin
Raia,nlopt_16,1,386.5207642635975,marvin
Raia,nlopt_15,7,346.68394522339736,marvin
Raia,newton-cg,3,348.97406503004413,marvin
Raia,nlopt_15,3,354.46720028269203,marvin
Raia,nlopt_15,8,348.75186202214815,marvin
Raia,nlopt_15,10,367.9059508242822,marvin
Raia,nlopt_11,10,345.3097718012249,marvin
Raia,nlopt_14,3,345.3097719131036,marvin
Raia,ipopt,5,347.4671705591558,marvin
Raia,COBYLA,8,451.0568658583127,marvin
Raia,nlopt_14,10,345.3132434959708,marvin
Raia,newton-cg,1,346.325505093425,marvin
Raia,ipopt,4,345.31100260223343,marvin
Raia,nlopt_16,8,349.44229075393145,marvin
Raia,newton-cg,10,345.3243751772317,marvin
Raia,nlopt_14,1,345.3097718711394,marvin
Raia,nlopt_13,5,349.1082785714203,marvin
Raia,ipopt,7,345.3105787228379,marvin
Raia,nlopt_14,8,346.6098128165232,marvin
Raia,ipopt,8,345.3134906175458,marvin
Raia,COBYLA,2,446.00558582638973,marvin
Raia,nlopt_16,5,359.07716267115893,marvin
Raia,nlopt_13,7,347.46174534088203,marvin
Raia,nlopt_14,6,345.3098762671157,marvin
Raia,nlopt_18,2,351.8917975883567,marvin
Raia,nlopt_15,1,345.3351461459641,marvin
Raia,nlopt_13,8,345.30977177771206,marvin
Raia,COBYLA,4,455.22391054956006,marvin
Raia,nlopt_13,4,345.30977194853034,marvin
Raia,nlopt_15,2,371.6376979038608,marvin
Raia,nlopt_18,4,354.10382325506095,marvin
Raia,COBYLA,6,440.7678955293256,marvin
Raia,nlopt_21,1,350.3100867067473,marvin
Raia,nlopt_21,2,345.31833892620034,marvin
Raia,nlopt_16,4,345.3475188538194,marvin
Raia,nlopt_16,7,387.6987175749514,marvin
Rahman,trust-ncg,2,21.153486830227934,marvin
Raia,nlopt_18,7,345.3097719282358,marvin
Raia,nlopt_13,10,345.3097720714567,marvin
Raia,ipopt,6,345.3113431069707,marvin
Raia,nlopt_14,7,345.30977189507075,marvin
Raia,nlopt_15,5,353.14361387137455,marvin
Raia,nlopt_18,9,345.31029485221245,marvin
Raia,nlopt_18,6,345.3097718593085,marvin
Raia,nlopt_15,4,353.17304647142277,marvin
Raia,nlopt_21,3,347.45396978389516,marvin
Raia,nlopt_12,1,350.26835673727464,marvin
Raia,nlopt_12,4,355.0392902110011,marvin
Raia,nlopt_12,3,345.3160364221139,marvin
Raia,nlopt_16,3,345.31155568761267,marvin
Raia,nlopt_18,3,351.8917976595694,marvin
Raia,ipopt,1,345.3109867698259,marvin
Raia,nlopt_14,2,347.4643494205758,marvin
Raia,nlopt_12,9,349.46185533469475,marvin
Raia,nlopt_18,10,351.8923463663878,marvin
Raia,nlopt_18,8,382.5967556271485,marvin
Raia,nlopt_18,5,351.89206759617304,marvin
Raia,nlopt_23,9,349.1211267730973,marvin
Raia,nlopt_28,2,434.9397144564586,marvin
Raia,nlopt_21,4,348.75104235616163,marvin
Raia,nlopt_14,9,347.45884063041086,marvin
Raia,nlopt_21,10,345.3258529385315,marvin
Raia,nlopt_16,2,389.98405027794354,marvin
Raia,nlopt_21,8,345.33172513944527,marvin
Raia,nlopt_16,9,351.89895987898046,marvin
Raia,nlopt_21,7,345.31634302748796,marvin
Raia,nlopt_14,5,345.3097719666737,marvin
Raia,nlopt_18,1,349.1114504001025,marvin
Raia,nlopt_23,6,348.975939401033,marvin
Raia,nlopt_23,10,349.45529280726674,marvin
Raia,nlopt_21,5,349.12576730364276,marvin
Raia,COBYLA,5,446.8925684031402,marvin
Raia,nlopt_23,1,347.47159737208443,marvin
Raia,nlopt_29,3,346.16534289880605,marvin
Raia,nlopt_13,6,347.45463432634494,marvin
Raia,nlopt_12,8,345.3178055447723,marvin
Raia,nlopt_23,4,349.46780361672006,marvin
Raia,nlopt_29,1,350.2767251666779,marvin
Raia,nlopt_28,6,394.334243088794,marvin
Raia,COBYLA,9,429.01897187771056,marvin
Raia,nlopt_12,5,345.3405572135206,marvin
Raia,nlopt_21,6,349.1094499078122,marvin
Raia,nlopt_29,5,350.25706929213425,marvin
Raia,nlopt_16,10,359.4479679603086,marvin
Raia,nlopt_23,2,355.36114199549786,marvin
Raia,nlopt_28,4,422.3534256629242,marvin
Raia,nlopt_23,5,348.76158185954944,marvin
Raia,nlopt_29,7,345.45192899986165,marvin
Raia,nlopt_15,9,361.7133516143032,marvin
Raia,nlopt_28,8,446.7918061010149,marvin
Raia,nlopt_34,9,350.3897668524986,marvin
Raia,nlopt_12,10,350.2835975763462,marvin
Raia,nlopt_34,4,400.14256830802316,marvin
Raia,nlopt_29,4,345.3371298761514,marvin
Raia,nlopt_28,1,431.73903984782083,marvin
Raia,nlopt_34,1,394.1875104552534,marvin
Raia,nlopt_29,6,345.31971857823714,marvin
Raia,nlopt_28,9,452.52925284320384,marvin
Raia,nlopt_28,7,416.6283338895298,marvin
Raia,nlopt_34,2,385.7988978351336,marvin
Raia,nlopt_36,4,345.3097718880706,marvin
Raia,nlopt_23,7,368.24773902111497,marvin
Raia,nlopt_29,8,345.3340570517373,marvin
Raia,nlopt_26,5,393.9541973307705,marvin
Raia,nlopt_34,10,399.98887825662814,marvin
Raia,nlopt_34,3,363.71128291715365,marvin
Raia,nlopt_29,2,345.3255741771045,marvin
Raia,ipopt,2,345.31146502660954,marvin
Raia,nlopt_21,9,347.46953804857617,marvin
Raia,nlopt_29,9,345.36654029584656,marvin
Raia,nlopt_34,7,361.9680842436987,marvin
Raia,nlopt_28,10,418.9636363020889,marvin
Raia,nlopt_13,1,345.30977190252105,marvin
Raia,nlopt_34,8,350.38293023957345,marvin
Raia,nlopt_34,5,390.1412671330312,marvin
Raia,nlopt_23,3,350.28658193197816,marvin
Raia,nlopt_26,8,352.7251406299872,marvin
Raia,nlopt_39,7,353.14602352286,marvin
Raia,pysacess_cmaes,6,345.3097714575944,marvin
Raia,nlopt_12,2,345.58635181293374,marvin
Raia,nlopt_28,3,446.4630091260067,marvin
Raia,nlopt_26,1,417.42835234631343,marvin
Raia,nlopt_39,8,351.9218853175707,marvin
Raia,nlopt_26,9,379.1743223828653,marvin
Raia,nlopt_39,2,353.14303884224944,marvin
Raia,nlopt_39,5,354.1058388963466,marvin
Raia,pysacess,7,346.37538244887264,marvin
Raia,nlopt_23,8,349.97143705716223,marvin
Raia,nlopt_36,5,345.30977175629494,marvin
Raia,pysacess,10,345.31091822683965,marvin
Raia,pysacess,8,346.3564023400681,marvin
Raia,pysacess_fides,3,349.4375774823404,marvin
Raia,nlopt_12,7,349.1995221872731,marvin
Raia,pysacess,6,350.2573467154707,marvin
Raia,nlopt_26,7,425.96690032363074,marvin
Raia,pysacess,3,350.2119190509054,marvin
Raia,nlopt_26,2,400.16669108027054,marvin
Raia,nlopt_36,6,345.30977183449295,marvin
Raia,nlopt_12,6,349.3001100122068,marvin
Raia,pysacess_cmaes,9,345.30978611770416,marvin
Raia,pysacess,4,345.3356058216112,marvin
Raia,nlopt_34,6,371.95953176068537,marvin
Raia,pysacess,9,345.373181421195,marvin
Raia,pysacess_cmaes,8,345.3097687943198,marvin
Raia,nlopt_28,5,442.7281801091018,marvin
Raia,pysacess_cmaes,1,345.3097672874065,marvin
Raia,pysacess,1,345.33163435944704,marvin
Raia,pysacess_fides,7,345.3097720693814,marvin
Raia,nlopt_39,6,350.2833669293088,marvin
Raia,nlopt_39,1,349.1144822896509,marvin
Raia,nlopt_39,9,349.4575024218292,marvin
Raia,nlopt_39,4,345.3171413248514,marvin
Raia,nlopt_26,4,425.81197652162354,marvin
Raia,pysacess_fides,6,345.3097719658755,marvin
Raia,pysacess_ipopt,9,385.6438445910376,marvin
Raia,pysacess,5,345.33137247450543,marvin
Raia,nlopt_39,10,358.1652431732187,marvin
Raia,nlopt_36,1,345.30977185682684,marvin
Raia,pysacess_ipopt,7,346.58053150483045,marvin
Raia,nlopt_26,6,380.1938011584169,marvin
Raia,pysacess_fides,9,345.3097739752083,marvin
Raia,pysacess_ipopt,1,345.31062645762125,marvin
Raia,nlopt_36,3,345.309771890294,marvin
Raia,nlopt_29,10,345.3531949616524,marvin
Raia,nlopt_36,7,345.3097719049558,marvin
Raia,nlopt_37,1,345.30977186774805,marvin
Raia,pysacess_ipopt,3,345.3125807027461,marvin
Raia,pysacess_fides,1,345.30977194565565,marvin
Raia,nlopt_39,3,347.4682932170682,marvin
Raia,pysacess_fides,4,345.3097719591402,marvin
Raia,pysacess_ipopt,6,349.10670513578157,marvin
Raia,nlopt_36,2,345.30977192745297,marvin
Raia,pysacess_cmaes,2,345.30976860566994,marvin
Raia,nlopt_37,2,345.3097717954134,marvin
Raia,nlopt_36,9,345.3097718378171,marvin
Raia,pysacess_cmaes,4,345.30976872060836,marvin
Raia,nlopt_37,7,345.3097719146055,marvin
Raia,sacess,7,391.845150309388,marvin
Raia,pysacess_cmaes,3,345.3097710240857,marvin
Raia,pysacess,2,345.35515787892854,marvin
Raia,pysacess_ipopt,4,349.44533674902954,marvin
Raia,pysacess_cmaes,5,345.30977139765133,marvin
Raia,nlopt_36,10,345.30977188213717,marvin
Raia,nlopt_26,10,368.1988611296284,marvin
Raia,sacess_dhc,1,350.1916542951289,marvin
Raia,sacess_ipopt,2,345.30978332113875,marvin
Raia,sacess_dhc,2,349.44676164797045,marvin
Raia,nlopt_37,8,345.3097718666066,marvin
Raia,sacess,9,391.84512523289135,marvin
Raia,pysacess_ipopt,5,345.31710947434743,marvin
Raia,sacess_ipopt,6,345.30978607041726,marvin
Raia,pysacess_fides,10,345.3097720014922,marvin
Raia,sacess_ipopt,5,345.30979042336173,marvin
Raia,sacess,2,349.10716710065105,marvin
Raia,pysacess_ipopt,8,345.31110030066634,marvin
Raia,pysacess_fides,2,345.3097718408893,marvin
Raia,sacess,3,345.31426592383184,marvin
Raia,pysacess_cmaes,10,345.3097679086211,marvin
Raia,pysacess_ipopt,2,345.3114120896922,marvin
Raia,sacess,10,350.28035897099335,marvin
Rahman,tnc,5,21.154513779411552,marvin
Raia,pysacess_fides,5,345.30977521342544,marvin
Raia,nlopt_26,3,401.97515590634083,marvin
Raia,sacess_ipopt,10,345.30979807544657,marvin
Raia,nlopt_37,4,345.3097718352582,marvin
Raia,sacess,1,389.9518353523308,marvin
Raia,sacess_dhc,9,345.3122355018408,marvin
Raia,sacess_dhc,5,350.27062409323696,marvin
Raia,sacess_ipopt,1,345.30978447585613,marvin
Raia,sacess_dhc,7,345.31251737175063,marvin
Raia,pysacess_fides,8,345.3097719876728,marvin
Raia,sacess_ipopt,3,345.3097982059883,marvin
Raia,sacess,4,349.11028954392583,marvin
Raia,nlopt_37,6,345.30977187128,marvin
Raia,sacess_ipopt,7,345.3097796502078,marvin
Raia,nlopt_36,8,345.30977194879546,marvin
Raia,pysacess_ipopt,10,345.30990573992415,marvin
Raia,trust-krylov,2,345.3122639227766,marvin
Raia,sacess_dhc,8,349.1084015761751,marvin
Raia,trust-ncg,7,395.8379013341222,marvin
Raia,sacess,8,350.2483126572411,marvin
Raia,trust-krylov,9,345.31162055550914,marvin
Raia,trust-ncg,8,391.2576857425407,marvin
Raia,pysacess_cmaes,7,345.30977280544744,marvin
Raia,trust-ncg,6,398.003468871733,marvin
Raia,sacess_dhc,6,345.3125287715494,marvin
Raia,trust-krylov,1,345.3134327725246,marvin
Raia,trust-ncg,1,402.4152930524462,marvin
Raia,sacess,6,345.3119749120103,marvin
Raia,sacess_ipopt,8,345.30979191618,marvin
Raia,trust-ncg,9,345.40121711283075,marvin
Raia,sacess_dhc,10,350.2703117656589,marvin
Raia,sacess_ipopt,4,345.30980195486813,marvin
Raia,trust-ncg,4,410.56474835443476,marvin
Raia,ipopt,9,345.3105586792902,marvin
Raia,trust-ncg,3,415.3990433644515,marvin
Raia,trust-krylov,3,345.3184647410581,marvin
Raia,nlopt_37,5,345.3097718743078,marvin
Raia,sacess,5,349.43854064036407,marvin
Raia,trust-krylov,6,345.3132871342964,marvin
Raia,trust-ncg,2,396.2088711544073,marvin
Raia,nlopt_37,9,345.30977197266327,marvin
Rahman,tnc,10,21.154252995554994,marvin
Raia,sacess_ipopt,9,345.30978010033294,marvin
Raimundez,L-BFGS-B,4,3332.4294377409556,marvin
Raimundez,Nelder-Mead,3,25511.34318687774,marvin
Raia,trust-krylov,10,345.3215484572578,marvin
Raia,trust-ncg,10,390.7787192124197,marvin
Raia,pyswarm,1,576.2367803008209,marvin
Raia,sacess_dhc,4,345.3176663649256,marvin
Raia,trust-ncg,5,367.3498683780494,marvin
Rahman,tnc,2,21.155208569795274,marvin
Raia,trust-krylov,5,345.3205135104896,marvin
Raia,tnc,2,402.0264828572876,marvin
Raia,nlopt_37,10,345.30977188344093,marvin
Raimundez,Nelder-Mead,1,24541.537904351753,marvin
Raia,trust-krylov,8,345.3117913494916,marvin
Raia,nlopt_37,3,345.309771837539,marvin
Raia,sacess_dhc,3,350.2746460584258,marvin
Raimundez,Nelder-Mead,5,26437.398036527436,marvin
Raia,trust-krylov,4,345.3162443274092,marvin
Raimundez,Nelder-Mead,2,23561.734681745842,marvin
Raimundez,Nelder-Mead,7,60205.65184983722,marvin
Raimundez,COBYLA,3,23257.887549213756,marvin
Raimundez,Nelder-Mead,4,25434.693131259613,marvin
Raimundez,Nelder-Mead,10,61475.24244417357,marvin
Raimundez,L-BFGS-B,1,4366.231326734541,marvin
Raia,pyswarm,2,556.8829321109907,marvin
Raia,pyswarm,7,564.6557353112598,marvin
Raimundez,Nelder-Mead,9,18849.02644545383,marvin
Raimundez,Nelder-Mead,8,60103.63649194913,marvin
Raia,trust-krylov,7,345.31388622229895,marvin
Raimundez,L-BFGS-B,10,3962.8467859524603,marvin
Raia,tnc,7,398.6438685214183,marvin
Raia,pyswarm,3,542.8511839894136,marvin
Raia,tnc,5,392.4158151898633,marvin
Rahman,tnc,8,21.154506789094835,marvin
Raia,tnc,1,378.79312889569474,marvin
Raimundez,L-BFGS-B,6,3635.2164507653956,marvin
Raia,pyswarm,4,547.5555896217154,marvin
Raimundez,L-BFGS-B,3,2596.8319797030285,marvin
Raia,pyswarm,10,556.3307185398289,marvin
Raimundez,L-BFGS-B,8,2613.225673651608,marvin
Raimundez,cmaes,7,16991.721476445204,marvin
Raia,tnc,8,376.81981129610983,marvin
Raimundez,cmaes,6,29964.55825270031,marvin
Raimundez,Nelder-Mead,6,59479.27043362308,marvin
Raimundez,cmaes,4,16449.938167926994,marvin
Raia,pyswarm,9,564.4897576030928,marvin
Raimundez,cmaes,1,22647.72930929575,marvin
Raimundez,COBYLA,6,18271.07637900521,marvin
Raimundez,cmaes,2,17735.149286229218,marvin
Raimundez,L-BFGS-B,2,2449.3226427871414,marvin
Raimundez,COBYLA,4,20653.431130091984,marvin
Raimundez,COBYLA,1,19772.84391871305,marvin
Raimundez,L-BFGS-B,5,3384.0111324373584,marvin
Raimundez,cmaes,10,22469.047477375185,marvin
Raia,tnc,3,397.2548710910927,marvin
Raimundez,cmaes,9,16560.69493277673,marvin
Raimundez,cmaes,3,20182.032203878527,marvin
Raimundez,cmaes,8,18587.78965244732,marvin
Raimundez,COBYLA,9,22411.413137549564,marvin
Raimundez,L-BFGS-B,9,4028.391549779366,marvin
Raia,tnc,4,395.0395430635079,marvin
Raimundez,cmaes,5,16784.325520612354,marvin
Raia,tnc,9,395.9214169729841,marvin
Raia,pyswarm,5,553.1028771006908,marvin
Raimundez,fides,9,681.8999528425688,marvin
Raimundez,fides,5,684.4472089719021,marvin
Raimundez,cg,1,29446.29105858283,marvin
Raimundez,cg,7,55168.92478041583,marvin
Raimundez,ipopt,1,717.1687913143138,marvin
Rahman,tnc,7,21.154350960615606,marvin
Raia,pyswarm,8,546.2759087809973,marvin
Raia,tnc,10,390.17570154372174,marvin
Raia,tnc,6,407.2807833668735,marvin
Raimundez,ipopt,5,732.0562459308414,marvin
Raimundez,newton-cg,2,65464.50292334192,marvin
Raimundez,fides,7,641.3249955314612,marvin
Raimundez,fides,1,662.2019833506162,marvin
Rahman,tnc,6,21.153712324044136,marvin
Raimundez,newton-cg,6,64664.37253576895,marvin
Raimundez,ipopt,9,715.4711093612306,marvin
Rahman,tnc,9,21.15384469700725,marvin
Raimundez,ipopt,4,692.9650740927027,marvin
Raimundez,newton-cg,1,103470.15361616414,marvin
Raimundez,ipopt,2,757.4608823800903,marvin
Raimundez,ipopt,6,707.6184951741028,marvin
Raimundez,ipopt,8,684.6129053119361,marvin
Raimundez,ipopt,7,969.5084063095912,marvin
Raimundez,cg,9,60199.816991862775,marvin
Raimundez,fides,10,696.2852611092454,marvin
Raimundez,fides,4,639.9887634364395,marvin
Raimundez,nlopt_11,1,2718.6195323366483,marvin
Raimundez,fides,6,692.2967045617463,marvin
Raimundez,COBYLA,5,21940.099602213024,marvin
Raimundez,COBYLA,10,22898.720566951917,marvin
Raimundez,cg,8,56939.24813682457,marvin
Raimundez,nlopt_11,6,839.1504873519507,marvin
Raimundez,newton-cg,10,65493.14149460683,marvin
Raimundez,fides,3,671.8524722445549,marvin
Raimundez,ipopt,3,742.6319929948726,marvin
Raimundez,nlopt_11,7,2640.0369107193237,marvin
Raimundez,newton-cg,3,106458.011273224,marvin
Raimundez,nlopt_12,8,59159.8649294493,marvin
Raimundez,ipopt,10,849.4378739800997,marvin
Raimundez,fides,2,768.4906286664439,marvin
Raimundez,nlopt_12,3,81337.89119734455,marvin
Raimundez,newton-cg,9,65739.30617462458,marvin
Raimundez,L-BFGS-B,7,6104.5915937689215,marvin
Raimundez,newton-cg,8,66691.20527625136,marvin
Raimundez,newton-cg,5,65039.114750502435,marvin
Raimundez,BFGS,3,61475.36980054001,marvin
Raimundez,nlopt_11,4,1209.5642997863524,marvin
Raimundez,fides,8,701.7602702474535,marvin
Raimundez,nlopt_11,2,3202.874923725168,marvin
Raimundez,cg,3,27488.21549141177,marvin
Raimundez,nlopt_12,2,463269.08813963295,marvin
Raimundez,BFGS,8,63066.34149625545,marvin
Raimundez,COBYLA,8,22102.5889282474,marvin
Raimundez,nlopt_14,1,10498.984065027716,marvin
Raimundez,nlopt_14,5,6452.494128578195,marvin
Raimundez,COBYLA,7,21156.201630816868,marvin
Raimundez,nlopt_12,4,33100.44099958224,marvin
Raimundez,newton-cg,4,107620.6735431511,marvin
Raimundez,newton-cg,7,107905.11924639104,marvin
Raimundez,nlopt_14,7,6450.93051245342,marvin
Raimundez,nlopt_13,3,6105.406406567788,marvin
Raimundez,nlopt_13,1,4254.63620490322,marvin
Raimundez,nlopt_12,5,61349.69019936699,marvin
Raimundez,nlopt_13,6,4802.5375300952055,marvin
Rahman,tnc,1,21.154708313541622,marvin
Raimundez,cg,2,32706.52603398883,marvin
Raimundez,nlopt_12,10,104874.38763872013,marvin
Raimundez,nlopt_13,2,5527.279628799513,marvin
Raimundez,nlopt_11,5,1162.151817503423,marvin
Raimundez,nlopt_12,1,62143.84542357387,marvin
Raimundez,nlopt_13,9,4151.637921126135,marvin
Raimundez,BFGS,7,63728.398944765955,marvin
Raimundez,nlopt_14,6,7231.337101567803,marvin
Raimundez,nlopt_13,5,6571.64604165439,marvin
Raimundez,cg,10,16040.998593147233,marvin
Raimundez,nlopt_13,4,10756.72111213232,marvin
Raimundez,nlopt_13,8,8728.93793283629,marvin
Raimundez,nlopt_14,3,8201.153364129354,marvin
Raimundez,BFGS,5,63284.493409932446,marvin
Raimundez,nlopt_11,8,2583.739077921008,marvin
Raimundez,COBYLA,2,17530.513414145295,marvin
Raimundez,nlopt_16,1,20388.633782384804,marvin
Raimundez,cg,6,58383.60582732635,marvin
Raimundez,nlopt_14,10,4733.589620364356,marvin
Raimundez,nlopt_12,9,38657.558813957425,marvin
Raimundez,nlopt_14,4,7458.450661379804,marvin
Raimundez,nlopt_14,8,4756.824720167149,marvin
Raimundez,nlopt_15,7,16561.742876353353,marvin
Raimundez,nlopt_16,4,18291.198566812094,marvin
Raimundez,nlopt_11,3,2628.3457413580795,marvin
Raimundez,nlopt_12,6,106617.07840679093,marvin
Raimundez,cg,5,22562.441643873175,marvin
Raimundez,nlopt_13,7,4601.978595425323,marvin
Raimundez,nlopt_15,10,22982.305157310926,marvin
Raimundez,nlopt_15,4,23303.765479792444,marvin
Raia,pyswarm,6,544.2638534460089,marvin
Raimundez,BFGS,9,60905.462833398524,marvin
Raimundez,cg,4,58097.91775653591,marvin
Raimundez,nlopt_15,5,20244.3924314079,marvin
Raimundez,nlopt_18,7,24061.366445354575,marvin
Raimundez,nlopt_16,2,59614.43946475345,marvin
Raimundez,nlopt_13,10,3346.335779658256,marvin
Raimundez,nlopt_15,6,22228.652596255415,marvin
Raimundez,nlopt_15,2,19474.298120555955,marvin
Raimundez,nlopt_14,2,4607.127331287607,marvin
Raimundez,nlopt_11,10,2324.6350294794556,marvin
Raimundez,nlopt_12,7,62858.36836224834,marvin
Raimundez,nlopt_21,5,6157.765202081687,marvin
Raimundez,nlopt_15,3,16915.415317317293,marvin
Raimundez,nlopt_16,6,20635.971481447752,marvin
Raimundez,BFGS,2,59085.871143587516,marvin
Raimundez,nlopt_21,7,8779.006519332159,marvin
Raimundez,nlopt_21,1,6172.310942486672,marvin
Raimundez,nlopt_16,5,21555.87643692561,marvin
Raimundez,nlopt_16,3,22878.648908839772,marvin
Raimundez,nlopt_18,3,16309.296084059575,marvin
Raimundez,nlopt_14,9,8312.890402474433,marvin
Raimundez,nlopt_16,9,59400.93477440301,marvin
Raimundez,nlopt_18,10,10796.62197017459,marvin
Raimundez,nlopt_18,9,15700.110683667133,marvin
Raimundez,nlopt_18,4,10213.376692063033,marvin
Raimundez,nlopt_21,2,1575.7900896023132,marvin
Raimundez,nlopt_16,7,59873.37489945233,marvin
Raimundez,nlopt_15,9,16899.385165319083,marvin
Raimundez,nlopt_23,4,19018.294094176832,marvin
Raimundez,nlopt_11,9,2617.0620879337835,marvin
Raimundez,nlopt_23,3,9354.828857273029,marvin
Raimundez,BFGS,10,62686.94327927444,marvin
Raimundez,nlopt_15,8,19932.413499229257,marvin
Raimundez,nlopt_23,8,1092.1458349495235,marvin
Raimundez,nlopt_16,10,20120.075413895196,marvin
Raimundez,nlopt_28,1,56279.5435598257,marvin
Raimundez,nlopt_26,10,108586.4777724366,marvin
Raimundez,nlopt_23,1,8804.896988346396,marvin
Raimundez,nlopt_26,6,107992.00025701348,marvin
Raimundez,nlopt_28,8,59525.24281471261,marvin
Raimundez,nlopt_15,1,24032.867539774743,marvin
Raimundez,nlopt_18,5,15489.710147045285,marvin
Raimundez,nlopt_21,6,6960.246515866975,marvin
Raimundez,nlopt_23,7,15299.297353013104,marvin
Raimundez,nlopt_29,2,10546.66280015538,marvin
Raimundez,nlopt_21,4,996.3124688395403,marvin
Raimundez,nlopt_18,1,6678.57882599406,marvin
Raimundez,nlopt_21,10,8129.397979168826,marvin
Raimundez,nlopt_16,8,19225.996355466013,marvin
Raimundez,nlopt_28,4,57867.41438181181,marvin
Raimundez,nlopt_21,3,7585.178616527674,marvin
Rahman,tnc,3,21.155169884320838,marvin
Raimundez,nlopt_21,8,9840.290392346658,marvin
Raimundez,nlopt_26,9,62580.57420734864,marvin
Raimundez,nlopt_26,7,108461.16299700848,marvin
Raimundez,SLSQP,5,1148.7793443588548,marvin
Raimundez,nlopt_34,7,21600.853073740764,marvin
Raimundez,nlopt_18,2,20468.25170656006,marvin
Raimundez,nlopt_18,8,14907.909479950698,marvin
Raimundez,BFGS,1,36548.99738546234,marvin
Raimundez,nlopt_18,6,17588.125518757748,marvin
Raimundez,nlopt_28,7,56621.22210801772,marvin
Raimundez,nlopt_34,9,17301.726185008563,marvin
Rahman,tnc,4,21.15408165706796,marvin
Raimundez,BFGS,6,62775.43909733286,marvin
Raimundez,nlopt_26,8,62614.06471202155,marvin
Raimundez,nlopt_23,9,12573.133800514941,marvin
Raimundez,nlopt_26,1,105426.7147168985,marvin
Raimundez,nlopt_34,4,56959.70301359188,marvin
Raimundez,nlopt_29,5,54102.17690180591,marvin
Raimundez,nlopt_29,6,13768.992108621936,marvin
Raimundez,nlopt_23,10,20454.191421512664,marvin
Raimundez,nlopt_29,7,14642.506279860972,marvin
Raimundez,nlopt_26,4,105773.18459777381,marvin
Raimundez,nlopt_28,6,22744.31732453378,marvin
Raimundez,nlopt_26,5,60613.79683292209,marvin
Raimundez,nlopt_23,6,12778.740466002599,marvin
Raimundez,nlopt_28,3,59305.806695107225,marvin
Raimundez,nlopt_36,8,3420.7472092740777,marvin
Raimundez,nlopt_21,9,10956.97648069339,marvin
Raimundez,nlopt_29,4,54285.74666598229,marvin
Raimundez,nlopt_23,2,24963.812817639708,marvin
Raimundez,nlopt_34,3,8241.415532419509,marvin
Raimundez,nlopt_28,9,58718.98817767619,marvin
Raimundez,nlopt_26,2,75129.51105412444,marvin
Raimundez,nlopt_36,10,2935.6416547674758,marvin
Raimundez,nlopt_28,5,56540.06930915111,marvin
Raimundez,nlopt_34,6,55607.15161307288,marvin
Raimundez,nlopt_36,7,2493.861061333786,marvin
Raimundez,nlopt_26,3,64531.74311791456,marvin
Raimundez,nlopt_34,8,16751.453684114356,marvin
Raimundez,nlopt_37,6,3099.976957619093,marvin
Raimundez,nlopt_37,3,3198.015735440021,marvin
Raimundez,nlopt_34,2,14084.165680811611,marvin
Raimundez,nlopt_29,10,13990.524426438504,marvin
Raia,SLSQP,4,345.9793077846673,marvin
Raimundez,SLSQP,1,1133.2140573473148,marvin
Raimundez,nlopt_23,5,14178.557115930507,marvin
Raimundez,nlopt_39,4,12695.637121373695,marvin
Raimundez,nlopt_39,2,16569.389996199166,marvin
Raimundez,nlopt_37,8,924.0219936790024,marvin
Raimundez,nlopt_36,4,1020.8931510253448,marvin
Raimundez,nlopt_29,9,49236.6578808915,marvin
Raimundez,pysacess_cmaes,1,12259.64398436381,marvin
Raimundez,nlopt_29,1,54035.945708037674,marvin
Raimundez,nlopt_29,3,14187.906597122023,marvin
Raimundez,pysacess_cmaes,6,12141.49895972065,marvin
Raimundez,nlopt_39,3,57316.788193495224,marvin
Raimundez,pysacess,6,9760.20365280642,marvin
Raimundez,nlopt_28,2,20450.201705550353,marvin
Raia,SLSQP,1,347.7352199179933,marvin
Raimundez,pysacess,2,10219.578904142714,marvin
Raimundez,nlopt_39,5,6297.696791406294,marvin
Raimundez,nlopt_34,1,12563.684169744358,marvin
Raimundez,pysacess,5,1523.5341224291183,marvin
Raimundez,nlopt_37,4,2905.047210069448,marvin
Raimundez,pysacess,4,9927.999230651385,marvin
Raimundez,pysacess_ipopt,3,843.0491544586464,marvin
Raimundez,nlopt_28,10,26885.207466957043,marvin
Raimundez,nlopt_36,5,1182.933655599838,marvin
Raimundez,pysacess_cmaes,2,13660.993435255441,marvin
Raimundez,pysacess,8,9460.67254038223,marvin
Raimundez,nlopt_36,3,2056.4916978524748,marvin
Raimundez,pysacess,7,9717.214093277846,marvin
Raimundez,pysacess,9,2074.166896983199,marvin
Raimundez,nlopt_39,10,57736.591901932254,marvin
Raimundez,pysacess,10,1609.0858370550404,marvin
Raimundez,pyswarm,1,26945.019710393855,marvin
Raimundez,BFGS,4,60476.601651946075,marvin
Raimundez,pysacess_cmaes,7,14674.981775137425,marvin
Raimundez,nlopt_39,7,20832.57363078649,marvin
Raimundez,nlopt_39,6,55660.45041768597,marvin
Raimundez,pysacess_fides,2,688.8412178773294,marvin
Raimundez,pysacess_fides,1,640.5575120184757,marvin
Raimundez,SLSQP,4,1219.629057166744,marvin
Raimundez,pysacess_cmaes,4,4148.6535962417865,marvin
Raimundez,nlopt_36,1,2546.450211965093,marvin
Raimundez,SLSQP,8,915.0721587994013,marvin
Raimundez,nlopt_34,10,28545.725797028084,marvin
Raimundez,pysacess_cmaes,10,8731.172100023361,marvin
Raimundez,nlopt_37,7,2809.5623614734527,marvin
Raimundez,nlopt_39,9,25044.104242892307,marvin
Raimundez,pysacess_cmaes,8,15676.193081521014,marvin
Raimundez,nlopt_37,5,3240.0685828153805,marvin
Raimundez,pysacess_fides,8,728.7197630127841,marvin
Raimundez,nlopt_34,5,19341.532991160366,marvin
Raimundez,SLSQP,10,1263.8066096186808,marvin
Raimundez,pysacess_cmaes,5,8891.554345374585,marvin
Raimundez,sacess,1,9796.18355015972,marvin
Raimundez,nlopt_29,8,10132.324547192677,marvin
Raimundez,pysacess_fides,7,671.6575398979502,marvin
Raimundez,nlopt_36,2,2453.8641437100578,marvin
Raimundez,nlopt_37,2,936.8177099946886,marvin
Raimundez,pysacess_fides,6,771.6245646470867,marvin
Raimundez,pysacess_ipopt,6,799.2095445579303,marvin
Raimundez,sacess_dhc,5,9435.97457466515,marvin
Raimundez,SLSQP,2,1102.7019680900783,marvin
Raimundez,pysacess_cmaes,3,19563.055544229275,marvin
Raimundez,SLSQP,3,1362.7374124696876,marvin
Raimundez,pysacess_ipopt,7,845.1910231037028,marvin
Raimundez,pysacess_ipopt,10,688.6138914512599,marvin
Raimundez,SLSQP,7,1240.9158563855833,marvin
Raimundez,pyswarm,7,24453.811819034116,marvin
Raimundez,pysacess_ipopt,2,897.1218778947921,marvin
Raimundez,pysacess_ipopt,1,758.7635859946981,marvin
Raimundez,pysacess_cmaes,9,21304.945065907275,marvin
Raimundez,pysacess_ipopt,5,684.2698916813254,marvin
Raimundez,nlopt_37,10,1018.5472915035205,marvin
Raimundez,nlopt_37,1,2097.1379755567723,marvin
Raimundez,pysacess,3,9396.209945119257,marvin
Raimundez,sacess,9,54204.62797264214,marvin
Raimundez,nlopt_36,9,1947.528959339658,marvin
Raimundez,nlopt_39,1,16210.369898726689,marvin
Raimundez,nlopt_39,8,56629.300963281035,marvin
Raimundez,pyswarm,3,28791.579607858817,marvin
Raimundez,pysacess_fides,9,689.8338479233154,marvin
Raimundez,pyswarm,9,28302.845708926296,marvin
Raimundez,nlopt_37,9,1321.0151774086455,marvin
Raimundez,pysacess_fides,4,645.1594782252113,marvin
Raia,SLSQP,5,345.39242755475345,marvin
Raimundez,sacess,7,17899.468007155163,marvin
Raimundez,tnc,5,14526.53998164453,marvin
Raimundez,sacess,3,54395.24166671837,marvin
Raimundez,pyswarm,4,52378.437315970295,marvin
Raimundez,pysacess_fides,10,677.3422619518226,marvin
Raimundez,sacess,10,7684.222254804721,marvin
Raimundez,pysacess_ipopt,8,860.4139669234531,marvin
Raimundez,pysacess_fides,3,632.3309830253709,marvin
Raimundez,pysacess,1,10410.42071125233,marvin
Raimundez,sacess_ipopt,6,706.6711302383767,marvin
Raimundez,sacess_ipopt,8,673.4852204828239,marvin
Raimundez,pysacess_fides,5,675.8083860250517,marvin
Raimundez,sacess_ipopt,3,670.9480274282917,marvin
Raimundez,pyswarm,2,27295.88761606856,marvin
Raimundez,pysacess_ipopt,9,718.2744779784992,marvin
Raimundez,pyswarm,10,62731.704439727946,marvin
Raimundez,pyswarm,6,60438.67487149402,marvin
Raimundez,sacess_dhc,7,1864.9909782471063,marvin
Raimundez,sacess_dhc,1,8919.234877519697,marvin
Raimundez,sacess,8,14629.159369834915,marvin
Raimundez,pysacess_ipopt,4,801.4469217970969,marvin
Raimundez,sacess,4,3653.3508800868817,marvin
Raimundez,sacess_dhc,2,3829.541002345404,marvin
Raimundez,sacess_ipopt,9,685.4698753427151,marvin
Raimundez,sacess_ipopt,1,674.7684314658911,marvin
Raimundez,tnc,4,19584.290048266656,marvin
Raimundez,sacess_ipopt,7,701.589003410774,marvin
Raimundez,tnc,6,20242.437615266892,marvin
Raimundez,sacess,6,11043.881996781753,marvin
Raimundez,sacess_dhc,9,8044.364086537059,marvin
Raimundez,sacess_ipopt,10,652.0436620317104,marvin
Raimundez,pyswarm,8,24958.689210108736,marvin
Raimundez,sacess_ipopt,4,693.4583592297366,marvin
Raimundez,sacess_dhc,4,3774.388219149597,marvin
Raimundez,SLSQP,6,1149.2862773589181,marvin
Raimundez,sacess_dhc,6,4373.715740790701,marvin
Raimundez,sacess_dhc,10,9425.846665910809,marvin
Raimundez,sacess_ipopt,2,753.2038802066627,marvin
Raimundez,sacess_dhc,3,9393.44821415549,marvin
Raimundez,sacess_dhc,8,9674.065022904208,marvin
Raimundez,sacess,2,10618.11266022274,marvin
Raimundez,nlopt_36,6,2827.584194537572,marvin
Raimundez,sacess,5,5363.746228815742,marvin
Raimundez,tnc,8,18272.75227402815,marvin
Raimundez,pyswarm,5,27544.74122454115,marvin
Raimundez,sacess_ipopt,5,670.57965903111,marvin
Raimundez,tnc,9,20005.792178171658,marvin
Raimundez,tnc,1,24424.365542402807,marvin
Raimundez,tnc,7,17002.173348159922,marvin
Raimundez,tnc,10,17230.277455776275,marvin
Raimundez,SLSQP,9,1134.843051152803,marvin
Raimundez,tnc,2,18930.93085558358,marvin
Raia,SLSQP,2,346.68206491328027,marvin
SalazarCavazos,BFGS,9,366.8646733183821,marvin
Raimundez,tnc,3,17610.025978285958,marvin
Raia,SLSQP,7,346.40946005356136,marvin
Raia,SLSQP,8,346.80755017456636,marvin
SalazarCavazos,L-BFGS-B,1,366.8615829409174,marvin
SalazarCavazos,BFGS,3,366.86618622684523,marvin
Raia,SLSQP,6,345.5371452891557,marvin
Raimundez,dogleg,3,66225.12377827898,marvin
SalazarCavazos,BFGS,1,366.86659120136756,marvin
SalazarCavazos,SLSQP,2,366.8615816680367,marvin
SalazarCavazos,BFGS,8,366.8625883327413,marvin
SalazarCavazos,BFGS,6,366.86719262072154,marvin
SalazarCavazos,cg,2,366.87404209517996,marvin
SalazarCavazos,BFGS,2,366.86624272578,marvin
Raimundez,dogleg,8,66095.4324479038,marvin
SalazarCavazos,BFGS,10,366.86880780449246,marvin
SalazarCavazos,cg,4,366.8643666227317,marvin
SalazarCavazos,Nelder-Mead,6,366.86157799700624,marvin
SalazarCavazos,BFGS,5,366.8696056834444,marvin
SalazarCavazos,BFGS,7,366.8662452790803,marvin
SalazarCavazos,L-BFGS-B,2,366.8615730125466,marvin
SalazarCavazos,SLSQP,3,366.8615773879579,marvin
SalazarCavazos,L-BFGS-B,3,366.86158302507516,marvin
SalazarCavazos,SLSQP,6,366.86158183078703,marvin
Raimundez,dogleg,4,65852.43199396873,marvin
SalazarCavazos,L-BFGS-B,6,366.8615816004567,marvin
SalazarCavazos,BFGS,4,366.8641684763707,marvin
Raimundez,dogleg,6,67801.39881028923,marvin
SalazarCavazos,L-BFGS-B,10,366.8615829811138,marvin
SalazarCavazos,COBYLA,10,366.87312638398043,marvin
SalazarCavazos,cmaes,3,366.8615734625892,marvin
SalazarCavazos,COBYLA,5,366.86541242601606,marvin
SalazarCavazos,cg,5,366.86219077466114,marvin
SalazarCavazos,cmaes,6,366.8615740031885,marvin
SalazarCavazos,SLSQP,4,366.8615730172466,marvin
SalazarCavazos,L-BFGS-B,7,366.86158167825096,marvin
SalazarCavazos,COBYLA,3,366.8685468757634,marvin
SalazarCavazos,cg,8,366.8679814923508,marvin
SalazarCavazos,cg,1,366.8693463212062,marvin
SalazarCavazos,cg,7,366.87087127333683,marvin
SalazarCavazos,cmaes,9,366.86157331414717,marvin
SalazarCavazos,cg,3,366.8717629651551,marvin
SalazarCavazos,L-BFGS-B,9,366.8615828391876,marvin
SalazarCavazos,cmaes,4,366.86157436415573,marvin
SalazarCavazos,COBYLA,4,366.8754677855399,marvin
SalazarCavazos,Nelder-Mead,7,366.86159465035155,marvin
Raimundez,dogleg,1,66223.19721497086,marvin
SalazarCavazos,cmaes,1,366.8615734761664,marvin
SalazarCavazos,cmaes,5,366.8615732169294,marvin
SalazarCavazos,COBYLA,7,366.8745448440606,marvin
SalazarCavazos,COBYLA,2,366.8709937829123,marvin
SalazarCavazos,cmaes,7,366.8615736225505,marvin
Raimundez,dogleg,7,66168.44726952056,marvin
Raimundez,dogleg,5,65645.07917426722,marvin
SalazarCavazos,L-BFGS-B,5,366.8615767792701,marvin
SalazarCavazos,cg,6,366.8669807168549,marvin
SalazarCavazos,ipopt,4,366.86157842336434,marvin
SalazarCavazos,COBYLA,1,366.86633506839956,marvin
SalazarCavazos,SLSQP,1,366.86158379404327,marvin
SalazarCavazos,SLSQP,9,366.86157320714324,marvin
SalazarCavazos,cmaes,10,366.8615731064161,marvin
SalazarCavazos,Nelder-Mead,1,366.8615935280113,marvin
SalazarCavazos,ipopt,3,366.8615730695524,marvin
Raimundez,dogleg,2,65804.34501961271,marvin
SalazarCavazos,SLSQP,5,366.8615730523841,marvin
SalazarCavazos,ipopt,8,366.8615884820555,marvin
SalazarCavazos,cg,9,366.86634014648314,marvin
SalazarCavazos,cg,10,366.8687246792503,marvin
SalazarCavazos,L-BFGS-B,8,366.8615817051019,marvin
SalazarCavazos,newton-cg,4,366.87723627790103,marvin
SalazarCavazos,ipopt,5,366.8615824430716,marvin
SalazarCavazos,ipopt,2,366.86157800518004,marvin
SalazarCavazos,ipopt,1,366.8616054983282,marvin
Raia,dogleg,5,921.6775552599948,marvin
SalazarCavazos,SLSQP,8,366.8615816577983,marvin
SalazarCavazos,cmaes,2,366.8615738814843,marvin
SalazarCavazos,ipopt,6,366.86159600079816,marvin
SalazarCavazos,Nelder-Mead,3,366.86158365380174,marvin
SalazarCavazos,SLSQP,7,366.861573011079,marvin
SalazarCavazos,cmaes,8,366.8615733260105,marvin
SalazarCavazos,COBYLA,8,366.8733304156452,marvin
SalazarCavazos,newton-cg,9,366.87864552164876,marvin
SalazarCavazos,ipopt,9,366.86159140972336,marvin
SalazarCavazos,ipopt,10,366.8615889151249,marvin
SalazarCavazos,ipopt,7,366.86157878254954,marvin
SalazarCavazos,newton-cg,6,366.8721467676686,marvin
SalazarCavazos,Nelder-Mead,10,366.8615928475484,marvin
SalazarCavazos,fides,8,366.8615730021921,marvin
SalazarCavazos,Nelder-Mead,9,366.86158330645685,marvin
SalazarCavazos,Nelder-Mead,4,366.8615875286185,marvin
SalazarCavazos,SLSQP,10,366.86158191741515,marvin
SalazarCavazos,Nelder-Mead,2,366.86157651705184,marvin
Raia,SLSQP,10,345.6420532242329,marvin
SalazarCavazos,Nelder-Mead,8,366.8615954301145,marvin
SalazarCavazos,COBYLA,6,366.8703234609542,marvin
SalazarCavazos,newton-cg,8,366.9436833288497,marvin
SalazarCavazos,newton-cg,1,367.1016295810373,marvin
Raimundez,dogleg,10,66465.26765214761,marvin
Raia,SLSQP,3,345.9710440494389,marvin
SalazarCavazos,newton-cg,7,366.92892738646964,marvin
SalazarCavazos,Nelder-Mead,5,366.86157824620915,marvin
Raimundez,dogleg,9,65552.96556010463,marvin
SalazarCavazos,newton-cg,2,366.90796320924727,marvin
SalazarCavazos,nlopt_11,2,366.86158156514534,marvin
SalazarCavazos,L-BFGS-B,4,366.86158295051104,marvin
SalazarCavazos,newton-cg,5,366.90081893248544,marvin
SalazarCavazos,nlopt_11,8,366.8615733167778,marvin
SalazarCavazos,nlopt_11,9,366.86158160784726,marvin
SalazarCavazos,nlopt_11,10,366.8615730036416,marvin
SalazarCavazos,newton-cg,3,366.8736782022171,marvin
SalazarCavazos,nlopt_11,6,366.86158177515074,marvin
SalazarCavazos,nlopt_13,5,366.86157301387874,marvin
SalazarCavazos,nlopt_13,7,366.8615730097378,marvin
SalazarCavazos,nlopt_11,5,366.8615730036296,marvin
SalazarCavazos,COBYLA,9,366.87503955555997,marvin
SalazarCavazos,fides,7,366.86157400217365,marvin
SalazarCavazos,nlopt_14,10,366.86157301950414,marvin
SalazarCavazos,fides,5,366.86157300370724,marvin
SalazarCavazos,nlopt_11,4,366.86157300218224,marvin
SalazarCavazos,nlopt_13,6,366.86157301786767,marvin
SalazarCavazos,newton-cg,10,366.87779936948834,marvin
SalazarCavazos,nlopt_14,5,366.8615731572429,marvin
SalazarCavazos,nlopt_14,2,366.86157305394687,marvin
SalazarCavazos,nlopt_12,1,366.8616315315887,marvin
SalazarCavazos,nlopt_12,2,366.86162502389607,marvin
SalazarCavazos,nlopt_14,4,366.8615730001669,marvin
SalazarCavazos,fides,4,366.861577388322,marvin
SalazarCavazos,nlopt_13,3,366.86157300495563,marvin
SalazarCavazos,nlopt_11,7,366.8615730016696,marvin
SalazarCavazos,nlopt_15,1,366.86158156826923,marvin
SalazarCavazos,nlopt_13,2,366.8615730228348,marvin
SalazarCavazos,fides,2,366.86157300837135,marvin
SalazarCavazos,nlopt_13,1,366.86157304080996,marvin
SalazarCavazos,nlopt_15,9,366.86158254490294,marvin
SalazarCavazos,nlopt_15,2,366.86158156198917,marvin
SalazarCavazos,nlopt_12,9,366.8616787348507,marvin
SalazarCavazos,nlopt_15,6,366.86158681395165,marvin
SalazarCavazos,nlopt_16,9,366.8615815559386,marvin
SalazarCavazos,nlopt_13,4,366.8615731200163,marvin
SalazarCavazos,fides,6,366.86157324678817,marvin
SalazarCavazos,nlopt_12,8,366.86165345063733,marvin
Raimundez,trust-ncg,5,68445.87708998789,marvin
SalazarCavazos,nlopt_21,4,366.8615963634258,marvin
SalazarCavazos,nlopt_11,3,366.86157300201,marvin
SalazarCavazos,fides,10,366.86157308002856,marvin
SalazarCavazos,nlopt_15,10,366.8615730181705,marvin
SalazarCavazos,nlopt_13,9,366.8615730029611,marvin
SalazarCavazos,nlopt_16,4,366.86158186986756,marvin
SalazarCavazos,nlopt_16,1,366.86158392076067,marvin
SalazarCavazos,nlopt_13,10,366.86157304219194,marvin
SalazarCavazos,nlopt_11,1,366.86157300476646,marvin
Raimundez,trust-ncg,3,66430.05698342662,marvin
SalazarCavazos,nlopt_12,6,366.8616504327249,marvin
SalazarCavazos,nlopt_15,3,366.8615730169242,marvin
SalazarCavazos,nlopt_15,8,366.8615815818657,marvin
SalazarCavazos,fides,3,366.86157300544414,marvin
SalazarCavazos,nlopt_12,4,366.8616804264981,marvin
SalazarCavazos,nlopt_15,4,366.86157300423713,marvin
SalazarCavazos,nlopt_14,1,366.8615730139487,marvin
SalazarCavazos,nlopt_15,7,366.86158382404403,marvin
SalazarCavazos,nlopt_18,9,366.8615730213715,marvin
SalazarCavazos,nlopt_12,7,366.86165861079076,marvin
Raimundez,trust-krylov,7,68623.4398437664,marvin
SalazarCavazos,nlopt_15,5,366.8615815634133,marvin
Raimundez,trust-ncg,2,66370.81820550596,marvin
SalazarCavazos,nlopt_16,2,366.86157299694054,marvin
SalazarCavazos,nlopt_13,8,366.86157301275335,marvin
Raimundez,trust-krylov,10,66061.98105786058,marvin
Raia,dogleg,10,838.7249974660465,marvin
SalazarCavazos,nlopt_21,6,366.8615895070375,marvin
SalazarCavazos,nlopt_16,5,366.86157304116705,marvin
SalazarCavazos,nlopt_12,10,366.86166608204064,marvin
SalazarCavazos,nlopt_21,5,366.8615845049696,marvin
SalazarCavazos,nlopt_14,6,366.86157301351176,marvin
SalazarCavazos,nlopt_18,2,366.8615730436858,marvin
SalazarCavazos,nlopt_21,2,366.8615998176165,marvin
SalazarCavazos,fides,9,366.8615816098305,marvin
SalazarCavazos,nlopt_21,10,366.8616018393297,marvin
SalazarCavazos,nlopt_23,2,366.86160032062577,marvin
SalazarCavazos,nlopt_16,10,366.86158283173523,marvin
SalazarCavazos,nlopt_21,7,366.86159579625894,marvin
Raimundez,trust-krylov,6,70184.65876989673,marvin
SalazarCavazos,nlopt_18,5,366.86157650874225,marvin
SalazarCavazos,nlopt_21,9,366.8616004442621,marvin
Raimundez,trust-ncg,9,67539.22935058508,marvin
SalazarCavazos,nlopt_16,8,366.86157347435574,marvin
SalazarCavazos,nlopt_16,6,366.8615770025116,marvin
SalazarCavazos,nlopt_21,1,366.861601882826,marvin
Raia,SLSQP,9,345.6571699139518,marvin
SalazarCavazos,nlopt_18,1,366.8615730564696,marvin
Raimundez,trust-krylov,4,68293.83654105234,marvin
SalazarCavazos,nlopt_14,9,366.8615738836766,marvin
Raia,dogleg,1,844.689024214513,marvin
SalazarCavazos,nlopt_21,3,366.8616021406568,marvin
Raimundez,trust-krylov,2,69279.04673257984,marvin
SalazarCavazos,nlopt_16,7,366.8615816617197,marvin
SalazarCavazos,nlopt_18,6,366.86158281560233,marvin
SalazarCavazos,nlopt_14,3,366.8615730035598,marvin
SalazarCavazos,nlopt_18,8,366.86157322283174,marvin
SalazarCavazos,nlopt_21,8,366.8616016387386,marvin
Raimundez,trust-ncg,8,66021.15432308525,marvin
SalazarCavazos,nlopt_14,8,366.86157334267256,marvin
SalazarCavazos,nlopt_23,5,366.86161066916236,marvin
SalazarCavazos,fides,1,366.8615816938484,marvin
Raimundez,trust-krylov,5,66407.43649349292,marvin
SalazarCavazos,nlopt_29,1,366.86160577883356,marvin
SalazarCavazos,nlopt_23,1,366.86160677961595,marvin
SalazarCavazos,nlopt_26,3,366.86305385822334,marvin
SalazarCavazos,nlopt_23,4,366.86160134592274,marvin
SalazarCavazos,nlopt_18,3,366.86157300695913,marvin
SalazarCavazos,nlopt_14,7,366.86157300670385,marvin
SalazarCavazos,nlopt_29,6,366.861598423145,marvin
Raimundez,trust-ncg,7,66226.89203118537,marvin
SalazarCavazos,nlopt_12,5,366.86167312791144,marvin
SalazarCavazos,nlopt_23,7,366.86161411693973,marvin
SalazarCavazos,nlopt_18,4,366.861581565502,marvin
Raimundez,trust-krylov,1,68407.72718453419,marvin
SalazarCavazos,nlopt_16,3,366.86157725599617,marvin
SalazarCavazos,nlopt_29,4,366.86162877129084,marvin
SalazarCavazos,nlopt_29,7,366.8616165795731,marvin
SalazarCavazos,nlopt_23,3,366.86160493496595,marvin
SalazarCavazos,nlopt_29,8,366.8616015815761,marvin
Raimundez,trust-krylov,8,66310.31790879366,marvin
Raia,dogleg,3,808.9107665046321,marvin
SalazarCavazos,nlopt_29,10,366.86159732304964,marvin
SalazarCavazos,nlopt_26,2,366.86229638105965,marvin
SalazarCavazos,nlopt_29,3,366.86160158566855,marvin
SalazarCavazos,nlopt_34,5,366.8616015836501,marvin
SalazarCavazos,nlopt_23,8,366.8616057454709,marvin
SalazarCavazos,nlopt_23,9,366.8616282288873,marvin
SalazarCavazos,nlopt_18,10,366.8615729995941,marvin
SalazarCavazos,nlopt_26,1,366.8629305127338,marvin
SalazarCavazos,nlopt_34,9,366.86158669846725,marvin
SalazarCavazos,nlopt_29,2,366.8616016261274,marvin
SalazarCavazos,nlopt_26,10,366.86331857321926,marvin
SalazarCavazos,nlopt_29,9,366.86162269923034,marvin
SalazarCavazos,nlopt_18,7,366.86157301019983,marvin
SalazarCavazos,nlopt_36,3,366.86157300344917,marvin
SalazarCavazos,nlopt_37,9,366.8615730019378,marvin
SalazarCavazos,nlopt_34,4,366.86158833910883,marvin
SalazarCavazos,nlopt_26,4,366.8627071944621,marvin
SalazarCavazos,nlopt_29,5,366.86160186230705,marvin
SalazarCavazos,pysacess,6,366.8616115142942,marvin
SalazarCavazos,pysacess,1,366.8616150096592,marvin
SalazarCavazos,pysacess_cmaes,4,366.8615739251792,marvin
SalazarCavazos,nlopt_26,9,366.86263661019586,marvin
SalazarCavazos,pysacess,5,366.86160992048036,marvin
SalazarCavazos,nlopt_34,3,366.8615863450565,marvin
SalazarCavazos,pysacess_cmaes,1,366.8615740329906,marvin
SalazarCavazos,pysacess,10,366.8616074619647,marvin
SalazarCavazos,nlopt_36,2,366.86157301005807,marvin
SalazarCavazos,pysacess,2,366.86160905199023,marvin
SalazarCavazos,nlopt_34,1,366.86159814516594,marvin
SalazarCavazos,nlopt_37,6,366.8615732702991,marvin
SalazarCavazos,nlopt_36,10,366.86157309048383,marvin
Raimundez,trust-ncg,6,66376.47987534365,marvin
SalazarCavazos,pysacess,9,366.8616076428931,marvin
SalazarCavazos,nlopt_26,7,366.86291540823163,marvin
SalazarCavazos,pysacess,3,366.8616122556567,marvin
SalazarCavazos,nlopt_12,3,366.86165006866776,marvin
Raimundez,trust-krylov,3,68043.85547266732,marvin
SalazarCavazos,nlopt_37,5,366.8615730068247,marvin
SalazarCavazos,pysacess_cmaes,7,366.8615750164797,marvin
SalazarCavazos,nlopt_23,6,366.8616021266368,marvin
SalazarCavazos,nlopt_26,5,366.8626842992857,marvin
SalazarCavazos,pysacess,7,366.86160512504546,marvin
SalazarCavazos,pysacess_cmaes,9,366.8615738700536,marvin
SalazarCavazos,nlopt_23,10,366.8615981297322,marvin
SalazarCavazos,nlopt_37,10,366.8615730190262,marvin
SalazarCavazos,nlopt_34,10,366.8615858190231,marvin
SalazarCavazos,nlopt_39,7,366.8616044463002,marvin
SalazarCavazos,pysacess_cmaes,5,366.8615748675901,marvin
SalazarCavazos,nlopt_36,4,366.86158162269766,marvin
SalazarCavazos,pysacess_fides,1,366.86157318257494,marvin
SalazarCavazos,pysacess,4,366.8616091463351,marvin
SalazarCavazos,nlopt_37,2,366.8615730048184,marvin
SalazarCavazos,pysacess_fides,7,366.86161541872525,marvin
SalazarCavazos,nlopt_39,8,366.8616259750322,marvin
SalazarCavazos,nlopt_39,4,366.86160155652914,marvin
SalazarCavazos,nlopt_34,6,366.86159859454847,marvin
SalazarCavazos,pysacess,8,366.8616118750402,marvin
SalazarCavazos,pysacess_cmaes,6,366.8615737464109,marvin
SalazarCavazos,nlopt_36,5,366.86157300837715,marvin
Raia,dogleg,9,925.8989473820209,marvin
SalazarCavazos,nlopt_28,6,366.8615783513258,marvin
SalazarCavazos,nlopt_26,6,366.8633910107857,marvin
SalazarCavazos,pysacess_fides,2,366.8616175048065,marvin
SalazarCavazos,nlopt_34,2,366.86159748753226,marvin
SalazarCavazos,nlopt_28,5,366.8615753906301,marvin
SalazarCavazos,pysacess_fides,3,366.861638815333,marvin
SalazarCavazos,nlopt_26,8,366.8624607216579,marvin
SalazarCavazos,pysacess_fides,6,366.8616111639762,marvin
SalazarCavazos,nlopt_39,3,366.86166469135753,marvin
SalazarCavazos,pysacess_fides,9,366.86171440630585,marvin
SalazarCavazos,nlopt_39,1,366.8616058535996,marvin
Raia,dogleg,4,784.9723170612496,marvin
SalazarCavazos,nlopt_36,6,366.8615730025835,marvin
SalazarCavazos,pysacess_cmaes,2,366.86157465330416,marvin
SalazarCavazos,sacess,3,366.8615979789138,marvin
SalazarCavazos,pysacess_fides,4,367.0814540435517,marvin
SalazarCavazos,pysacess_ipopt,4,367.00197612006025,marvin
SalazarCavazos,pysacess_ipopt,5,367.2535123793461,marvin
Raimundez,trust-ncg,10,65010.6316745011,marvin
SalazarCavazos,sacess,1,366.8616000703449,marvin
SalazarCavazos,nlopt_39,6,366.86163041337164,marvin
SalazarCavazos,nlopt_37,4,366.8615730248245,marvin
SalazarCavazos,pysacess_ipopt,6,366.86172347803955,marvin
SalazarCavazos,pysacess_fides,10,366.9002272494521,marvin
Raia,dogleg,2,814.9401497008513,marvin
SalazarCavazos,sacess_dhc,8,366.86158091503984,marvin
SalazarCavazos,nlopt_39,10,366.86160122538234,marvin
SalazarCavazos,pysacess_ipopt,8,366.86166547816003,marvin
SalazarCavazos,nlopt_36,9,366.8615824208916,marvin
Raimundez,trust-ncg,1,65445.77396516351,marvin
Raimundez,trust-ncg,4,67305.92718454714,marvin
SalazarCavazos,pysacess_fides,5,366.86167331726745,marvin
SalazarCavazos,sacess,7,366.86160092040853,marvin
SalazarCavazos,nlopt_39,9,366.86161876745246,marvin
SalazarCavazos,sacess,6,366.86158160110995,marvin
SalazarCavazos,nlopt_28,7,366.8615830524227,marvin
SalazarCavazos,pysacess_cmaes,10,366.8615738628062,marvin
SalazarCavazos,sacess,9,366.8615951557848,marvin
SalazarCavazos,sacess_ipopt,6,366.86157341818074,marvin
SalazarCavazos,pysacess_cmaes,3,366.8615733685722,marvin
SalazarCavazos,pysacess_ipopt,9,367.0099789702506,marvin
SalazarCavazos,sacess,10,366.86160102097904,marvin
SalazarCavazos,nlopt_37,7,366.8615730014524,marvin
SalazarCavazos,pysacess_ipopt,10,367.08233737270626,marvin
Raia,dogleg,8,823.024212410594,marvin
SalazarCavazos,nlopt_34,8,366.8615991428452,marvin
SalazarCavazos,nlopt_34,7,366.86157515031346,marvin
SalazarCavazos,nlopt_28,1,366.8615774715531,marvin
SalazarCavazos,pysacess_fides,8,366.8616308130189,marvin
SalazarCavazos,nlopt_39,5,366.8616249317063,marvin
SalazarCavazos,sacess,5,366.8615938780261,marvin
SalazarCavazos,sacess_dhc,3,366.86158309269695,marvin
SalazarCavazos,pysacess_ipopt,7,366.8615844203612,marvin
SalazarCavazos,pyswarm,8,366.92487249768993,marvin
SalazarCavazos,sacess_ipopt,10,366.8615730033297,marvin
SalazarCavazos,sacess_ipopt,4,366.86157301842695,marvin
SalazarCavazos,sacess_ipopt,9,366.8615737616416,marvin
SalazarCavazos,sacess,2,366.8615915050763,marvin
SalazarCavazos,sacess_dhc,2,366.8615875213837,marvin
SalazarCavazos,pyswarm,2,366.9398641245975,marvin
SalazarCavazos,sacess_ipopt,1,366.861573012435,marvin
SalazarCavazos,pysacess_ipopt,3,366.86219409544634,marvin
SalazarCavazos,pysacess_ipopt,2,367.1911189967428,marvin
SalazarCavazos,pyswarm,9,366.8715913201542,marvin
SalazarCavazos,sacess_ipopt,8,366.8615730189241,marvin
SalazarCavazos,pyswarm,4,366.8680653831682,marvin
SalazarCavazos,sacess_ipopt,2,366.861573133348,marvin
SalazarCavazos,sacess_ipopt,3,366.86157300891944,marvin
SalazarCavazos,nlopt_37,8,366.8615730046595,marvin
SalazarCavazos,nlopt_39,2,366.8617722770846,marvin
SalazarCavazos,nlopt_36,8,366.86157300209027,marvin
SalazarCavazos,sacess_dhc,1,366.8615837610308,marvin
SalazarCavazos,sacess,4,366.86159533818926,marvin
SalazarCavazos,sacess_dhc,7,366.8615831984057,marvin
SalazarCavazos,sacess_dhc,9,366.86157791700634,marvin
SalazarCavazos,pysacess_ipopt,1,366.861583161136,marvin
SalazarCavazos,nlopt_36,7,366.861573823311,marvin
SalazarCavazos,pysacess_cmaes,8,366.86157446951256,marvin
SalazarCavazos,pyswarm,7,366.9008946720435,marvin
Raimundez,trust-krylov,9,67359.91897888851,marvin
SalazarCavazos,sacess_dhc,6,366.8615819675142,marvin
SalazarCavazos,pyswarm,3,366.87316916513845,marvin
SalazarCavazos,nlopt_28,4,366.8615770332945,marvin
SalazarCavazos,nlopt_28,9,366.8615776981517,marvin
SalazarCavazos,sacess_dhc,10,366.86158296104975,marvin
Raia,dogleg,6,727.869049360959,marvin
SalazarCavazos,pyswarm,5,366.86695340611413,marvin
SalazarCavazos,pyswarm,1,366.9076912135506,marvin
SalazarCavazos,sacess_dhc,5,366.86158877331457,marvin
SalazarCavazos,nlopt_36,1,366.86157300251864,marvin
SalazarCavazos,nlopt_28,3,366.86158314676476,marvin
SalazarCavazos,sacess,8,366.8615952708011,marvin
SalazarCavazos,pyswarm,6,366.8646849796596,marvin
SalazarCavazos,sacess_ipopt,7,366.8615730150248,marvin
SalazarCavazos,sacess_dhc,4,366.86158348601055,marvin
SalazarCavazos,nlopt_37,3,366.86157301583717,marvin
Schwen,L-BFGS-B,1,952.4265988636141,marvin
SalazarCavazos,nlopt_28,10,366.8615780790808,marvin
Raia,dogleg,7,859.1942474535657,marvin
SalazarCavazos,sacess_ipopt,5,366.8615730177429,marvin
Schwen,L-BFGS-B,4,952.4247286075882,marvin
Schwen,cg,1,7706.078243945577,marvin
Schwen,L-BFGS-B,9,952.423765709922,marvin
SalazarCavazos,nlopt_37,1,366.8615738093205,marvin
SalazarCavazos,nlopt_28,8,366.8615736704706,marvin
Schwen,cg,2,6069.5706382277085,marvin
Schwen,L-BFGS-B,6,952.4238756774533,marvin
Schwen,L-BFGS-B,5,952.4253688867291,marvin
SalazarCavazos,dogleg,2,404.15464467323955,marvin
SalazarCavazos,tnc,2,366.86239430903055,marvin
SalazarCavazos,nlopt_28,2,366.86158180129326,marvin
SalazarCavazos,pyswarm,10,366.8804000059769,marvin
SalazarCavazos,dogleg,7,437.0790252461355,marvin
Schwen,cg,7,8390.703977291254,marvin
Schwen,Nelder-Mead,2,1001.0616269560688,marvin
Schwen,L-BFGS-B,2,952.429076695469,marvin
Schwen,Nelder-Mead,3,978.9938322119115,marvin
Schwen,Nelder-Mead,7,985.4890105021781,marvin
Schwen,cg,9,5386.1672297604055,marvin
Schwen,cg,4,5826.688170516132,marvin
SalazarCavazos,dogleg,10,444.5924130654545,marvin
Schwen,cmaes,9,952.4217285807512,marvin
Schwen,cg,5,7939.762359189115,marvin
Schwen,cmaes,6,952.4217344024695,marvin
Schwen,cg,10,8499.00622527214,marvin
Schwen,cg,3,2826.873339290538,marvin
Schwen,L-BFGS-B,3,952.4247541666888,marvin
Schwen,cg,8,4536.161605345981,marvin
SalazarCavazos,dogleg,4,433.718470160371,marvin
Schwen,cmaes,4,952.421731679268,marvin
Schwen,cmaes,3,952.421728522811,marvin
Schwen,cg,6,5374.062299828011,marvin
Schwen,cmaes,7,952.4217379197714,marvin
Schwen,Nelder-Mead,6,1004.9046516674183,marvin
SalazarCavazos,dogleg,5,414.14319041624594,marvin
Schwen,cmaes,10,952.4217444925603,marvin
Schwen,Nelder-Mead,8,976.2496020134197,marvin
SalazarCavazos,dogleg,1,420.02512488058056,marvin
SalazarCavazos,tnc,9,366.8763866032032,marvin
Schwen,Nelder-Mead,1,996.3126081775325,marvin
SalazarCavazos,tnc,5,366.8653645062003,marvin
SalazarCavazos,tnc,10,366.86451588004417,marvin
Schwen,cmaes,5,952.4217283574193,marvin
Schwen,cmaes,2,952.4217289975612,marvin
Schwen,Nelder-Mead,9,989.5962831643216,marvin
SalazarCavazos,tnc,8,366.8660539003431,marvin
Schwen,Nelder-Mead,4,962.3566162969358,marvin
Schwen,L-BFGS-B,10,952.4242461992785,marvin
Schwen,cmaes,1,952.4217279048867,marvin
Schwen,Nelder-Mead,5,1011.8565362803948,marvin
Schwen,L-BFGS-B,7,952.4227578089715,marvin
Schwen,Nelder-Mead,10,970.1971477368284,marvin
SalazarCavazos,tnc,7,366.8666282219048,marvin
Schwen,cmaes,8,952.4217308366278,marvin
Schwen,dogleg,4,3941.746267095706,marvin
SalazarCavazos,tnc,1,366.86469774761815,marvin
SalazarCavazos,tnc,6,366.8649899503711,marvin
SalazarCavazos,tnc,3,366.86181730872664,marvin
Schwen,L-BFGS-B,8,952.433026209375,marvin
Schwen,dogleg,10,4178.093256283916,marvin
Schwen,ipopt,3,952.42380494114,marvin
Schwen,dogleg,5,1522.393035012279,marvin
Schwen,ipopt,6,952.4241939310637,marvin
SalazarCavazos,dogleg,9,413.1667973012206,marvin
Schwen,ipopt,7,952.4249366687957,marvin
SalazarCavazos,tnc,4,366.8705392515596,marvin
Schwen,dogleg,1,3981.401220779608,marvin
Schwen,fides,6,952.4217463774926,marvin
Schwen,ipopt,10,952.4234198402812,marvin
Schwen,fides,7,952.4217389371041,marvin
Schwen,ipopt,2,952.4250980214257,marvin
Schwen,ipopt,4,952.4244438616421,marvin
Schwen,newton-cg,4,1365.9482777478247,marvin
Schwen,ipopt,9,952.427343617599,marvin
Schwen,ipopt,1,952.4234086051811,marvin
SalazarCavazos,dogleg,3,444.49729577205215,marvin
Schwen,dogleg,7,4074.4244402529403,marvin
Schwen,newton-cg,1,1756.1374530490675,marvin
SalazarCavazos,dogleg,6,426.8822634369699,marvin
Schwen,dogleg,9,3275.9848526514247,marvin
Schwen,dogleg,2,3452.5131433952224,marvin
Schwen,newton-cg,2,1935.7417930269764,marvin
Schwen,dogleg,3,2324.731880744579,marvin
Schwen,newton-cg,6,1593.8258523461104,marvin
Schwen,dogleg,8,4612.607802292966,marvin
Schwen,ipopt,8,952.4267194272712,marvin
Schwen,nlopt_11,1,952.4217255972025,marvin
Schwen,newton-cg,5,1372.8794119630459,marvin
Schwen,newton-cg,3,1613.5998111733843,marvin
Schwen,ipopt,5,952.4242433598719,marvin
Schwen,fides,10,952.4217365441773,marvin
Schwen,dogleg,6,4786.133165942555,marvin
Schwen,newton-cg,10,1386.178563475588,marvin
Schwen,nlopt_11,3,952.4217254769196,marvin
Schwen,fides,2,952.4217469367408,marvin
Schwen,newton-cg,7,1244.0172319394865,marvin
Schwen,nlopt_11,4,952.4217254761277,marvin
Schwen,fides,9,952.421726306387,marvin
Schwen,newton-cg,9,1442.7923349323758,marvin
Schwen,nlopt_11,7,952.4217256042529,marvin
SalazarCavazos,dogleg,8,401.71400604331086,marvin
Schwen,nlopt_11,8,952.4217255473716,marvin
Schwen,BFGS,6,1433.6794001835221,marvin
Schwen,BFGS,7,1270.5439395245605,marvin
Schwen,nlopt_11,2,952.4217254712988,marvin
Schwen,nlopt_11,10,952.4217257293935,marvin
Schwen,nlopt_11,9,952.421725586445,marvin
Schwen,nlopt_13,2,952.4217255503804,marvin
Schwen,nlopt_12,2,1074.9298029442662,marvin
Schwen,nlopt_13,1,952.421725734669,marvin
Schwen,nlopt_13,6,952.4217256570786,marvin
Schwen,fides,4,952.4217275174849,marvin
Schwen,COBYLA,3,1030.975988301642,marvin
Schwen,fides,5,952.421726494892,marvin
Schwen,BFGS,5,1722.5580571167513,marvin
Schwen,nlopt_13,3,952.4217260033068,marvin
Schwen,nlopt_12,7,1115.6303127356032,marvin
Schwen,nlopt_15,4,953.1941761084531,marvin
Schwen,nlopt_12,4,1156.5815378463765,marvin
Schwen,fides,8,952.4217422716695,marvin
Schwen,BFGS,3,1476.3713993569186,marvin
Schwen,BFGS,8,1610.8243525749567,marvin
Schwen,nlopt_14,2,952.4217255693379,marvin
Schwen,BFGS,9,1821.7065551074563,marvin
Schwen,nlopt_11,6,952.4217255516394,marvin
Schwen,nlopt_13,9,952.42172575852,marvin
Schwen,fides,1,952.4217285107942,marvin
Schwen,COBYLA,8,1022.7872966651254,marvin
Schwen,nlopt_13,5,952.4217257342358,marvin
Schwen,nlopt_16,4,952.4319085588186,marvin
Schwen,nlopt_16,3,952.432259802237,marvin
Schwen,BFGS,4,2177.815040836486,marvin
Schwen,nlopt_15,2,952.4222334767087,marvin
Schwen,newton-cg,8,1570.6723476102825,marvin
Schwen,nlopt_16,6,952.4228815199373,marvin
Schwen,nlopt_11,5,952.4217256474782,marvin
Schwen,BFGS,1,1618.2693908654155,marvin
Schwen,nlopt_13,10,952.4217258747597,marvin
Schwen,nlopt_15,10,952.4221239265223,marvin
Schwen,nlopt_18,1,952.421791407579,marvin
Schwen,nlopt_15,5,952.4230663895254,marvin
Schwen,nlopt_15,1,952.422626833121,marvin
Schwen,nlopt_18,6,952.4219043660092,marvin
Schwen,nlopt_14,3,952.4217257603544,marvin
Schwen,nlopt_15,7,952.431922817331,marvin
Schwen,nlopt_18,4,952.4217289490532,marvin
Schwen,nlopt_16,8,952.4224052666348,marvin
Schwen,nlopt_15,3,952.4234540493104,marvin
Schwen,nlopt_16,7,952.4233668949677,marvin
Schwen,nlopt_18,5,952.4217401598296,marvin
Schwen,nlopt_14,6,952.4217255468844,marvin
Schwen,nlopt_14,4,952.4217258520529,marvin
Schwen,nlopt_14,9,952.4217258348556,marvin
Schwen,nlopt_15,8,952.4222223340055,marvin
Schwen,nlopt_21,5,952.4228184976207,marvin
Schwen,nlopt_13,7,952.4217257649157,marvin
Schwen,nlopt_16,10,952.4226387281791,marvin
Schwen,nlopt_15,9,952.4227232709758,marvin
Schwen,nlopt_21,3,952.4243255801289,marvin
Schwen,nlopt_18,3,952.4217726315818,marvin
Schwen,nlopt_16,2,953.1942806562303,marvin
Schwen,nlopt_13,4,952.4217256049275,marvin
Schwen,nlopt_15,6,952.4231273075192,marvin
Schwen,nlopt_21,6,952.4250307370743,marvin
Schwen,nlopt_16,9,952.4223707697953,marvin
Schwen,nlopt_23,2,952.437575232134,marvin
Schwen,BFGS,10,1524.9035801990212,marvin
Schwen,nlopt_21,10,952.4286085562641,marvin
Schwen,nlopt_21,4,952.425039850254,marvin
Schwen,nlopt_18,2,952.4217383505654,marvin
Schwen,nlopt_13,8,952.421725767233,marvin
Schwen,nlopt_23,5,952.4236107259411,marvin
Schwen,COBYLA,7,1004.6840615596481,marvin
Schwen,nlopt_14,5,952.4217256637448,marvin
Schwen,nlopt_14,10,952.4217255840206,marvin
Schwen,nlopt_18,9,952.4217280738255,marvin
Schwen,BFGS,2,1835.2070021854477,marvin
Schwen,nlopt_21,1,952.4259331301798,marvin
Schwen,nlopt_16,5,952.4319638002885,marvin
Schwen,nlopt_21,8,952.4383231389802,marvin
Schwen,nlopt_23,4,952.423918207465,marvin
Schwen,nlopt_21,2,952.431818897665,marvin
Schwen,nlopt_23,3,952.4318157087897,marvin
Schwen,nlopt_23,6,952.4305068527862,marvin
Schwen,nlopt_28,9,954.758115629626,marvin
Schwen,nlopt_26,1,1692.6521000085752,marvin
Schwen,nlopt_21,9,952.4244470062085,marvin
Schwen,nlopt_23,8,952.4256842572987,marvin
Schwen,nlopt_26,4,3652.173848317436,marvin
Schwen,nlopt_28,4,953.1961044548747,marvin
Schwen,nlopt_18,10,952.4217484242236,marvin
Schwen,nlopt_18,8,952.4225751192572,marvin
Schwen,nlopt_14,7,952.4217256060115,marvin
SalazarCavazos,trust-krylov,8,447.2875247936054,marvin
Schwen,nlopt_18,7,952.4217259414422,marvin
Schwen,nlopt_28,2,953.4425087707814,marvin
Schwen,nlopt_12,3,1118.7935759478553,marvin
Schwen,nlopt_23,10,952.4333005125815,marvin
Schwen,nlopt_23,7,952.4326244998306,marvin
Schwen,nlopt_23,1,952.4262753233321,marvin
Schwen,nlopt_26,6,1619.380263487263,marvin
Schwen,nlopt_14,8,952.4217257652008,marvin
Schwen,nlopt_12,8,1074.051757285534,marvin
Schwen,COBYLA,10,1005.7263214592737,marvin
Schwen,nlopt_28,10,956.4146853291924,marvin
Schwen,nlopt_26,9,1527.0618898052785,marvin
Schwen,nlopt_29,2,952.4275449053422,marvin
Schwen,nlopt_21,7,952.4255815287245,marvin
Schwen,nlopt_28,7,953.5277907175569,marvin
Schwen,nlopt_23,9,952.4415982366353,marvin
Schwen,nlopt_29,3,952.4372543889365,marvin
Schwen,nlopt_28,1,954.7015856690507,marvin
Schwen,fides,3,952.4217283187259,marvin
Schwen,nlopt_26,5,2781.1759699982126,marvin
Schwen,nlopt_14,1,952.421725739287,marvin
Schwen,nlopt_34,6,953.206613903074,marvin
Schwen,nlopt_29,1,952.4304023898403,marvin
Schwen,nlopt_29,7,952.425313908717,marvin
Schwen,nlopt_28,6,953.134697511686,marvin
Schwen,nlopt_34,9,952.4366192235257,marvin
Schwen,nlopt_12,10,1070.220091623225,marvin
Schwen,nlopt_26,7,2110.080772564689,marvin
Schwen,nlopt_26,3,1893.6970721717805,marvin
Schwen,nlopt_12,5,1057.1868645940335,marvin
Schwen,nlopt_12,1,1123.8383948113062,marvin
Schwen,nlopt_29,5,952.4245901152244,marvin
Schwen,nlopt_28,8,952.7706362522474,marvin
Schwen,nlopt_34,4,952.4263414048575,marvin
Schwen,nlopt_34,1,952.432736354386,marvin
Schwen,nlopt_26,10,2391.461918758751,marvin
Schwen,COBYLA,4,1055.0689309965694,marvin
Schwen,nlopt_29,9,952.4333628572342,marvin
Schwen,nlopt_26,2,1638.35433726231,marvin
Schwen,nlopt_29,6,952.4376161576857,marvin
Schwen,nlopt_16,1,952.423948405905,marvin
Schwen,nlopt_28,3,954.2325071169436,marvin
Schwen,nlopt_34,3,954.0374851255563,marvin
Schwen,nlopt_34,5,953.8557178708913,marvin
Schwen,nlopt_34,10,952.4297124953322,marvin
Schwen,nlopt_39,8,952.4291327737523,marvin
Schwen,nlopt_39,1,952.4255096227432,marvin
Schwen,nlopt_39,4,952.4247029329028,marvin
Schwen,pysacess,9,956.5184895938672,marvin
Schwen,nlopt_29,4,952.4452717285409,marvin
Schwen,nlopt_29,10,952.4322999017397,marvin
Schwen,nlopt_39,3,952.4333658116747,marvin
Schwen,pysacess_cmaes,7,952.4217266281097,marvin
Schwen,nlopt_39,7,952.4396290450762,marvin
Schwen,nlopt_39,9,952.4270868509792,marvin
Schwen,nlopt_34,2,952.4255838602912,marvin
Schwen,nlopt_36,5,952.4217256073074,marvin
Schwen,nlopt_34,8,952.4335755575187,marvin
Schwen,COBYLA,1,1025.915907867572,marvin
Schwen,nlopt_28,5,952.796452059248,marvin
Schwen,pysacess_cmaes,3,952.421773126621,marvin
Schwen,pysacess_fides,2,952.421728491389,marvin
Schwen,pysacess,2,953.8410393497817,marvin
Schwen,nlopt_39,2,952.4344109332205,marvin
Schwen,nlopt_34,7,952.4386928768442,marvin
SalazarCavazos,trust-krylov,5,410.5402883832116,marvin
Schwen,pysacess,10,956.5184016281099,marvin
Schwen,pysacess_fides,1,952.4217276878351,marvin
Schwen,nlopt_12,9,1102.8172268806472,marvin
Schwen,pysacess_fides,6,952.4217399700461,marvin
Schwen,nlopt_37,6,952.4217255863157,marvin
Schwen,pysacess,3,952.4271829002139,marvin
SalazarCavazos,trust-ncg,9,382.80827635658807,marvin
Schwen,pysacess_cmaes,6,952.4217360407716,marvin
Schwen,pysacess_fides,4,952.4217415444105,marvin
Schwen,nlopt_26,8,3555.0785334880225,marvin
Schwen,nlopt_39,10,952.4409276040413,marvin
Schwen,pysacess_cmaes,5,952.4217396227394,marvin
Schwen,COBYLA,5,1038.786759880385,marvin
Schwen,pysacess,5,952.4264143357198,marvin
Schwen,pysacess,1,956.518519547873,marvin
Schwen,nlopt_39,5,952.4286165166535,marvin
Schwen,pysacess,7,963.8630556265525,marvin
Schwen,pysacess_cmaes,2,952.4217251306842,marvin
Schwen,pysacess_fides,3,952.4217333134674,marvin
Schwen,nlopt_37,8,952.4217255755394,marvin
Schwen,pysacess,4,952.4305920377042,marvin
Schwen,COBYLA,2,1022.9612428765914,marvin
Schwen,nlopt_29,8,952.4251610479241,marvin
Schwen,pysacess_fides,7,952.4217326963922,marvin
Schwen,pysacess_fides,8,952.4217320037369,marvin
Schwen,pysacess,8,952.4217316619756,marvin
Schwen,pysacess_cmaes,1,952.4217395714621,marvin
Schwen,pysacess_fides,9,952.4217564405463,marvin
Schwen,nlopt_39,6,952.4318562280886,marvin
Schwen,nlopt_36,7,952.4217256674756,marvin
Schwen,pysacess_fides,10,953.8410295851874,marvin
Schwen,pysacess_cmaes,8,952.421726335395,marvin
Schwen,nlopt_37,3,952.4217255116761,marvin
Schwen,nlopt_37,2,952.4217254733286,marvin
Schwen,pysacess,6,962.8726549062529,marvin
Schwen,nlopt_37,1,952.4217256755732,marvin
Schwen,sacess,1,964.0534323428368,marvin
Schwen,pysacess_ipopt,1,954.0392387399781,marvin
Schwen,pysacess_cmaes,4,952.4217291617712,marvin
Schwen,pysacess_ipopt,3,952.4228272824124,marvin
Schwen,pysacess_ipopt,7,952.422666461342,marvin
Schwen,pysacess_cmaes,10,952.4217352088067,marvin
Schwen,sacess,9,953.8410395904275,marvin
SalazarCavazos,trust-ncg,3,415.7867287225795,marvin
Schwen,nlopt_37,9,952.4217253419091,marvin
Schwen,pysacess_ipopt,4,953.8431188048929,marvin
Schwen,pysacess_ipopt,10,952.4233291477192,marvin
Schwen,pysacess_cmaes,9,952.4217329018911,marvin
Schwen,sacess,3,952.4926830037172,marvin
SalazarCavazos,trust-krylov,1,443.4148559150961,marvin
Schwen,nlopt_12,6,1040.2326641442446,marvin
Schwen,sacess,2,954.0267503371844,marvin
Schwen,nlopt_36,6,952.4217255050701,marvin
Schwen,COBYLA,6,1006.2600836491855,marvin
Schwen,sacess_dhc,3,952.4217265657309,marvin
Schwen,sacess,8,962.3045763224304,marvin
Schwen,sacess_dhc,9,952.4217303032297,marvin
Schwen,nlopt_36,8,952.4217255671676,marvin
Schwen,nlopt_36,3,952.4217255649042,marvin
Schwen,pysacess_ipopt,8,952.4229278810668,marvin
Schwen,sacess,4,956.5187355437916,marvin
Schwen,sacess,6,953.8410300793756,marvin
Schwen,COBYLA,9,1030.8798529920268,marvin
Schwen,pysacess_fides,5,952.4217286452706,marvin
Schwen,sacess_ipopt,3,952.4217340542269,marvin
Schwen,sacess_ipopt,2,952.4217336964816,marvin
Schwen,sacess_dhc,6,952.4217269604156,marvin
Schwen,pysacess_ipopt,9,952.423247426833,marvin
Schwen,pysacess_ipopt,2,953.8517599041606,marvin
Schwen,nlopt_36,2,952.4217255933879,marvin
Schwen,sacess_ipopt,8,952.4217299715312,marvin
Schwen,sacess_dhc,2,952.4217278422396,marvin
Schwen,sacess_ipopt,1,952.4217293169187,marvin
Schwen,trust-krylov,3,2709.9248253211667,marvin
Schwen,nlopt_36,9,952.4217256420864,marvin
Schwen,sacess,7,952.4217812512733,marvin
Schwen,nlopt_37,5,952.4217257814832,marvin
Schwen,nlopt_37,4,952.4217256359827,marvin
Schwen,sacess_dhc,10,952.4217268764288,marvin
Schwen,sacess_dhc,1,952.4217262810557,marvin
Schwen,sacess_ipopt,6,952.42173096284,marvin
Schwen,trust-ncg,4,4163.030067715193,marvin
Schwen,nlopt_36,1,952.421725449332,marvin
Schwen,sacess_dhc,7,952.421733252179,marvin
Schwen,pysacess_ipopt,6,952.4228779277515,marvin
Schwen,trust-krylov,5,2279.01983484019,marvin
Schwen,pysacess_ipopt,5,952.425710535498,marvin
Schwen,trust-ncg,3,1765.7754423908502,marvin
Schwen,sacess_dhc,4,952.4217299964467,marvin
Schwen,pyswarm,3,1141.229493195435,marvin
Schwen,trust-ncg,1,4800.9335128992825,marvin
Schwen,sacess_dhc,8,952.4217282627376,marvin
Schwen,sacess_ipopt,5,952.4217314714723,marvin
Schwen,trust-ncg,2,4147.036146592011,marvin
Schwen,nlopt_37,7,952.4217255966757,marvin
Schwen,sacess_ipopt,10,952.4217268800068,marvin
Schwen,sacess_dhc,5,952.4217258444953,marvin
Schwen,trust-krylov,8,5287.804678065013,marvin
Schwen,sacess,10,956.518643578688,marvin
Schwen,trust-krylov,6,3701.2563158110456,marvin
Schwen,sacess_ipopt,9,952.4217287247312,marvin
Schwen,trust-krylov,9,1400.3846939870666,marvin
Schwen,trust-krylov,1,1390.7527897500427,marvin
Schwen,pyswarm,4,1134.684382358849,marvin
Schwen,sacess_ipopt,7,952.4217325995016,marvin
Schwen,pyswarm,8,1151.3984881807014,marvin
Schwen,pyswarm,10,1152.37586918901,marvin
SalazarCavazos,trust-krylov,3,425.25230740091916,marvin
Smith,L-BFGS-B,6,22520.810719655507,marvin
Schwen,nlopt_36,10,952.4217256072118,marvin
Smith,L-BFGS-B,8,24609.096876964246,marvin
SalazarCavazos,trust-ncg,6,428.2835000057579,marvin
Schwen,pyswarm,9,1166.301297248458,marvin
Schwen,trust-krylov,4,1928.8445046005625,marvin
Schwen,trust-krylov,2,3375.9840033891633,marvin
Schwen,trust-ncg,7,5378.840101645417,marvin
Schwen,sacess_ipopt,4,952.421741314448,marvin
Schwen,trust-ncg,6,6169.857978879864,marvin
Smith,L-BFGS-B,9,24697.400224419347,marvin
Schwen,trust-ncg,9,3200.168859399815,marvin
Schwen,trust-krylov,10,3823.5222601012006,marvin
Schwen,sacess,5,953.8410791884254,marvin
Smith,L-BFGS-B,10,24695.958876746838,marvin
Smith,L-BFGS-B,2,24705.408532759986,marvin
Smith,L-BFGS-B,3,24592.795041901678,marvin
Smith,Nelder-Mead,2,33198.13485595207,marvin
Smith,BFGS,7,245842.54376941465,marvin
Schwen,trust-ncg,5,4853.410467485896,marvin
Schwen,nlopt_36,4,952.4217254968254,marvin
Schwen,trust-ncg,8,3655.4139865262846,marvin
Schwen,trust-krylov,7,2748.240938775374,marvin
Smith,L-BFGS-B,5,24694.17292366568,marvin
SalazarCavazos,trust-krylov,6,427.7123879374091,marvin
Smith,cg,1,25605.637344357332,marvin
Schwen,pyswarm,7,1182.1603906533405,marvin
Smith,L-BFGS-B,1,22520.93633447339,marvin
Smith,Nelder-Mead,1,36051.284558102474,marvin
Schwen,pyswarm,6,1140.3297358569866,marvin
Smith,Nelder-Mead,10,33444.36329606529,marvin
Smith,COBYLA,7,31771.78297705985,marvin
Smith,Nelder-Mead,9,34865.38406321391,marvin
Smith,Nelder-Mead,5,67066.77301497156,marvin
Smith,L-BFGS-B,4,20928.230220640067,marvin
SalazarCavazos,trust-krylov,2,380.73759552375117,marvin
Smith,Nelder-Mead,4,33487.21236287299,marvin
SalazarCavazos,trust-ncg,8,429.95274565498505,marvin
Schwen,nlopt_37,10,952.4217257584403,marvin
Schwen,pyswarm,2,1171.722913761836,marvin
Smith,Nelder-Mead,6,44817.8468125761,marvin
SalazarCavazos,trust-ncg,2,415.17914198622015,marvin
Smith,cmaes,5,21026.120725069337,marvin
Schwen,tnc,4,952.612509950634,marvin
Smith,BFGS,3,754686.869574852,marvin
Schwen,pyswarm,1,1195.3867811674431,marvin
Smith,COBYLA,1,35451.50770645227,marvin
Smith,Nelder-Mead,8,68528.66358988926,marvin
Smith,BFGS,4,629663.8949985005,marvin
Smith,cmaes,4,21607.995884848624,marvin
Smith,BFGS,10,2918726.615562761,marvin
Smith,cmaes,3,22514.112638025203,marvin
Schwen,trust-ncg,10,4687.69817843908,marvin
Smith,cg,8,63679.50095109908,marvin
Smith,cmaes,9,22514.641487635505,marvin
Smith,cmaes,6,24691.50901201989,marvin
Smith,cmaes,1,25675.092791512154,marvin
SalazarCavazos,trust-krylov,9,441.83965200929555,marvin
Smith,Nelder-Mead,7,71805.72640302908,marvin
Smith,fides,4,20922.16424399946,marvin
Smith,BFGS,9,26190922.41764259,marvin
Smith,COBYLA,6,39810.920194597384,marvin
SalazarCavazos,trust-ncg,5,434.22584684790877,marvin
Schwen,tnc,5,953.9280568175221,marvin
Smith,COBYLA,3,30951.418882955422,marvin
Smith,L-BFGS-B,7,24594.32215072615,marvin
Smith,Nelder-Mead,3,39851.39629979286,marvin
SalazarCavazos,trust-ncg,7,394.89552544991244,marvin
Schwen,pyswarm,5,1164.2253163149921,marvin
Smith,cg,4,29189.39352956177,marvin
Schwen,tnc,9,953.9616387939972,marvin
Smith,BFGS,5,11176983.993152732,marvin
Smith,COBYLA,5,32747.332094978043,marvin
Smith,COBYLA,8,27571.372544682876,marvin
Smith,cmaes,8,24691.869069147335,marvin
Smith,cmaes,2,24691.917081534742,marvin
Smith,COBYLA,10,37005.667975185315,marvin
Smith,ipopt,8,24701.18371391328,marvin
SalazarCavazos,trust-krylov,10,450.1239064846271,marvin
Smith,ipopt,3,24704.327139328514,marvin
Smith,ipopt,1,22519.472944677782,marvin
SalazarCavazos,trust-ncg,4,423.74359959507973,marvin
Smith,BFGS,2,1020813.9082929383,marvin
Smith,fides,8,20922.308234804183,marvin
Smith,ipopt,2,24700.286874266585,marvin
Smith,newton-cg,3,93699659.05195202,marvin
Smith,COBYLA,2,33909.12628731807,marvin
Smith,nlopt_11,6,20923.491673139037,marvin
Smith,ipopt,6,24709.806203952314,marvin
Smith,BFGS,6,915075.9379949729,marvin
Schwen,tnc,1,953.2307238763602,marvin
Smith,nlopt_11,7,22515.198276325504,marvin
Smith,fides,10,20922.233790469432,marvin
Smith,newton-cg,5,222556671.1312962,marvin
Smith,fides,3,20922.29111109361,marvin
Smith,newton-cg,10,3379597970.321615,marvin
Smith,newton-cg,4,155279279962.82074,marvin
Smith,ipopt,4,22519.292145780077,marvin
Smith,COBYLA,9,30288.313921488483,marvin
Smith,newton-cg,2,954964.0853578912,marvin
Smith,fides,9,20922.168028230106,marvin
Schwen,tnc,8,953.8824563337694,marvin
Smith,cg,7,52081.69847166382,marvin
Smith,fides,2,20922.315108234012,marvin
SalazarCavazos,trust-krylov,4,447.2253248364483,marvin
Smith,fides,5,20922.373473466014,marvin
Smith,cmaes,10,20924.120926966825,marvin
SalazarCavazos,trust-ncg,10,431.9042175470348,marvin
SalazarCavazos,trust-krylov,7,383.25766350258664,marvin
Smith,cmaes,7,21614.12990901945,marvin
Smith,cg,9,56380.315544610894,marvin
Smith,cg,2,6532455.682807993,marvin
Smith,COBYLA,4,33752.7308570272,marvin
Smith,cg,6,3571892.7001207853,marvin
Smith,fides,7,20922.254705769465,marvin
Smith,newton-cg,9,219897764.40331754,marvin
Smith,nlopt_11,10,21613.02360609557,marvin
Smith,nlopt_12,5,24766.01108243613,marvin
Smith,fides,6,20922.209619248875,marvin
Smith,nlopt_11,1,20926.025163815153,marvin
Schwen,tnc,7,952.8642757835001,marvin
Smith,nlopt_12,4,24727.668098780225,marvin
Smith,ipopt,7,25663.985792542066,marvin
Smith,BFGS,8,2338642.550171751,marvin
Smith,newton-cg,6,3558701675.357491,marvin
Smith,nlopt_11,5,22521.16077852335,marvin
Smith,nlopt_15,3,25052.076640251766,marvin
Schwen,tnc,10,953.4390896785349,marvin
Smith,ipopt,10,24698.520180752304,marvin
Smith,nlopt_14,7,20927.277577202174,marvin
Smith,nlopt_13,3,22521.849847140882,marvin
Smith,nlopt_11,3,20922.358374847314,marvin
Smith,nlopt_14,2,24621.706630011653,marvin
SalazarCavazos,trust-ncg,1,451.05738192187744,marvin
Smith,ipopt,9,41693.878058566625,marvin
Smith,nlopt_12,1,26110.508292306986,marvin
Smith,nlopt_11,4,22521.680906276502,marvin
Smith,newton-cg,8,1660781889.2031481,marvin
Smith,nlopt_11,2,21614.85139762121,marvin
Smith,fides,1,20922.19753922386,marvin
Smith,nlopt_12,6,26517.42618928805,marvin
Smith,nlopt_12,10,26793.545360649863,marvin
Smith,newton-cg,7,60047309862.44436,marvin
Smith,nlopt_13,10,21614.19260686643,marvin
Smith,cg,5,993566.160661532,marvin
Smith,nlopt_14,1,24592.10345149649,marvin
Smith,cg,10,896215.0994465264,marvin
Smith,BFGS,1,1466451.1561679826,marvin
Smith,newton-cg,1,3867236784.789629,marvin
Smith,nlopt_12,2,24938.37492570299,marvin
Smith,nlopt_16,5,25532.09829053884,marvin
Smith,nlopt_12,8,26572.866580526912,marvin
Smith,nlopt_16,3,24791.41822904302,marvin
Smith,nlopt_18,2,23490.672731656534,marvin
Smith,nlopt_12,7,25503.694826917403,marvin
Smith,nlopt_15,9,26182.86280753745,marvin
Smith,nlopt_13,1,24591.646507918962,marvin
Smith,nlopt_14,9,24593.461782552455,marvin
Smith,nlopt_16,7,22025.51547063064,marvin
Smith,nlopt_15,5,24611.398815300006,marvin
Smith,nlopt_14,4,22522.517742762313,marvin
Smith,nlopt_18,1,25010.391503764993,marvin
Smith,nlopt_14,5,23680.133725984575,marvin
Smith,nlopt_16,6,24867.437429064314,marvin
Schwen,tnc,2,953.9673457644589,marvin
Smith,nlopt_13,7,21609.329262085434,marvin
Smith,nlopt_13,2,21392.625580549524,marvin
Smith,nlopt_14,6,21374.735285047424,marvin
Smith,nlopt_16,2,26174.976321985327,marvin
Smith,ipopt,5,21622.52022884533,marvin
Smith,nlopt_13,8,24592.386438604794,marvin
Schwen,SLSQP,6,952.422458489014,marvin
Smith,nlopt_12,3,29047.949279562843,marvin
Smith,nlopt_11,9,22518.847534492877,marvin
Smith,nlopt_12,9,26091.3935515898,marvin
Smith,cg,3,161732.85394951707,marvin
Smith,nlopt_15,1,24747.310696429606,marvin
Smith,nlopt_13,5,24593.39396582301,marvin
Smith,nlopt_15,7,24838.230708405707,marvin
Smith,nlopt_13,9,22520.62245803273,marvin
Smith,nlopt_11,8,22514.823838282315,marvin
Smith,nlopt_26,1,78681.34935297804,marvin
Smith,nlopt_21,7,24750.760376691247,marvin
Smith,nlopt_23,9,22457.85019012706,marvin
Smith,nlopt_18,4,24593.53032132491,marvin
Smith,nlopt_13,4,22523.173756537355,marvin
Smith,nlopt_21,5,24759.33461737968,marvin
Schwen,tnc,6,952.639154576407,marvin
Smith,nlopt_23,2,24823.650163946284,marvin
Smith,nlopt_18,3,24596.963963522237,marvin
Smith,nlopt_26,9,49125157194.140884,marvin
Smith,nlopt_21,1,23180.396108699933,marvin
Smith,nlopt_13,6,24691.650840713286,marvin
Smith,nlopt_15,10,32874.83744574936,marvin
Smith,nlopt_21,8,25028.626499012447,marvin
Smith,nlopt_18,8,23660.73873433241,marvin
Smith,nlopt_16,4,24879.685848577228,marvin
Smith,nlopt_21,4,22521.913777385125,marvin
Smith,nlopt_28,3,28338.610099798338,marvin
Smith,nlopt_15,6,25593.047018196936,marvin
Smith,nlopt_26,10,53244.36677760272,marvin
Smith,nlopt_15,8,25006.584419832383,marvin
Smith,nlopt_23,6,24806.16683062758,marvin
Smith,nlopt_16,1,25902.57989706786,marvin
Smith,nlopt_14,10,22515.920880799255,marvin
Smith,nlopt_21,2,22532.53400482192,marvin
Smith,nlopt_16,8,24710.100370674296,marvin
Smith,nlopt_23,3,25243.460507799202,marvin
Smith,nlopt_26,5,19316002201.973885,marvin
Smith,nlopt_28,1,30586.890396824307,marvin
Smith,nlopt_23,7,25231.994228343032,marvin
Smith,nlopt_16,10,24957.97285597071,marvin
Smith,nlopt_21,3,21621.04187960407,marvin
Smith,nlopt_23,1,25337.215132914578,marvin
Smith,nlopt_29,4,27996.674915281954,marvin
Smith,nlopt_29,3,26467.64648438943,marvin
Smith,nlopt_26,3,35845.21349030898,marvin
Smith,nlopt_26,8,157943661.60866746,marvin
Smith,nlopt_21,6,24760.19142279814,marvin
Smith,nlopt_23,8,24634.656345362986,marvin
Smith,nlopt_23,4,25243.491560576815,marvin
Smith,nlopt_14,3,22526.04079724367,marvin
Smith,nlopt_28,7,28330.071833272625,marvin
Smith,nlopt_18,7,24591.975333231974,marvin
Smith,nlopt_26,2,753677.7623165699,marvin
Smith,nlopt_26,7,122375.6208002176,marvin
Smith,nlopt_16,9,24734.140488591453,marvin
Smith,nlopt_34,5,24736.112154788494,marvin
Smith,nlopt_28,6,27338.88733932527,marvin
Smith,nlopt_28,5,51775.99933810209,marvin
Smith,nlopt_23,10,24639.331927012438,marvin
Smith,nlopt_15,4,32637.06499931447,marvin
Smith,nlopt_29,5,28699.08444181478,marvin
Smith,nlopt_21,9,20930.106277703613,marvin
Smith,nlopt_28,8,27146.145412059966,marvin
Smith,nlopt_21,10,24611.776468021337,marvin
Smith,nlopt_18,5,24692.1656893014,marvin
Smith,nlopt_14,8,21615.98961020854,marvin
Smith,nlopt_28,9,30391.173566441823,marvin
Smith,nlopt_18,9,24593.34125221179,marvin
Smith,nlopt_29,7,28500.460431568117,marvin
Smith,nlopt_34,4,24748.246026665547,marvin
Smith,nlopt_34,7,24749.028590670885,marvin
Smith,nlopt_18,10,24701.790449797074,marvin
Smith,nlopt_36,9,20928.044961025615,marvin
Smith,nlopt_18,6,24593.513870743896,marvin
Smith,nlopt_34,2,26774.176323558437,marvin
Smith,nlopt_15,2,24924.776553913143,marvin
Smith,nlopt_39,5,25013.86856247062,marvin
Smith,nlopt_23,5,25010.666410808502,marvin
Smith,nlopt_28,10,32481.6176744524,marvin
Smith,nlopt_29,8,27313.12207641655,marvin
Schwen,tnc,3,953.8989772043468,marvin
Smith,nlopt_37,3,22513.943966321083,marvin
Smith,nlopt_26,6,266446085.81930447,marvin
Smith,nlopt_34,6,24986.024646806538,marvin
Smith,nlopt_37,1,24592.526074544297,marvin
Smith,nlopt_26,4,1107116971.9456186,marvin
Smith,nlopt_29,6,25286.832494417074,marvin
Smith,nlopt_34,3,25929.878166225306,marvin
Smith,nlopt_37,4,24593.498241412984,marvin
Smith,pysacess_cmaes,1,61685.6047495636,marvin
Smith,nlopt_37,7,22515.32194661784,marvin
Smith,nlopt_37,2,22515.669927715197,marvin
Smith,nlopt_39,9,25240.6145227197,marvin
Smith,nlopt_36,5,22514.584532479843,marvin
Smith,nlopt_29,1,56901.64134734116,marvin
Smith,nlopt_39,2,21427.966417191663,marvin
Smith,nlopt_34,10,25027.546889063906,marvin
Smith,nlopt_29,2,29829.375481579635,marvin
Smith,nlopt_34,9,26320.96723933186,marvin
Smith,nlopt_37,9,24591.241279540063,marvin
Smith,nlopt_36,1,24591.77140245426,marvin
Smith,nlopt_39,3,22539.998545411683,marvin
Smith,pysacess,7,60805.97194604567,marvin
Smith,nlopt_39,7,24740.46124160044,marvin
Smith,nlopt_37,10,21608.90098539051,marvin
Schwen,SLSQP,10,952.4237502265518,marvin
Smith,nlopt_28,4,32839.85241576397,marvin
Smith,nlopt_36,7,24592.09012990925,marvin
Smith,nlopt_36,3,22520.730334608772,marvin
Smith,pysacess_fides,4,21608.416460241813,marvin
Smith,pysacess,1,61559.06000447225,marvin
Smith,pysacess,2,32814.04017217444,marvin
Smith,nlopt_36,2,24591.560771512206,marvin
Smith,nlopt_34,8,24735.306320984037,marvin
Smith,pysacess,5,42742.59650493844,marvin
Schwen,SLSQP,5,952.4229839550084,marvin
Smith,nlopt_37,6,22519.300805746145,marvin
Smith,nlopt_39,4,24150.846718203356,marvin
Smith,nlopt_36,10,24591.718000889578,marvin
Smith,nlopt_29,9,29566.09254658183,marvin
Smith,nlopt_39,1,24715.989561307135,marvin
Smith,pysacess,3,26352.667517223457,marvin
Smith,nlopt_29,10,26750.90703399087,marvin
Smith,nlopt_36,6,22515.527508297062,marvin
Smith,nlopt_34,1,24696.683710793553,marvin
Smith,nlopt_37,8,22514.438358245323,marvin
Smith,nlopt_36,4,22521.350322170627,marvin
Smith,pysacess_ipopt,8,24761.721206625978,marvin
Smith,nlopt_37,5,20923.02946960183,marvin
Smith,pysacess_cmaes,6,28309.345698551213,marvin
Smith,pysacess_fides,5,21607.927528752745,marvin
Smith,pysacess_cmaes,2,26868.894131638684,marvin
Smith,pysacess_fides,2,20922.211372918817,marvin
Smith,pysacess_fides,8,20922.182509728646,marvin
Smith,pysacess_fides,6,20922.27502412298,marvin
Smith,pysacess,10,26886.009462012316,marvin
Schwen,SLSQP,4,952.423133667551,marvin
Smith,pysacess_cmaes,10,28506.62206397398,marvin
Smith,nlopt_39,10,25016.26566463639,marvin
Smith,nlopt_36,8,24592.909477635494,marvin
Smith,pysacess_fides,7,22513.9052137902,marvin
Smith,pysacess_ipopt,2,44215.84440978044,marvin
Smith,nlopt_39,6,23935.275111357692,marvin
Smith,pysacess_ipopt,10,26250.51873067676,marvin
Smith,pysacess_cmaes,9,28617.273669720686,marvin
Smith,pysacess_cmaes,3,60947.22153280233,marvin
Smith,pysacess,9,25924.66844878886,marvin
Smith,pyswarm,5,95350.1475478524,marvin
Smith,pysacess_cmaes,5,27132.63795540268,marvin
Smith,pysacess_cmaes,7,27606.224998164755,marvin
Smith,sacess_ipopt,5,24732.140508215078,marvin
Schwen,SLSQP,2,952.4220719417267,marvin
Smith,pysacess_ipopt,1,26791.6036485186,marvin
Smith,pysacess_fides,10,24590.112456719882,marvin
Smith,nlopt_39,8,24783.305556773234,marvin
Smith,sacess,9,60538.83656556258,marvin
Smith,nlopt_28,2,49445.08577213169,marvin
Smith,pysacess_fides,1,21608.048414099278,marvin
Smith,pysacess_ipopt,7,61716.64840237674,marvin
Smith,pysacess_fides,9,20922.18903709642,marvin
Smith,pysacess,8,25248.649620509976,marvin
Smith,pyswarm,1,98943.76801397848,marvin
Smith,pyswarm,3,98460.14084663749,marvin
Smith,pysacess_cmaes,4,61683.69270051591,marvin
Smith,pysacess_ipopt,5,20936.92136057622,marvin
Smith,pysacess_ipopt,4,21610.15822217682,marvin
Smith,pysacess_cmaes,8,25962.40445791902,marvin
Smith,sacess_ipopt,6,22346.884880830756,marvin
Smith,sacess,2,60693.28211944924,marvin
Smith,sacess_dhc,3,41689.284238993416,marvin
Smith,tnc,1,30731.56631819127,marvin
Smith,pyswarm,9,91770.83263001147,marvin
Smith,pyswarm,10,105388.86046795611,marvin
Schwen,SLSQP,7,952.4284035761312,marvin
Smith,dogleg,5,956567.5104445901,marvin
Smith,pysacess,4,26009.81574805149,marvin
Smith,pysacess_ipopt,9,35064.96969485986,marvin
Smith,pyswarm,8,87254.6559215935,marvin
Smith,pyswarm,7,100221.55123539617,marvin
Smith,pysacess,6,60533.56586634382,marvin
Smith,sacess,4,23472.18933097158,marvin
Smith,pyswarm,6,103080.94217308828,marvin
Smith,pysacess_ipopt,6,60998.15789237258,marvin
Smith,tnc,3,31733.22597687372,marvin
Smith,pyswarm,2,100446.79709665016,marvin
Smith,sacess,7,60690.89362585858,marvin
Smith,sacess_dhc,9,27677.58743238144,marvin
Smith,sacess_ipopt,4,24748.567240872653,marvin
Smith,sacess,8,59766.14632206803,marvin
Smith,sacess,1,41689.943948165295,marvin
Smith,sacess_dhc,4,25856.015562111654,marvin
Smith,sacess_ipopt,10,24706.13797645005,marvin
Smith,sacess,3,41689.04291784783,marvin
Schwen,SLSQP,1,952.4218785424536,marvin
Smith,sacess,6,59760.61980668617,marvin
Smith,dogleg,6,996088.9657967183,marvin
Smith,pyswarm,4,60466.42085315676,marvin
Smith,sacess_ipopt,2,24815.06557878786,marvin
Smith,sacess_ipopt,7,24736.82216852644,marvin
Smith,tnc,8,29227.174193818628,marvin
Smith,pysacess_ipopt,3,26299.22676249377,marvin
Smith,pysacess_fides,3,20922.179374022366,marvin
Smith,tnc,10,28384.06381650059,marvin
Smith,tnc,5,29258.65338909995,marvin
Smith,tnc,2,30542.907628637382,marvin
Smith,sacess,10,59756.50245417401,marvin
Smith,sacess_dhc,5,25858.90158987103,marvin
Smith,dogleg,3,1274870.7439246103,marvin
Smith,sacess_dhc,8,32374.28186770632,marvin
Schwen,SLSQP,8,952.4266698023682,marvin
Smith,sacess_ipopt,3,24743.691133304223,marvin
Smith,tnc,7,27691.104151184514,marvin
Smith,sacess_ipopt,8,24806.741575379616,marvin
Smith,sacess_ipopt,9,21768.311462176425,marvin
Smith,sacess,5,42737.69708109628,marvin
Smith,tnc,6,29177.171116070152,marvin
Schwen,SLSQP,9,952.422218837687,marvin
Smith,sacess_dhc,6,25041.117598526507,marvin
Smith,sacess_ipopt,1,24682.74285730201,marvin
Smith,sacess_dhc,2,22928.417285036936,marvin
Smith,dogleg,9,1545241.1210688474,marvin
Smith,sacess_dhc,10,32552.129644427532,marvin
Smith,tnc,4,27673.313631960023,marvin
Smith,tnc,9,28092.87939641386,marvin
Smith,sacess_dhc,1,24822.218772677952,marvin
Smith,sacess_dhc,7,24973.901422615567,marvin
Smith,dogleg,4,1519950.6790457258,marvin
Smith,dogleg,2,3105101.4254052876,marvin
Smith,dogleg,1,974761.0397803037,marvin
Schwen,SLSQP,3,952.4232191283675,marvin
Smith,dogleg,10,956178.6245129054,marvin
Smith,SLSQP,3,472062.6881693603,marvin
Smith,SLSQP,8,653864.8913083192,marvin
Smith,trust-krylov,9,73777.08831656516,marvin
Smith,dogleg,7,1377801.593347744,marvin
Smith,trust-ncg,3,88932.17762313873,marvin
Smith,dogleg,8,536405.683375357,marvin
Smith,trust-krylov,1,88015.24647556612,marvin
Sneyd,cmaes,3,-319.79234367856844,marvin
Sneyd,cmaes,1,-319.792343658186,marvin
Sneyd,cmaes,5,-319.7923458412349,marvin
Smith,trust-krylov,2,72566.68238071114,marvin
Smith,trust-krylov,8,72942.6569733134,marvin
Smith,trust-ncg,4,69161.41135567112,marvin
Sneyd,cmaes,7,-319.7923421684402,marvin
Smith,SLSQP,1,266356.33506566955,marvin
Smith,trust-ncg,9,71845.81053160003,marvin
Sneyd,cmaes,2,-319.79234449382517,marvin
Smith,trust-krylov,3,64959.21851053728,marvin
Smith,trust-krylov,10,68789.65821565536,marvin
Smith,trust-ncg,8,44489.11206257612,marvin
Smith,trust-ncg,10,76376.99283816971,marvin
Smith,trust-krylov,5,55136.65288291621,marvin
Sneyd,cmaes,4,-319.79234449462416,marvin
Smith,trust-krylov,6,88067.25255010763,marvin
Smith,SLSQP,5,299776.1447124435,marvin
Sneyd,cmaes,10,-319.79234124254197,marvin
Smith,trust-ncg,6,62097.88068488314,marvin
Smith,trust-krylov,7,90844.21203045141,marvin
Smith,SLSQP,9,565945.0288874771,marvin
Smith,trust-ncg,2,69709.4928819543,marvin
Smith,trust-krylov,4,71425.78601237567,marvin
Smith,trust-ncg,7,69661.7017895757,marvin
Smith,trust-ncg,5,50514.88886131349,marvin
Sneyd,cmaes,9,-319.7923420942878,marvin
Sneyd,ipopt,2,-319.79168996111775,marvin
Sneyd,Nelder-Mead,1,-318.99063813261523,marvin
Sneyd,cmaes,6,-319.7923412624274,marvin
Sneyd,ipopt,8,-319.7922316076793,marvin
Sneyd,cmaes,8,-319.7923438433128,marvin
Sneyd,ipopt,4,-319.79217965261427,marvin
Sneyd,ipopt,1,-319.79190284304644,marvin
Smith,SLSQP,10,26506.80730911244,marvin
Smith,trust-ncg,1,86511.14438786647,marvin
Smith,SLSQP,2,118529.21574194344,marvin
Sneyd,Nelder-Mead,5,-318.7284001493941,marvin
Sneyd,ipopt,5,-319.79207949313394,marvin
Sneyd,ipopt,10,-319.79213360209275,marvin
Sneyd,ipopt,7,-319.7920037719496,marvin
Sneyd,Nelder-Mead,10,-317.46489598651647,marvin
Smith,SLSQP,7,250711.73446217173,marvin
Smith,SLSQP,4,187667.0383934979,marvin
Sneyd,ipopt,9,-319.7919424974808,marvin
Sneyd,ipopt,6,-319.79186156855314,marvin
Sneyd,ipopt,3,-319.7919835522612,marvin
Smith,SLSQP,6,248759.0221683732,marvin
Sneyd,cg,4,-319.78240911189346,marvin
Sneyd,cg,7,-319.77201289679795,marvin
Sneyd,Nelder-Mead,3,-319.24085262385455,marvin
Sneyd,cg,9,-319.7507470630748,marvin
Sneyd,Nelder-Mead,8,-318.97849520450825,marvin
Sneyd,Nelder-Mead,4,-317.8035244513379,marvin
Sneyd,L-BFGS-B,6,-319.79232675147335,marvin
Sneyd,L-BFGS-B,4,-319.79232619590897,marvin
Sneyd,Nelder-Mead,6,-319.06125870615523,marvin
Sneyd,L-BFGS-B,8,-319.7923067821346,marvin
Sneyd,cg,8,-319.78970406572716,marvin
Sneyd,cg,5,-319.76816775297846,marvin
Sneyd,cg,10,-319.7668639277029,marvin
Sneyd,L-BFGS-B,9,-319.7923386976938,marvin
Sneyd,cg,3,-319.73710546602064,marvin
Sneyd,cg,6,-319.76622228860373,marvin
Sneyd,L-BFGS-B,3,-319.79233091843,marvin
Sneyd,Nelder-Mead,2,-316.5392510813995,marvin
Sneyd,L-BFGS-B,1,-319.7923282618623,marvin
Sneyd,L-BFGS-B,10,-319.7923327191784,marvin
Sneyd,cg,1,-319.7772035352821,marvin
Sneyd,cg,2,-319.77368353552765,marvin
Sneyd,Nelder-Mead,9,-319.0341418278044,marvin
Sneyd,BFGS,7,-319.71195525923565,marvin
Sneyd,COBYLA,5,-315.46219416278456,marvin
Sneyd,BFGS,5,-318.966023974737,marvin
Sneyd,BFGS,1,-319.25038924067627,marvin
Sneyd,L-BFGS-B,2,-319.7923309099634,marvin
Sneyd,L-BFGS-B,7,-319.7923362392934,marvin
Sneyd,fides,4,-319.7923297091299,marvin
Sneyd,fides,5,-319.7923317224148,marvin
Sneyd,COBYLA,8,-314.1603088909759,marvin
Sneyd,COBYLA,4,-315.7188017377577,marvin
Sneyd,BFGS,3,-319.67711158927244,marvin
Sneyd,L-BFGS-B,5,-319.7923202333421,marvin
Sneyd,Nelder-Mead,7,-319.0872242777742,marvin
Sneyd,COBYLA,1,-316.27337100452957,marvin
Sneyd,COBYLA,10,-317.40609322556554,marvin
Sneyd,COBYLA,7,-314.1151321538932,marvin
Sneyd,BFGS,8,-319.17581763669733,marvin
Sneyd,COBYLA,2,-316.45592909550226,marvin
Sneyd,nlopt_15,2,-319.412187584117,marvin
Sneyd,nlopt_15,5,-311.26301214632184,marvin
Sneyd,nlopt_11,7,-319.79233591026,marvin
Sneyd,COBYLA,3,-316.42321717827247,marvin
Sneyd,nlopt_15,1,-319.66297666871867,marvin
Sneyd,nlopt_11,2,-319.79233406586593,marvin
Sneyd,fides,9,-319.79232944947375,marvin
Sneyd,BFGS,2,-319.65756181179717,marvin
Sneyd,nlopt_15,7,-319.7746429601351,marvin
Sneyd,fides,1,-319.7923282341026,marvin
Sneyd,nlopt_15,6,-315.8414672261662,marvin
Sneyd,nlopt_11,6,-319.7923341842136,marvin
Sneyd,nlopt_11,4,-319.79233525381284,marvin
Sneyd,nlopt_12,1,-319.7894206372925,marvin
Sneyd,COBYLA,9,-317.381920268885,marvin
Sneyd,nlopt_12,4,-319.7846993061678,marvin
Sneyd,nlopt_15,8,-319.7419408409797,marvin
Sneyd,nlopt_15,10,-296.61414321273537,marvin
Sneyd,COBYLA,6,-315.1638717705325,marvin
Sneyd,fides,8,-319.7923304794733,marvin
Sneyd,nlopt_15,3,-312.54426558503366,marvin
Sneyd,nlopt_11,3,-319.7923346382862,marvin
Sneyd,fides,2,-319.7923321188616,marvin
Sneyd,nlopt_16,2,-319.7865461093319,marvin
Sneyd,BFGS,4,-318.7587887460267,marvin
Sneyd,nlopt_16,6,-319.7795706388407,marvin
Sneyd,nlopt_15,9,-318.97741693522687,marvin
Sneyd,newton-cg,9,-319.7888157394588,marvin
Sneyd,nlopt_16,4,-319.78545195549333,marvin
Sneyd,nlopt_16,1,-319.79193957735214,marvin
Sneyd,nlopt_18,5,-319.79233124332586,marvin
Sneyd,nlopt_16,9,-319.78363546211637,marvin
Sneyd,BFGS,9,-317.9309829402347,marvin
Sneyd,nlopt_18,2,-319.7923176347095,marvin
Sneyd,SLSQP,1,-319.7923322669764,marvin
Sneyd,nlopt_18,4,-319.3775151838035,marvin
Sneyd,nlopt_18,3,-319.7923085037789,marvin
Sneyd,fides,10,-319.79233062763143,marvin
Sneyd,nlopt_11,5,-319.79233436408896,marvin
Sneyd,nlopt_12,7,-319.7888590493757,marvin
Sneyd,nlopt_16,5,-319.7864761443691,marvin
Sneyd,nlopt_13,10,-319.7923345236234,marvin
Sneyd,SLSQP,2,-319.7923291714921,marvin
Sneyd,nlopt_16,8,-319.77867288880407,marvin
Sneyd,BFGS,6,-319.6992427714813,marvin
Sneyd,fides,6,-319.79233142346123,marvin
Sneyd,BFGS,10,-319.29336071965434,marvin
Sneyd,nlopt_11,1,-319.79233445148833,marvin
Sneyd,nlopt_15,4,-316.662726746742,marvin
Sneyd,nlopt_12,5,-319.79202659508024,marvin
Sneyd,nlopt_18,8,-318.99526094512765,marvin
Sneyd,nlopt_12,9,-319.78761998362506,marvin
Sneyd,nlopt_16,3,-319.7834424394493,marvin
Sneyd,nlopt_16,10,-319.785025872934,marvin
Sneyd,nlopt_14,3,-319.7923337255441,marvin
Sneyd,nlopt_13,1,-319.7923339504782,marvin
Sneyd,nlopt_16,7,-318.9902832110578,marvin
Sneyd,nlopt_11,8,-319.7923340991847,marvin
Sneyd,nlopt_18,1,-319.7922400799872,marvin
Sneyd,nlopt_11,9,-319.7923340472938,marvin
Sneyd,nlopt_18,7,-319.7923311244221,marvin
Sneyd,nlopt_18,6,-319.79218590227555,marvin
Sneyd,nlopt_12,2,-319.79125050460226,marvin
Sneyd,nlopt_13,2,-319.7923348641526,marvin
Sneyd,nlopt_18,9,-318.9953714072167,marvin
Sneyd,nlopt_21,6,-319.79206957123984,marvin
Sneyd,nlopt_11,10,-319.7923347284517,marvin
Sneyd,SLSQP,10,-319.7923306736055,marvin
Sneyd,nlopt_21,7,-319.7921049736383,marvin
Sneyd,nlopt_21,2,-319.79218885144365,marvin
Sneyd,newton-cg,1,-319.78229067542736,marvin
Sneyd,newton-cg,8,-319.78773341845243,marvin
Sneyd,nlopt_23,6,-319.791834565306,marvin
Sneyd,newton-cg,7,-319.78385429438396,marvin
Sneyd,nlopt_21,3,-319.79216890618375,marvin
Sneyd,nlopt_18,10,-319.7922798988064,marvin
Sneyd,nlopt_13,3,-319.7923338149505,marvin
Sneyd,newton-cg,6,-319.78880249974833,marvin
Sneyd,nlopt_21,8,-319.7922439612036,marvin
Sneyd,nlopt_21,5,-319.79222928243456,marvin
Sneyd,nlopt_23,9,-319.7920274439099,marvin
Sneyd,nlopt_23,10,-319.79042955133025,marvin
Sneyd,fides,7,-319.79232994676266,marvin
Sneyd,nlopt_13,6,-319.7923337235784,marvin
Sneyd,nlopt_13,8,-319.79233478204605,marvin
Sneyd,fides,3,-319.79233087816675,marvin
Sneyd,nlopt_14,1,-319.7923335581703,marvin
Sneyd,nlopt_21,4,-319.791167670464,marvin
Sneyd,newton-cg,5,-319.7896045302049,marvin
Sneyd,nlopt_23,8,-319.781041207597,marvin
Sneyd,nlopt_13,7,-319.7923341018046,marvin
Sneyd,SLSQP,6,-319.79233030998773,marvin
Sneyd,SLSQP,7,-319.79233117527497,marvin
Sneyd,newton-cg,3,-319.78182128215064,marvin
Sneyd,nlopt_13,5,-319.79233466372597,marvin
Sneyd,nlopt_13,9,-319.792334550793,marvin
Sneyd,nlopt_21,9,-319.7912750849297,marvin
Sneyd,newton-cg,10,-319.7915296777652,marvin
Sneyd,nlopt_23,2,-319.792276715512,marvin
Sneyd,nlopt_12,3,-319.79098234665344,marvin
Sneyd,nlopt_23,1,-319.781041207597,marvin
Sneyd,nlopt_12,10,-319.7893010733833,marvin
Sneyd,nlopt_13,4,-319.7923337884299,marvin
Sneyd,nlopt_23,7,-319.78422726870207,marvin
Sneyd,nlopt_12,6,-319.7867459690112,marvin
Sneyd,nlopt_14,4,-319.7923332123881,marvin
Sneyd,SLSQP,4,-319.79232854796913,marvin
Sneyd,nlopt_29,5,-319.7922381148722,marvin
Sneyd,newton-cg,4,-319.78288205593105,marvin
Sneyd,nlopt_23,4,-319.78916279540965,marvin
Sneyd,nlopt_23,3,-319.7855337574781,marvin
Sneyd,nlopt_26,3,-319.77244781852755,marvin
Sneyd,nlopt_21,10,-319.7923228818214,marvin
Sneyd,nlopt_23,5,-319.78834307486017,marvin
Sneyd,nlopt_34,7,-319.7801534433015,marvin
Sneyd,nlopt_14,9,-319.792334211038,marvin
Sneyd,nlopt_21,1,-319.7920807858428,marvin
Sneyd,nlopt_34,9,-319.7869301829339,marvin
Sneyd,nlopt_28,1,-319.77438696531254,marvin
Sneyd,SLSQP,9,-319.79232866421296,marvin
Sneyd,nlopt_29,4,-319.7919109464194,marvin
Sneyd,nlopt_28,6,-319.3765453666441,marvin
Sneyd,nlopt_14,7,-319.792333551877,marvin
Sneyd,SLSQP,5,-319.79232981917386,marvin
Sneyd,nlopt_12,8,-319.7901760246709,marvin
Sneyd,pysacess,7,-319.7917181885066,marvin
Sneyd,pysacess,8,-319.78826807213505,marvin
Sneyd,nlopt_29,6,-319.7920212395801,marvin
Sneyd,pysacess,1,-319.7922731684498,marvin
Sneyd,SLSQP,3,-319.7923302676479,marvin
Sneyd,nlopt_29,7,-319.79192706042363,marvin
Sneyd,nlopt_26,5,-319.4401802748368,marvin
Sneyd,nlopt_34,2,-319.7870022594584,marvin
Sneyd,nlopt_28,7,-319.12879313060364,marvin
Sneyd,nlopt_39,5,-319.78475157325033,marvin
Sneyd,nlopt_29,9,-319.79209780710283,marvin
Sneyd,nlopt_29,3,-319.79195919624897,marvin
Sneyd,nlopt_14,2,-319.7923341831636,marvin
Sneyd,nlopt_39,4,-319.7920969142597,marvin
Sneyd,pysacess_cmaes,1,-319.7923369175133,marvin
Sneyd,newton-cg,2,-319.7874649391197,marvin
Sneyd,pysacess,6,-319.7857851109219,marvin
Sneyd,nlopt_34,8,-319.7827169266566,marvin
Sneyd,pysacess_cmaes,5,-319.7923415087046,marvin
Sneyd,nlopt_28,4,-319.7731092724485,marvin
Sneyd,nlopt_39,8,-319.7919144442838,marvin
Sneyd,pysacess,2,-319.7922113323245,marvin
Sneyd,nlopt_14,6,-319.79233537756375,marvin
Sneyd,pysacess,4,-319.78551789350985,marvin
Sneyd,nlopt_26,7,-319.78019869830786,marvin
Sneyd,pysacess,5,-319.78804003664646,marvin
Sneyd,nlopt_26,8,-319.7859186169697,marvin
Sneyd,nlopt_26,1,-319.785787113359,marvin
Sneyd,nlopt_28,2,-319.7151453483603,marvin
Sneyd,pysacess,3,-319.7885145814714,marvin
Sneyd,nlopt_29,1,-319.7923042529246,marvin
Sneyd,nlopt_29,2,-319.7922207067894,marvin
Sneyd,nlopt_34,4,-319.7801424860512,marvin
Sneyd,pysacess_fides,2,-319.7923420277987,marvin
Sneyd,nlopt_14,5,-319.792334164203,marvin
Sneyd,nlopt_39,6,-319.7916727439879,marvin
Sneyd,nlopt_14,8,-319.7923344929745,marvin
Sneyd,pysacess_cmaes,4,-319.7923435538235,marvin
Sneyd,pysacess_fides,6,-319.7923406552346,marvin
Sneyd,pysacess_cmaes,8,-319.7923440985496,marvin
Sneyd,pysacess_fides,3,-319.7923402618656,marvin
Sneyd,nlopt_26,2,-319.7794095899583,marvin
Sneyd,pysacess,9,-319.79091314686804,marvin
Sneyd,pysacess_fides,4,-319.7923415974159,marvin
Sneyd,pysacess,10,-319.7917059950963,marvin
Sneyd,pysacess_ipopt,3,-319.7923262829229,marvin
Sneyd,pysacess_ipopt,2,-319.79234074888126,marvin
Sneyd,pysacess_ipopt,7,-319.79232003265145,marvin
Sneyd,pysacess_ipopt,6,-319.79233915026845,marvin
Sneyd,pysacess_cmaes,3,-319.79234196474204,marvin
Sneyd,pysacess_cmaes,9,-319.79234523486605,marvin
Sneyd,nlopt_28,8,-319.78767127931474,marvin
Sneyd,pysacess_fides,1,-319.79232995392726,marvin
Sneyd,nlopt_39,7,-319.7919866381662,marvin
Sneyd,nlopt_28,3,-319.7680060282547,marvin
Sneyd,pysacess_fides,10,-319.7923390022545,marvin
Sneyd,nlopt_39,3,-319.7916732885213,marvin
Sneyd,pysacess_fides,9,-319.7923420485651,marvin
Sneyd,pysacess_ipopt,9,-319.7923397080332,marvin
Sneyd,nlopt_39,9,-319.7897008508638,marvin
Sneyd,nlopt_26,4,-319.7887177969819,marvin
Sneyd,nlopt_28,5,-319.7376223125601,marvin
Sneyd,pysacess_fides,8,-319.7923415100388,marvin
Sneyd,pysacess_ipopt,5,-319.79233132187585,marvin
Sneyd,sacess_dhc,1,-319.7923443792605,marvin
Sneyd,nlopt_29,8,-319.79198333872864,marvin
Sneyd,pysacess_fides,5,-319.79234188027294,marvin
Sneyd,pysacess_cmaes,10,-319.79234374591755,marvin
Sneyd,sacess,6,-319.79234228531334,marvin
Sneyd,sacess,10,-319.792344536934,marvin
Sneyd,nlopt_34,3,-319.7752443060367,marvin
Sneyd,sacess,7,-319.7923416362282,marvin
Sneyd,pysacess_ipopt,1,-319.79197518138074,marvin
Sneyd,nlopt_28,9,-319.791619166558,marvin
Sneyd,pyswarm,3,-311.1357600942577,marvin
Sneyd,pysacess_ipopt,4,-319.7923375438477,marvin
Sneyd,nlopt_14,10,-319.7923335197446,marvin
Sneyd,sacess,2,-319.79234460245647,marvin
Sneyd,sacess,3,-319.7923431182719,marvin
Sneyd,nlopt_26,10,-319.78537895802185,marvin
Sneyd,sacess_dhc,2,-319.792344542956,marvin
Sneyd,nlopt_34,10,-319.788711638699,marvin
Sneyd,nlopt_39,1,-319.79007767887964,marvin
Sneyd,nlopt_36,8,-319.79233483766643,marvin
Sneyd,sacess_ipopt,7,-319.79234387371594,marvin
Sneyd,pysacess_ipopt,10,-319.7917109863766,marvin
Sneyd,pysacess_cmaes,7,-319.79234531302785,marvin
Sneyd,SLSQP,8,-319.79232851535187,marvin
Sneyd,nlopt_29,10,-319.7919567204068,marvin
Sneyd,sacess_dhc,9,-319.7923445924968,marvin
Sneyd,nlopt_39,10,-319.79010101419,marvin
Sneyd,sacess,4,-319.79234383072736,marvin
Sneyd,pysacess_fides,7,-319.7923401499218,marvin
Sneyd,sacess_ipopt,4,-319.79234429203245,marvin
Sneyd,sacess,8,-319.792344935054,marvin
Sneyd,nlopt_39,2,-319.7883495411528,marvin
Sneyd,sacess_dhc,10,-319.79234453637434,marvin
Sneyd,sacess_dhc,4,-319.7923433097932,marvin
Sneyd,nlopt_26,9,-319.78147268419747,marvin
Sneyd,sacess_ipopt,3,-319.7923429128569,marvin
Sneyd,sacess,1,-319.7923420791341,marvin
Sneyd,sacess_dhc,3,-319.79234344802626,marvin
Sneyd,nlopt_28,10,-319.7349790038221,marvin
Sneyd,sacess,9,-319.79234354715925,marvin
Sneyd,sacess_ipopt,5,-319.7923426333028,marvin
Sneyd,sacess_ipopt,6,-319.7923428200311,marvin
Sneyd,sacess_dhc,7,-319.7923447114245,marvin
Sneyd,sacess_dhc,5,-319.7923435531823,marvin
Sneyd,pysacess_cmaes,6,-319.7923417898743,marvin
Sneyd,sacess_dhc,6,-319.7923450342175,marvin
Sneyd,nlopt_36,1,-319.792334911498,marvin
Sneyd,sacess_ipopt,10,-319.7923438116057,marvin
Sneyd,pysacess_ipopt,8,-319.7923395488336,marvin
Sneyd,pyswarm,4,-315.4651554607008,marvin
Sneyd,sacess_ipopt,1,-319.7923430069917,marvin
Sneyd,nlopt_37,5,-319.79233492198296,marvin
Sneyd,sacess_ipopt,8,-319.79234352351284,marvin
Sneyd,pysacess_cmaes,2,-319.792341693873,marvin
Sneyd,sacess_ipopt,2,-319.7923435097583,marvin
Sneyd,sacess_dhc,8,-319.792344703897,marvin
Sneyd,nlopt_37,9,-319.79233441150717,marvin
Sneyd,nlopt_36,5,-319.79233498682186,marvin
Sneyd,nlopt_34,6,-319.79032580490764,marvin
Sneyd,nlopt_36,7,-319.7923339368128,marvin
Sneyd,nlopt_34,1,-319.78653316253076,marvin
Sneyd,nlopt_37,1,-319.7923355536744,marvin
Sneyd,trust-ncg,5,-318.9572425871559,marvin
Sneyd,trust-krylov,5,-319.7735493604766,marvin
Sneyd,trust-ncg,3,-316.5011288092488,marvin
Sneyd,pyswarm,1,-315.45031299010327,marvin
Sneyd,sacess_ipopt,9,-319.7923441237808,marvin
Sneyd,sacess,5,-319.7923435612491,marvin
Sneyd,nlopt_26,6,-319.7812253178736,marvin
Sneyd,trust-ncg,10,-319.6880759959658,marvin
Sneyd,nlopt_37,3,-319.79233439495795,marvin
Sneyd,nlopt_37,7,-319.7923363614196,marvin
Sneyd,trust-krylov,10,-319.77685147852014,marvin
Sneyd,nlopt_36,2,-319.79233378114776,marvin
Sneyd,nlopt_34,5,-319.7879048618189,marvin
Sneyd,trust-ncg,2,-315.89491806759173,marvin
Sneyd,pyswarm,8,-313.18767391614034,marvin
Sneyd,nlopt_37,4,-319.79233326372326,marvin
Sneyd,trust-ncg,8,-319.64919681159216,marvin
Sneyd,trust-ncg,4,-315.5938216151727,marvin
Sneyd,pyswarm,9,-315.637752584728,marvin
Sneyd,trust-ncg,9,-319.69638576422483,marvin
Sneyd,trust-ncg,6,-312.61821427125113,marvin
Sneyd,pyswarm,6,-312.0001369103291,marvin
Sneyd,nlopt_36,10,-319.7923337269404,marvin
Sneyd,trust-ncg,7,-300.0693418385459,marvin
Sneyd,pyswarm,7,-314.41977276925553,marvin
Sneyd,trust-krylov,4,-319.7759622637441,marvin
Sneyd,nlopt_36,6,-319.7923349639233,marvin
Sneyd,nlopt_37,6,-319.7923338220621,marvin
Sneyd,pyswarm,10,-312.8661534535756,marvin
Sneyd,nlopt_37,10,-319.7923341990882,marvin
Sneyd,nlopt_36,4,-319.7923336289332,marvin
Weber,Nelder-Mead,8,407.6522587380208,marvin
Sneyd,pyswarm,2,-315.3787393372872,marvin
Sneyd,trust-krylov,8,-319.7862900520189,marvin
Sneyd,trust-krylov,6,-319.76853990204864,marvin
Sneyd,nlopt_37,2,-319.79233509919993,marvin
Sneyd,nlopt_37,8,-319.7923334801791,marvin
Weber,Nelder-Mead,4,396.7790100229337,marvin
Sneyd,nlopt_36,9,-319.79233478846146,marvin
Sneyd,trust-ncg,1,-319.6061484299769,marvin
Weber,cmaes,4,296.3639458440486,marvin
Sneyd,trust-krylov,2,-319.7856756203533,marvin
Weber,cmaes,1,296.2020024574204,marvin
Sneyd,nlopt_36,3,-319.7923354806364,marvin
Sneyd,trust-krylov,9,-319.78598888348444,marvin
Sneyd,trust-krylov,3,-319.7815856703258,marvin
Weber,cmaes,6,296.2025183864614,marvin
Weber,cmaes,3,297.0919030617941,marvin
Sneyd,pyswarm,5,-306.5986638035493,marvin
Weber,cmaes,5,297.09225915717764,marvin
Sneyd,trust-krylov,1,-319.7858418032893,marvin
Weber,Nelder-Mead,2,349.7871910686792,marvin
Weber,cmaes,10,296.4527858722625,marvin
Weber,cmaes,2,296.78847221072294,marvin
Weber,cmaes,9,297.1046668126194,marvin
Weber,Nelder-Mead,3,401.48275935147353,marvin
Sneyd,trust-krylov,7,-319.77764000476157,marvin
Weber,cmaes,8,296.20349982220114,marvin
Weber,cmaes,7,296.36352854189715,marvin
Weber,Nelder-Mead,6,412.4400177499434,marvin
Weber,Nelder-Mead,9,393.6211555972028,marvin
Weber,Nelder-Mead,1,408.4574956425878,marvin
Weber,Nelder-Mead,7,404.2766566381355,marvin
Weber,Nelder-Mead,5,378.7150199321567,marvin
Weber,Nelder-Mead,10,387.39119803089227,marvin
Sneyd,tnc,2,-317.8207187367629,marvin
Sneyd,tnc,6,-318.9756572470536,marvin
Sneyd,tnc,3,-315.3407994941427,marvin
Weber,COBYLA,5,390.0791077079642,marvin
Sneyd,tnc,1,-316.5581444906,marvin
Sneyd,tnc,10,-316.2713377604082,marvin
Weber,ipopt,2,297.7036743404441,marvin
Sneyd,tnc,5,-318.0988743234824,marvin
Weber,cg,4,302.7739437967815,marvin
Sneyd,tnc,9,-316.3109714385457,marvin
Weber,ipopt,1,297.5655664128258,marvin
Weber,ipopt,4,301.243374883677,marvin
Sneyd,tnc,4,-316.49307846866037,marvin
Weber,L-BFGS-B,9,307.93085553874096,marvin
Weber,cg,1,350.21133713397296,marvin
Weber,ipopt,6,297.99665783693166,marvin
Weber,L-BFGS-B,2,303.23570995024824,marvin
Weber,ipopt,3,297.9332275068631,marvin
Weber,L-BFGS-B,3,312.8146000922976,marvin
Weber,ipopt,5,301.2466468377122,marvin
Weber,COBYLA,9,417.0359453102292,marvin
Weber,ipopt,8,298.4587888047788,marvin
Weber,cg,5,355.92294024723594,marvin
Weber,cg,10,300.74437509632946,marvin
Weber,cg,2,359.3232955414432,marvin
Weber,L-BFGS-B,5,297.81761895219825,marvin
Weber,newton-cg,1,403.01032241323236,marvin
Weber,L-BFGS-B,4,299.9641183622529,marvin
Sneyd,tnc,7,-314.6473993303355,marvin
Weber,ipopt,9,297.4821856766057,marvin
Weber,COBYLA,8,429.9180366006649,marvin
Weber,ipopt,7,297.7590050318792,marvin
Sneyd,tnc,8,-314.14919034714507,marvin
Weber,cg,3,352.55994776436717,marvin
Weber,cg,6,352.50934583184244,marvin
Weber,newton-cg,3,386.8799258370682,marvin
Weber,L-BFGS-B,6,317.6317311632978,marvin
Weber,fides,1,296.88754466493043,marvin
Weber,fides,5,296.8322859354959,marvin
Weber,COBYLA,7,423.52850678291713,marvin
Weber,COBYLA,3,426.3283106551587,marvin
Weber,fides,3,296.92914538383985,marvin
Weber,fides,10,296.8032346162261,marvin
Weber,L-BFGS-B,7,304.54026258303145,marvin
Weber,fides,6,296.83365888413937,marvin
Weber,newton-cg,4,368.63574506947623,marvin
Weber,cg,9,385.0681162323707,marvin
Weber,ipopt,10,298.0501145003032,marvin
Weber,newton-cg,5,407.8979374347367,marvin
Weber,cg,8,351.8462420491361,marvin
Weber,newton-cg,7,420.4891417714493,marvin
Weber,newton-cg,8,397.1721348958795,marvin
Weber,COBYLA,2,417.91653959399105,marvin
Weber,fides,8,296.82771276022396,marvin
Weber,newton-cg,10,394.341819233447,marvin
Weber,L-BFGS-B,1,305.85586873708775,marvin
Weber,COBYLA,10,402.92031780191553,marvin
Weber,fides,7,296.7575618571948,marvin
Weber,COBYLA,4,425.8391838877078,marvin
Weber,COBYLA,6,413.7468498186639,marvin
Weber,newton-cg,9,401.71965799021916,marvin
Weber,newton-cg,2,418.20356735227824,marvin
Weber,nlopt_12,1,314.940305752827,marvin
Weber,L-BFGS-B,10,312.3256081426143,marvin
Weber,nlopt_12,9,313.7096339256932,marvin
Weber,nlopt_12,3,304.6105873032618,marvin
Weber,nlopt_12,2,306.0338080411997,marvin
Weber,newton-cg,6,382.8745506552362,marvin
Weber,nlopt_12,7,301.38719784663624,marvin
Weber,fides,2,296.7641511387732,marvin
Weber,fides,4,296.816938694227,marvin
Weber,COBYLA,1,416.6040379404043,marvin
Weber,BFGS,4,340.8074544780074,marvin
Weber,nlopt_12,8,347.5920187764039,marvin
Weber,nlopt_12,5,303.71608392619817,marvin
Weber,nlopt_12,6,298.61709115786977,marvin
Weber,fides,9,296.9126418874703,marvin
Weber,BFGS,2,352.9235453580278,marvin
Weber,BFGS,1,366.2231115455496,marvin
Weber,nlopt_16,4,350.99472088800354,marvin
Weber,nlopt_16,1,323.88379674828104,marvin
Weber,nlopt_12,4,315.9336670300918,marvin
Weber,cg,7,351.4386604007045,marvin
Weber,nlopt_16,8,324.1518227627206,marvin
Weber,nlopt_16,5,319.64370088460066,marvin
Weber,BFGS,9,362.6895871760205,marvin
Weber,nlopt_16,6,310.96540055874107,marvin
Weber,nlopt_16,9,311.38509597723817,marvin
Weber,nlopt_16,2,329.7604499210955,marvin
Weber,nlopt_16,3,337.48392127889275,marvin
Weber,nlopt_16,7,353.22853389687623,marvin
Weber,nlopt_15,5,322.01425031201717,marvin
Weber,nlopt_11,2,298.15290017481146,marvin
Weber,L-BFGS-B,8,299.4872265829276,marvin
Weber,nlopt_16,10,339.39997665450034,marvin
Weber,BFGS,8,355.9652480322078,marvin
Weber,nlopt_11,1,297.79070270107565,marvin
Weber,nlopt_12,10,317.4967350972443,marvin
Weber,nlopt_11,6,302.2241476255461,marvin
Weber,BFGS,6,354.5859598125566,marvin
Weber,nlopt_15,9,330.9306386115578,marvin
Weber,nlopt_18,4,307.8183761109833,marvin
Weber,nlopt_15,7,353.5684703135553,marvin
Weber,nlopt_21,1,299.8063625336876,marvin
Weber,nlopt_21,3,302.82112643228453,marvin
Weber,BFGS,5,370.29049170138114,marvin
Weber,nlopt_15,3,355.0450176328466,marvin
Weber,nlopt_18,7,323.95924209980217,marvin
Weber,nlopt_15,6,348.53176255418543,marvin
Weber,nlopt_21,4,321.0589636102155,marvin
Sneyd,dogleg,4,-199.2535480558216,marvin
Weber,nlopt_15,1,359.00183934763254,marvin
Weber,nlopt_21,7,314.2827624008512,marvin
Weber,nlopt_11,3,298.3791539306849,marvin
Weber,nlopt_11,4,297.2186783362283,marvin
Weber,nlopt_21,8,308.8616578087856,marvin
Weber,nlopt_18,2,304.8907004150817,marvin
Weber,nlopt_15,8,357.736954671303,marvin
Weber,nlopt_18,8,308.31945536825936,marvin
Weber,nlopt_14,7,304.66266525944627,marvin
Weber,nlopt_11,8,298.74552301993214,marvin
Weber,nlopt_18,1,305.06236572675203,marvin
Weber,nlopt_13,4,303.2383656034168,marvin
Weber,nlopt_18,3,308.5684804387097,marvin
Weber,nlopt_18,10,297.57468127698615,marvin
Weber,BFGS,3,348.59292443262086,marvin
Weber,nlopt_11,7,301.20342263456763,marvin
Weber,nlopt_13,5,298.31905780990195,marvin
Weber,nlopt_26,4,368.2807386100168,marvin
Weber,nlopt_21,2,302.6485601604083,marvin
Weber,nlopt_11,5,297.88364915639454,marvin
Weber,nlopt_18,5,310.66175960339996,marvin
Weber,BFGS,10,378.165292702729,marvin
Weber,nlopt_18,9,301.59230735078836,marvin
Weber,nlopt_13,7,300.7954659149056,marvin
Weber,nlopt_21,9,318.6885778924775,marvin
Weber,nlopt_13,9,297.78206847892847,marvin
Weber,nlopt_21,5,309.5013377534243,marvin
Weber,nlopt_26,1,375.4208846186932,marvin
Weber,nlopt_26,9,372.37798053204205,marvin
Weber,nlopt_21,6,303.42440264895725,marvin
Weber,nlopt_26,3,385.6529334351974,marvin
Weber,nlopt_21,10,313.54097731664365,marvin
Weber,BFGS,7,389.50252694138385,marvin
Weber,nlopt_28,4,324.52642289910546,marvin
Weber,nlopt_11,10,297.93275051422114,marvin
Weber,nlopt_26,5,399.9586701945385,marvin
Weber,nlopt_18,6,302.38041645988005,marvin
Weber,nlopt_29,7,301.8702494425449,marvin
Weber,nlopt_26,2,356.79538904656283,marvin
Weber,nlopt_13,8,305.3372017221742,marvin
Weber,nlopt_28,3,345.3902967929405,marvin
Weber,nlopt_34,7,449.23090133528956,marvin
Weber,nlopt_13,2,299.94194612428396,marvin
Weber,nlopt_26,6,338.66240221788894,marvin
Sneyd,dogleg,6,-224.14157246940132,marvin
Weber,nlopt_14,5,304.9000048676737,marvin
Weber,nlopt_34,1,312.3121130933647,marvin
Sneyd,dogleg,8,-250.44757975387182,marvin
Weber,nlopt_34,4,366.456611705115,marvin
Weber,nlopt_11,9,301.37985911454405,marvin
Weber,nlopt_29,5,301.7684838952496,marvin
Weber,nlopt_34,2,377.72694209426265,marvin
Weber,nlopt_29,9,306.89539499416765,marvin
Weber,nlopt_26,7,329.37131565043444,marvin
Weber,nlopt_26,10,360.96487250408137,marvin
Weber,nlopt_34,3,366.44731957929673,marvin
Weber,nlopt_29,10,303.0034010540302,marvin
Weber,nlopt_13,1,301.2313526190467,marvin
Weber,nlopt_29,1,301.47899087292933,marvin
Weber,nlopt_14,6,299.53245657162825,marvin
Weber,nlopt_15,4,344.1352249564669,marvin
Weber,nlopt_14,4,303.83034522997315,marvin
Weber,nlopt_34,6,376.41003256238025,marvin
Weber,nlopt_29,3,298.6062782661551,marvin
Weber,nlopt_29,8,301.4051230511534,marvin
Weber,nlopt_29,6,299.3447770968004,marvin
Weber,nlopt_29,2,298.5461179110513,marvin
Weber,nlopt_13,3,303.888716620154,marvin
Weber,nlopt_29,4,299.4194626002776,marvin
Weber,nlopt_28,6,338.37231920364263,marvin
Weber,nlopt_15,10,355.0969910470682,marvin
Weber,nlopt_14,2,303.89235751379033,marvin
Weber,nlopt_14,3,301.25974863936716,marvin
Weber,nlopt_28,5,344.71655235081596,marvin
Weber,nlopt_34,5,400.65315962431623,marvin
Weber,nlopt_28,8,345.30293456205743,marvin
Weber,nlopt_34,9,385.7638911669752,marvin
Weber,nlopt_28,1,335.8266772342241,marvin
Sneyd,dogleg,1,-228.61497535525749,marvin
Weber,nlopt_34,8,409.02585787265707,marvin
Weber,nlopt_14,9,308.9941180347487,marvin
Weber,pysacess,6,301.28404167829524,marvin
Sneyd,dogleg,2,-231.67018789865966,marvin
Weber,pysacess,9,299.682991702057,marvin
Weber,pysacess,1,301.5305730749844,marvin
Weber,pysacess,10,299.63416223084704,marvin
Weber,pysacess,8,299.4841914393127,marvin
Weber,pysacess,4,302.96648887434867,marvin
Weber,pysacess,7,305.845925132449,marvin
Weber,nlopt_26,8,368.56066385990664,marvin
Weber,nlopt_34,10,358.7422281992742,marvin
Weber,nlopt_28,7,353.40094306762063,marvin
Weber,nlopt_15,2,333.5965216737868,marvin
Weber,nlopt_14,1,308.0988868402199,marvin
Weber,pysacess,2,301.293698011456,marvin
Weber,pysacess,3,301.2907435906654,marvin
Weber,pysacess,5,298.0455846833406,marvin
Weber,pysacess_cmaes,9,296.20274335077215,marvin
Weber,pysacess_cmaes,1,296.98850623141874,marvin
Weber,nlopt_14,8,304.6625908154849,marvin
Weber,pysacess_cmaes,4,296.98736090745103,marvin
Weber,pysacess_fides,3,296.56100534772736,marvin
Weber,nlopt_13,6,304.72101408162166,marvin
Weber,pysacess_cmaes,8,296.81477853749493,marvin
Weber,pysacess_fides,5,296.95542954457096,marvin
Weber,pysacess_cmaes,3,297.108650299522,marvin
Weber,nlopt_28,2,331.5627163844141,marvin
Weber,nlopt_28,9,315.1919994189933,marvin
Weber,nlopt_14,10,298.25934006352145,marvin
Weber,nlopt_28,10,349.34460566704513,marvin
Weber,pysacess_cmaes,6,297.09186612052804,marvin
Weber,pysacess_fides,10,296.80263653026907,marvin
Weber,pysacess_ipopt,1,298.11203714328514,marvin
Weber,pysacess_ipopt,7,297.8072288794611,marvin
Weber,pysacess_fides,6,296.8459886242614,marvin
Weber,pysacess_ipopt,5,296.9934085226131,marvin
Weber,nlopt_13,10,299.35126243743764,marvin
Weber,pysacess_cmaes,5,297.26004152017777,marvin
Weber,pysacess_fides,8,297.19718204880314,marvin
Weber,pysacess_fides,7,296.8323619250799,marvin
Weber,pysacess_cmaes,2,297.2898864385891,marvin
Weber,pysacess_ipopt,2,296.509113952093,marvin
Weber,pysacess_cmaes,7,296.20250425538296,marvin
Weber,pysacess_fides,4,296.83448764648296,marvin
Weber,nlopt_23,1,313.91178922278436,marvin
Sneyd,dogleg,5,-225.50981785525275,marvin
Weber,pysacess_ipopt,3,297.64416214198684,marvin
Weber,pysacess_cmaes,10,297.0920433236124,marvin
Weber,pysacess_ipopt,4,297.63685063037406,marvin
Weber,pysacess_fides,2,296.9837664393042,marvin
Weber,pysacess_ipopt,10,296.9948249348512,marvin
Weber,sacess,1,299.35049625061356,marvin
Sneyd,dogleg,9,-226.90194180658958,marvin
Weber,sacess,5,304.60553400358054,marvin
Weber,sacess_dhc,7,303.2167613944081,marvin
Weber,pysacess_fides,9,296.7065527878711,marvin
Weber,sacess,4,301.19235885557066,marvin
Sneyd,dogleg,10,-231.78057702200823,marvin
Weber,pysacess_ipopt,8,297.786645066417,marvin
Weber,pysacess_ipopt,9,297.0155389641625,marvin
Weber,sacess,10,309.66788365119373,marvin
Weber,sacess_dhc,1,301.11756573060666,marvin
Weber,sacess_dhc,4,297.8740651912343,marvin
Weber,sacess,2,298.0402402871124,marvin
Weber,sacess_dhc,8,299.23538842549647,marvin
Weber,sacess,8,297.90638893581274,marvin
Weber,sacess_dhc,2,300.9815098372308,marvin
Weber,pysacess_fides,1,296.8230322507486,marvin
Weber,sacess,7,304.63201472005625,marvin
Weber,pysacess_ipopt,6,300.77953732415347,marvin
Weber,pyswarm,10,437.371251354135,marvin
Weber,sacess_ipopt,5,297.56859070235294,marvin
Weber,sacess_ipopt,3,297.5747038359435,marvin
Weber,sacess,9,297.9736364264005,marvin
Weber,sacess_dhc,9,301.28319819872974,marvin
Weber,sacess_ipopt,6,297.82222078045487,marvin
Weber,sacess,3,299.51159614356726,marvin
Weber,nlopt_23,10,318.17714426410953,marvin
Weber,sacess,6,299.5817136635741,marvin
Weber,sacess_ipopt,1,297.7102176216033,marvin
Weber,pyswarm,7,456.74163182628604,marvin
Weber,sacess_ipopt,10,297.77397403627,marvin
Weber,sacess_dhc,10,299.6853338236334,marvin
Weber,pyswarm,3,434.3888157488989,marvin
Weber,pyswarm,8,440.7172960019112,marvin
Weber,nlopt_23,4,314.52996132627,marvin
Weber,sacess_dhc,5,297.81169537233023,marvin
Weber,nlopt_36,4,298.58772558308203,marvin
Weber,sacess_ipopt,8,297.505052891268,marvin
Weber,nlopt_23,8,321.0195279923166,marvin
Weber,sacess_ipopt,7,297.41895097073706,marvin
Weber,sacess_ipopt,2,301.275530991774,marvin
Weber,pyswarm,6,453.8562402097697,marvin
Weber,sacess_dhc,3,297.8378351301523,marvin
Weber,sacess_dhc,6,297.87456631439,marvin
Weber,nlopt_23,9,331.5323089195824,marvin
Weber,nlopt_23,6,311.48762164269965,marvin
Weber,sacess_ipopt,4,297.0962841064436,marvin
Sneyd,dogleg,7,-205.65967806205083,marvin
Weber,pyswarm,2,457.79875340613467,marvin
Weber,pyswarm,1,444.39994003176616,marvin
Weber,nlopt_37,9,299.2205225797445,marvin
Weber,nlopt_37,6,297.93633205738934,marvin
Weber,nlopt_37,4,301.07762262847086,marvin
Weber,pyswarm,4,446.1546571421966,marvin
Weber,sacess_ipopt,9,297.72209672886567,marvin
Weber,pyswarm,5,443.54924675827453,marvin
Weber,nlopt_39,4,343.74542760613986,marvin
Weber,nlopt_37,1,297.8623428250353,marvin
Sneyd,dogleg,3,-233.4701417671973,marvin
Weber,SLSQP,2,299.4838875868229,marvin
Weber,nlopt_36,1,299.7024989344687,marvin
Weber,nlopt_36,2,297.6264967215019,marvin
Weber,nlopt_39,5,338.0530526810627,marvin
Weber,nlopt_36,3,299.8904672629839,marvin
Weber,pyswarm,9,449.15713052487786,marvin
Weber,nlopt_39,6,297.38087531994205,marvin
Weber,nlopt_36,7,298.61622617643553,marvin
Weber,SLSQP,9,299.1122068491883,marvin
Weber,SLSQP,4,298.9555733385895,marvin
Weber,nlopt_23,7,297.85287101440804,marvin
Weber,nlopt_39,9,311.28141968228726,marvin
Weber,SLSQP,3,298.1430534826944,marvin
Weber,nlopt_37,2,300.18384976214213,marvin
Weber,nlopt_39,1,312.52022616411017,marvin
Weber,nlopt_37,7,297.42613790790887,marvin
Weber,nlopt_37,3,301.31439732890965,marvin
Weber,nlopt_36,10,297.35790939783567,marvin
Weber,nlopt_39,8,323.52989254732694,marvin
Weber,nlopt_23,2,326.69104107447845,marvin
Weber,nlopt_23,5,339.2406861496554,marvin
Weber,nlopt_36,8,303.4399006651099,marvin
Weber,nlopt_39,10,306.07678666750417,marvin
Weber,nlopt_23,3,320.6928128859665,marvin
Weber,nlopt_37,10,297.43341833228766,marvin
Weber,SLSQP,1,299.7483605648018,marvin
Weber,SLSQP,7,299.38956980607884,marvin
Weber,tnc,1,355.25267542786037,marvin
Weber,SLSQP,10,299.8709090099578,marvin
Weber,nlopt_36,6,297.9205627576156,marvin
Weber,SLSQP,5,303.23850571621216,marvin
Weber,tnc,2,345.67899938441394,marvin
Weber,SLSQP,8,300.2963240664172,marvin
Weber,tnc,10,333.13853607582655,marvin
Weber,nlopt_39,7,313.1940808136294,marvin
Weber,nlopt_36,5,299.28009212610624,marvin
Weber,nlopt_36,9,298.25645182978855,marvin
Weber,tnc,3,335.11405989843007,marvin
Weber,nlopt_39,2,341.153911816741,marvin
Weber,nlopt_39,3,353.2783266772408,marvin
Weber,tnc,4,329.3337878311495,marvin
Weber,nlopt_37,8,301.2921226179473,marvin
Weber,trust-ncg,8,386.77118033980605,marvin
Weber,tnc,8,336.0801679428298,marvin
Weber,tnc,6,340.16929621197323,marvin
Weber,tnc,7,338.7132775091377,marvin
Weber,tnc,9,353.88868256923695,marvin
Weber,nlopt_37,5,297.9816441108134,marvin
Weber,tnc,5,347.1206224282329,marvin
Weber,SLSQP,6,298.13423924713396,marvin
Zhao,cmaes,3,501.229085686192,marvin
Zhao,cmaes,2,501.22919258387554,marvin
Zhao,cmaes,4,501.22855551500675,marvin
Zhao,cmaes,1,501.2288440634593,marvin
Weber,trust-ncg,4,383.9660436108263,marvin
Weber,trust-ncg,3,405.17867904124273,marvin
Zhao,cmaes,5,501.2275347333806,marvin
Zhao,cmaes,7,501.2273303895592,marvin
Zhao,Nelder-Mead,3,641.3177409309204,marvin
Weber,dogleg,4,677.5515486915165,marvin
Zhao,cmaes,10,501.2287393531318,marvin
Weber,trust-ncg,10,355.7059398062775,marvin
Zhao,cmaes,8,501.22817357457416,marvin
Zhao,Nelder-Mead,6,642.791275714071,marvin
Weber,trust-ncg,5,349.8116651632091,marvin
Zhao,L-BFGS-B,1,522.3134312820733,marvin
Zhao,cmaes,9,501.2283661388062,marvin
Weber,trust-ncg,1,378.61442973621365,marvin
Zhao,cmaes,6,501.2280338507538,marvin
Weber,trust-ncg,2,410.62749736818034,marvin
Weber,trust-ncg,6,381.1921095492886,marvin
Weber,trust-ncg,9,374.4917023285751,marvin
Weber,trust-ncg,7,391.64908866149665,marvin
Zhao,Nelder-Mead,2,658.0210302022911,marvin
Zhao,L-BFGS-B,2,508.209026891901,marvin
Zhao,L-BFGS-B,6,508.21445479762065,marvin
Zhao,L-BFGS-B,9,507.08987248528115,marvin
Zhao,L-BFGS-B,10,508.175995298411,marvin
Zhao,Nelder-Mead,4,652.3883815033012,marvin
Zhao,Nelder-Mead,7,648.6739815121613,marvin
Zhao,L-BFGS-B,5,515.5275553056024,marvin
Zhao,L-BFGS-B,8,519.4561806791038,marvin
Zhao,L-BFGS-B,4,507.09385766601036,marvin
Zhao,Nelder-Mead,9,651.3648992836344,marvin
Zhao,Nelder-Mead,1,620.8946112827913,marvin
Weber,dogleg,10,593.2287755788645,marvin
Zhao,Nelder-Mead,5,659.0856132270393,marvin
Zhao,Nelder-Mead,8,663.2215624786147,marvin
Weber,trust-krylov,7,351.66661961375127,marvin
Weber,trust-krylov,8,338.92349484789844,marvin
Zhao,cg,9,580.130788151183,marvin
Zhao,cg,4,633.2214892433835,marvin
Weber,dogleg,5,667.7338061472494,marvin
Zhao,L-BFGS-B,3,503.9047838383738,marvin
Weber,dogleg,6,638.9789246437965,marvin
Zhao,cg,7,632.0007242846821,marvin
Weber,dogleg,8,591.4601889943583,marvin
Zhao,cg,5,597.2688184068486,marvin
Zhao,cg,6,628.9344464932398,marvin
Zhao,cg,2,579.2599635728086,marvin
Zhao,cg,1,606.0439710692374,marvin
Zhao,COBYLA,1,656.6268964371967,marvin
Zhao,COBYLA,2,648.400925609108,marvin
Zhao,cg,3,604.1172902798861,marvin
Zhao,COBYLA,7,650.459903087992,marvin
Zhao,L-BFGS-B,7,531.7466445751606,marvin
Zhao,COBYLA,8,646.0728446055103,marvin
Zhao,fides,1,501.2280384327003,marvin
Weber,trust-krylov,4,303.22054309408566,marvin
Zhao,Nelder-Mead,10,652.1010539871813,marvin
Zhao,COBYLA,5,653.6425154296102,marvin
Zhao,COBYLA,6,647.8766368854282,marvin
Weber,trust-krylov,10,351.9058378583594,marvin
Zhao,fides,4,501.231566942952,marvin
Zhao,fides,6,501.2320441059834,marvin
Weber,trust-krylov,3,350.90584785211615,marvin
Weber,trust-krylov,6,349.901493347168,marvin
Weber,trust-krylov,2,331.05899662374145,marvin
Weber,trust-krylov,5,351.51006659648584,marvin
Zhao,COBYLA,10,644.1597651387739,marvin
Weber,trust-krylov,1,327.5696497390868,marvin
Zhao,cg,10,625.3727613526746,marvin
Zhao,fides,10,501.2273868650168,marvin
Weber,trust-krylov,9,309.70085085888053,marvin
Zhao,cg,8,606.1404328738128,marvin
Weber,dogleg,1,683.0900772744409,marvin
Zhao,fides,7,501.2281700351897,marvin
Zhao,ipopt,4,561.7095389003771,marvin
Zhao,fides,9,501.2294263205568,marvin
Weber,dogleg,9,703.7298501875007,marvin
Zhao,COBYLA,3,633.8128329895607,marvin
Zhao,COBYLA,9,638.8200132920282,marvin
Zhao,fides,8,501.22951883653684,marvin
Zhao,fides,5,501.23654393668164,marvin
Zhao,fides,3,501.22770135726876,marvin
Zhao,COBYLA,4,639.061678395999,marvin
Zhao,ipopt,8,575.4931419807775,marvin
Zhao,fides,2,501.2276035116619,marvin
Zhao,ipopt,6,593.7090556050845,marvin
Zhao,ipopt,9,578.2401893155449,marvin
Zhao,nlopt_11,7,501.2275065699596,marvin
Weber,dogleg,2,577.7007378606056,marvin
Zhao,ipopt,7,574.5851667403597,marvin
Weber,dogleg,3,692.8643194802057,marvin
Zhao,ipopt,2,570.802206755843,marvin
Zhao,ipopt,5,575.8448340370932,marvin
Zhao,nlopt_11,1,507.0877941816956,marvin
Zhao,nlopt_12,7,525.5048011600402,marvin
Zhao,ipopt,10,567.9343458465598,marvin
Zhao,ipopt,1,580.9531475802082,marvin
Zhao,nlopt_11,5,503.1494481276649,marvin
Zhao,BFGS,2,522.4416563291519,marvin
Zhao,nlopt_12,6,531.6140164530628,marvin
Zhao,nlopt_11,2,503.1485645179397,marvin
Zhao,nlopt_12,1,533.3089062064739,marvin
Zhao,nlopt_11,9,501.2275886187429,marvin
Zhao,dogleg,10,773.1975297677234,marvin
Zhao,nlopt_13,3,525.4447331008953,marvin
Zhao,nlopt_12,10,580.8387076329701,marvin
Zhao,nlopt_12,4,549.4435602921433,marvin
Zhao,nlopt_12,3,557.2097366864642,marvin
Zhao,nlopt_12,8,533.6070006183148,marvin
Zhao,BFGS,10,576.0328066597016,marvin
Zhao,nlopt_12,5,544.2415377381037,marvin
Zhao,BFGS,5,519.8854062603401,marvin
Zhao,ipopt,3,574.5778692350374,marvin
Zhao,nlopt_11,10,503.1706651812867,marvin
Zhao,nlopt_11,3,503.14836897018114,marvin
Zhao,nlopt_13,4,548.0625873889608,marvin
Zhao,nlopt_15,2,622.4660301491007,marvin
Zhao,nlopt_18,1,559.7738044142819,marvin
Zhao,nlopt_16,2,574.1593603456531,marvin
Zhao,newton-cg,6,581.5010174438783,marvin
Zhao,nlopt_16,8,578.9163568863198,marvin
Zhao,nlopt_13,2,533.1767807887999,marvin
Zhao,nlopt_13,5,529.7532990520572,marvin
Zhao,nlopt_11,4,503.1543717086235,marvin
Zhao,nlopt_15,1,622.4501162417107,marvin
Zhao,newton-cg,7,569.5936782617391,marvin
Zhao,BFGS,8,578.9166746198548,marvin
Zhao,nlopt_18,10,584.9819028483176,marvin
Zhao,newton-cg,5,565.1354643390674,marvin
Zhao,nlopt_18,2,569.12643777667,marvin
Zhao,newton-cg,1,575.90880228048,marvin
Zhao,nlopt_16,1,571.0190188545835,marvin
Zhao,nlopt_16,3,568.7458224393121,marvin
Zhao,BFGS,6,503.38782050968496,marvin
Zhao,nlopt_16,4,581.0475739811169,marvin
Zhao,nlopt_14,9,524.4098270870131,marvin
Zhao,nlopt_16,9,572.5863952607505,marvin
Zhao,nlopt_13,6,520.3955525773548,marvin
Zhao,newton-cg,4,554.3210149687319,marvin
Zhao,nlopt_13,10,522.2952714058997,marvin
Zhao,nlopt_18,5,589.1068408867469,marvin
Zhao,nlopt_12,9,553.3125829732647,marvin
Zhao,BFGS,4,549.4474137198924,marvin
Zhao,nlopt_15,8,622.4339809475886,marvin
Zhao,nlopt_11,6,503.16503543378144,marvin
Zhao,newton-cg,3,581.0702971009197,marvin
Zhao,newton-cg,2,578.9166751806314,marvin
Zhao,nlopt_23,2,597.2680555517617,marvin
Zhao,nlopt_18,8,578.0824521189131,marvin
Zhao,nlopt_11,8,503.14948117456,marvin
Zhao,nlopt_13,1,521.4740634785278,marvin
Zhao,nlopt_21,5,555.4658749881673,marvin
Zhao,BFGS,7,533.1725884102061,marvin
Zhao,nlopt_18,4,586.9031582983519,marvin
Zhao,nlopt_18,6,580.8387769678699,marvin
Zhao,nlopt_18,3,560.5126576465381,marvin
Zhao,newton-cg,8,580.8381282412754,marvin
Zhao,nlopt_26,1,624.0079225796098,marvin
Weber,dogleg,7,550.5956688790016,marvin
Zhao,dogleg,7,769.8141379518968,marvin
Zhao,nlopt_18,9,559.7794006135252,marvin
Zhao,nlopt_15,10,622.3176269423682,marvin
Zhao,nlopt_16,5,578.9156106178303,marvin
Zhao,nlopt_15,4,609.5781602224827,marvin
Zhao,nlopt_29,1,501.55688603674355,marvin
Zhao,newton-cg,9,560.7932286626747,marvin
Zhao,nlopt_23,1,606.0371979008435,marvin
Zhao,nlopt_23,3,580.8394675894235,marvin
Zhao,nlopt_16,10,595.6547209639934,marvin
Zhao,nlopt_18,7,548.8961469964793,marvin
Zhao,nlopt_26,7,604.892755194381,marvin
Zhao,nlopt_14,2,503.1530108709571,marvin
Zhao,nlopt_16,6,549.4309557738598,marvin
Zhao,nlopt_23,6,604.1193778428807,marvin
Zhao,nlopt_34,5,646.8905251054813,marvin
Zhao,BFGS,9,533.184575722887,marvin
Zhao,dogleg,4,759.1277578875896,marvin
Zhao,nlopt_14,5,521.5000265579954,marvin
Zhao,nlopt_15,5,615.5814829479164,marvin
Zhao,nlopt_34,7,634.7854140948053,marvin
Zhao,nlopt_34,2,601.740973906381,marvin
Zhao,nlopt_13,8,531.2476050059419,marvin
Zhao,nlopt_14,7,531.2477101488264,marvin
Zhao,nlopt_34,4,632.4527123259855,marvin
Zhao,nlopt_29,7,501.775052208502,marvin
Zhao,nlopt_12,2,511.07827463570106,marvin
Zhao,nlopt_15,3,594.6788434677138,marvin
Zhao,nlopt_23,4,617.5029722497685,marvin
Zhao,nlopt_29,6,501.672403838749,marvin
Zhao,nlopt_23,10,617.5029722497685,marvin
Zhao,nlopt_29,2,501.80749312575904,marvin
Zhao,nlopt_29,5,501.58087714285466,marvin
Zhao,nlopt_14,4,540.647378775355,marvin
Zhao,nlopt_34,9,617.551934156611,marvin
Zhao,nlopt_34,1,677.8943348873992,marvin
Zhao,nlopt_28,1,576.5329449235329,marvin
Zhao,nlopt_26,8,617.075201071468,marvin
Zhao,nlopt_23,8,617.5029722497685,marvin
Zhao,nlopt_34,10,655.0436858510602,marvin
Zhao,nlopt_13,7,503.247900259994,marvin
Zhao,nlopt_28,8,580.1305432490125,marvin
Zhao,nlopt_14,8,533.1496968185139,marvin
Zhao,nlopt_26,6,604.1291162909924,marvin
Zhao,nlopt_29,3,501.75058607120604,marvin
Zhao,nlopt_34,8,605.5177254732566,marvin
Zhao,nlopt_26,2,578.9588019674229,marvin
Zhao,nlopt_34,3,606.1643068588836,marvin
Zhao,nlopt_14,6,555.4584021227776,marvin
Zhao,nlopt_15,9,611.7819707300712,marvin
Zhao,nlopt_26,9,606.0529041932019,marvin
Zhao,nlopt_29,10,501.3897818725283,marvin
Zhao,nlopt_34,6,617.1935775561647,marvin
Zhao,nlopt_16,7,575.8914116594153,marvin
Zhao,nlopt_21,7,556.5364947701731,marvin
Zhao,nlopt_13,9,548.9190658855052,marvin
Zhao,nlopt_29,4,502.08877444752756,marvin
Zhao,newton-cg,10,578.1688611121624,marvin
Zhao,nlopt_28,2,565.6034774057209,marvin
Zhao,nlopt_28,9,549.3601164336084,marvin
Zhao,nlopt_29,8,501.56018165994817,marvin
Zhao,pysacess,7,503.04511265897236,marvin
Zhao,nlopt_23,9,606.0470798214216,marvin
Zhao,nlopt_21,8,560.6944600955425,marvin
Zhao,nlopt_26,5,611.4256172575712,marvin
Zhao,nlopt_28,7,558.2861631169319,marvin
Zhao,pysacess,3,503.14252585341734,marvin
Zhao,nlopt_23,7,587.6096937813511,marvin
Zhao,BFGS,1,575.837710267361,marvin
Zhao,nlopt_28,5,575.007968750513,marvin
Zhao,pysacess,1,504.094324702573,marvin
Zhao,pysacess_cmaes,3,501.22958135810757,marvin
Zhao,pysacess_cmaes,6,501.2282260493931,marvin
Zhao,nlopt_21,9,578.916917577814,marvin
Zhao,nlopt_21,4,572.3491765733913,marvin
Zhao,pysacess_cmaes,2,501.22895364491325,marvin
Zhao,nlopt_21,10,568.9401580348318,marvin
Zhao,pysacess,2,502.73134167396734,marvin
Zhao,pysacess_cmaes,5,501.2285815048282,marvin
Zhao,nlopt_26,4,550.8480004223319,marvin
Zhao,nlopt_21,2,579.1646409844121,marvin
Zhao,nlopt_28,3,568.1297618793983,marvin
Zhao,pysacess_cmaes,9,501.22850398625445,marvin
Zhao,nlopt_28,10,566.6958049457411,marvin
Zhao,nlopt_28,6,576.2675543719822,marvin
Zhao,nlopt_23,5,580.8386977189044,marvin
Zhao,nlopt_39,2,603.8546405711406,marvin
Zhao,nlopt_26,10,604.0962360666849,marvin
Zhao,pysacess,5,502.74206515947037,marvin
Zhao,pysacess_cmaes,8,501.23463471425123,marvin
Zhao,dogleg,2,771.3423813436161,marvin
Zhao,dogleg,1,776.3999858423514,marvin
Zhao,nlopt_39,10,606.0441636159603,marvin
Zhao,nlopt_29,9,502.0358803509545,marvin
Zhao,pysacess_cmaes,7,501.22765903668227,marvin
Zhao,nlopt_39,8,604.2045584296885,marvin
Zhao,pysacess,6,505.04055748807673,marvin
Zhao,pysacess_ipopt,7,501.2880391202413,marvin
Zhao,pysacess,4,504.0235081993258,marvin
Zhao,nlopt_39,1,617.5029722497685,marvin
Zhao,pysacess,8,504.303754719366,marvin
Zhao,pysacess_ipopt,10,501.2674107265514,marvin
Zhao,pysacess_ipopt,9,501.42517662068025,marvin
Zhao,pysacess_ipopt,3,501.28115530924526,marvin
Zhao,pysacess,10,502.9379434464461,marvin
Zhao,nlopt_21,3,537.4883267758146,marvin
Zhao,nlopt_39,3,606.0646328349603,marvin
Zhao,nlopt_39,6,597.270868702072,marvin
Zhao,pysacess_fides,10,501.2272391296679,marvin
Zhao,nlopt_26,3,604.1324511079251,marvin
Zhao,pysacess_fides,5,501.2276807873164,marvin
Zhao,pysacess_fides,4,501.2290544392305,marvin
Zhao,pysacess_cmaes,1,501.23089449419,marvin
Zhao,pysacess_cmaes,4,501.2280148989501,marvin
Zhao,pysacess_fides,3,501.22893446826095,marvin
Zhao,BFGS,3,546.0779810095349,marvin
Zhao,pysacess_fides,7,501.2283246734855,marvin
Zhao,pysacess_ipopt,5,501.2938868995712,marvin
Zhao,pysacess_ipopt,1,501.26969499540775,marvin
Zhao,pysacess_fides,1,501.2292074936069,marvin
Zhao,sacess,2,504.71222953993595,marvin
Zhao,nlopt_28,4,560.3662322817577,marvin
Zhao,nlopt_39,4,587.6993204827008,marvin
Zhao,sacess,5,502.02834480283246,marvin
Zhao,pysacess_fides,9,501.2277605926305,marvin
Zhao,sacess,1,501.84986110584,marvin
Zhao,pysacess_fides,6,501.22777960957467,marvin
Zhao,nlopt_14,3,531.2476162357754,marvin
Zhao,sacess_dhc,4,501.2881620483576,marvin
Zhao,pysacess_cmaes,10,501.2277810877109,marvin
Zhao,sacess_dhc,6,501.3640224468564,marvin
Zhao,sacess_dhc,8,501.65679501718694,marvin
Zhao,sacess_dhc,3,503.1510217133605,marvin
Zhao,pysacess_ipopt,6,501.2532373703392,marvin
Zhao,pysacess_ipopt,8,501.40618366399224,marvin
Zhao,nlopt_14,1,547.5501936305182,marvin
Zhao,nlopt_15,7,597.3469093239437,marvin
Zhao,sacess_dhc,2,501.24392649121694,marvin
Zhao,nlopt_14,10,529.1762191882694,marvin
Zhao,nlopt_21,6,546.6128636001063,marvin
Zhao,sacess_ipopt,5,503.3873378017354,marvin
Zhao,sacess_dhc,1,501.2704583463036,marvin
Zhao,dogleg,6,781.6741606572025,marvin
Zhao,sacess,9,501.75828074978085,marvin
Zhao,sacess_ipopt,1,503.3981465168253,marvin
Zhao,sacess_ipopt,4,501.45097814069186,marvin
Zhao,pysacess_ipopt,4,501.259529210248,marvin
Zhao,sacess,7,502.31609718079886,marvin
Zhao,dogleg,3,740.5611631124184,marvin
Zhao,pysacess_fides,2,501.22705376318333,marvin
Zhao,sacess_ipopt,7,504.1321668796344,marvin
Zhao,sacess_dhc,5,501.22815336631066,marvin
Zhao,sacess_dhc,10,501.2400507926107,marvin
Zhao,pysacess,9,502.045904820276,marvin
Zhao,nlopt_39,5,604.1263993318289,marvin
Zhao,sacess_dhc,7,501.22893141018614,marvin
Zhao,sacess_ipopt,3,501.56323250360094,marvin
Zhao,nlopt_39,9,605.168153769662,marvin
Zhao,sacess,10,505.5167502666936,marvin
Zhao,sacess_dhc,9,502.73363009943154,marvin
Zhao,nlopt_21,1,578.9176186065272,marvin
Zhao,sacess_ipopt,8,501.4684860866868,marvin
Zhao,sacess,8,502.523515131361,marvin
Zhao,pysacess_fides,8,501.2280368285719,marvin
Zhao,sacess_ipopt,10,501.5359094132406,marvin
Zhao,nlopt_15,6,628.1925484100992,marvin
Zhao,pysacess_ipopt,2,501.3018130523151,marvin
Zhao,sacess,6,502.8684021787493,marvin
Zhao,dogleg,8,809.0389319349749,marvin
Zhao,dogleg,5,734.8342591038223,marvin
Zhao,sacess_ipopt,9,502.04277923580486,marvin
Zhao,sacess,4,504.0277979456623,marvin
Zhao,nlopt_39,7,617.5029722497685,marvin
Zhao,sacess,3,504.9484769365986,marvin
Zhao,sacess_ipopt,2,502.4191707372344,marvin
Zhao,sacess_ipopt,6,501.2930099038617,marvin
Zhao,dogleg,9,768.6589444534253,marvin
Zhao,trust-ncg,10,552.4008991312705,marvin
Zhao,trust-ncg,5,580.8379734039651,marvin
Zhao,trust-ncg,7,576.150149962134,marvin
Zhao,trust-ncg,8,551.1202700292255,marvin
Zhao,pyswarm,7,697.7067520591887,marvin
Zhao,trust-ncg,4,555.7240316855318,marvin
Zhao,nlopt_37,10,507.0870966189332,marvin
Zhao,pyswarm,5,699.3830426061425,marvin
Zhao,SLSQP,1,526.8743488043232,marvin
Zhao,trust-ncg,9,557.3665291350253,marvin
Zhao,trust-ncg,2,572.6024750181696,marvin
Zhao,trust-ncg,1,580.8379742183469,marvin
Zhao,nlopt_36,6,503.15055067922214,marvin
Zhao,nlopt_36,8,503.15397391935215,marvin
Zhao,pyswarm,8,694.066904810865,marvin
Zhao,nlopt_37,2,503.1483694027314,marvin
Zhao,nlopt_36,1,503.1545623788566,marvin
Zhao,pyswarm,4,708.6083886843522,marvin
Zhao,pyswarm,3,708.9631812169524,marvin
Zhao,trust-ncg,6,549.1556755390739,marvin
Zhao,nlopt_36,7,503.1642432571835,marvin
Zhao,SLSQP,3,532.6671397789784,marvin
Zhao,nlopt_37,5,503.1487517623634,marvin
Zhao,nlopt_37,4,501.22784175360374,marvin
Zhao,pyswarm,2,708.6329350256532,marvin
Zhao,nlopt_36,4,506.27808030125635,marvin
Zhao,nlopt_36,9,503.1483804027657,marvin
Zhao,nlopt_36,5,507.08708983781963,marvin
Zhao,pyswarm,1,700.3437704489186,marvin
Zhao,pyswarm,6,704.1125966563017,marvin
Zhao,nlopt_37,1,503.1483931943229,marvin
Zhao,nlopt_37,8,503.15049799259407,marvin
Zhao,nlopt_36,2,507.84108051079386,marvin
Zhao,pyswarm,10,708.4917287756107,marvin
Zhao,nlopt_36,3,501.2271030115249,marvin
Zhao,trust-krylov,7,537.1052523726203,marvin
Zhao,SLSQP,7,524.9065619823471,marvin
Zhao,pyswarm,9,697.3746937430204,marvin
Zhao,tnc,1,617.5791915414264,marvin
Zhao,trust-ncg,3,604.1245471342363,marvin
Zhao,trust-krylov,5,528.457716950531,marvin
Zhao,trust-krylov,9,547.6185781566356,marvin
Zhao,tnc,7,609.1825832109878,marvin
Zhao,nlopt_36,10,503.14839122211527,marvin
Zhao,trust-krylov,3,555.810557024799,marvin
Zhao,nlopt_37,6,508.1961590764456,marvin
Zhao,tnc,9,602.3283974954687,marvin
Zhao,nlopt_37,7,503.1527105102954,marvin
Zheng,cmaes,6,-293.34049618640216,marvin
Zhao,tnc,4,605.9479263116581,marvin
Zhao,nlopt_37,3,503.14870732313864,marvin
Zheng,cmaes,2,-293.6947401890128,marvin
Zhao,trust-krylov,8,548.169815798968,marvin
Zhao,SLSQP,5,525.9496516378389,marvin
Zhao,trust-krylov,6,537.7614616157456,marvin
Zheng,cmaes,1,-293.7010767418435,marvin
Zheng,cmaes,8,-293.64968897967645,marvin
Zheng,cmaes,4,-293.6994091845437,marvin
Zheng,cmaes,5,-293.32577535308735,marvin
Zhao,trust-krylov,2,550.828917884676,marvin
Zhao,trust-krylov,4,525.477932086925,marvin
Zheng,cmaes,3,-293.59351829685556,marvin
Zhao,tnc,10,607.1075280968357,marvin
Zhao,SLSQP,8,507.39422331595887,marvin
Zheng,cmaes,7,-293.6883847419007,marvin
Zheng,cmaes,9,-292.9823546462332,marvin
Zhao,tnc,5,605.1221420787339,marvin
Zheng,cmaes,10,-293.7054085934619,marvin
Zhao,SLSQP,9,510.3162205418563,marvin
Zhao,tnc,2,612.7973651905797,marvin
Zhao,nlopt_37,9,508.1843855865478,marvin
Zhao,tnc,8,599.3905962344104,marvin
Zhao,tnc,3,606.463935474461,marvin
Zhao,tnc,6,606.4223511208654,marvin
Zhao,SLSQP,10,537.4203732112569,marvin
Zhao,trust-krylov,1,548.9218305326557,marvin
Zheng,L-BFGS-B,2,-292.47307850573003,marvin
Zhao,trust-krylov,10,548.9045125345407,marvin
Zhao,SLSQP,4,518.3589042982828,marvin
Zheng,L-BFGS-B,4,-292.4384960961475,marvin
Zheng,cg,1,-286.1764017828933,marvin
Zheng,ipopt,8,-293.55986175687775,marvin
Zheng,ipopt,6,-293.3546734792769,marvin
Zheng,Nelder-Mead,5,-236.17988024431313,marvin
Zheng,Nelder-Mead,1,-240.56209656294183,marvin
Zheng,Nelder-Mead,6,-234.72612800279646,marvin
Zheng,L-BFGS-B,1,-291.9371493681734,marvin
Zheng,Nelder-Mead,2,-229.61837401190047,marvin
Zheng,L-BFGS-B,9,-293.34700637409304,marvin
Zheng,cg,9,-286.1225169017742,marvin
Zhao,SLSQP,2,532.6959166504091,marvin
Zheng,cg,2,-285.8252872374769,marvin
Zheng,dogleg,10,-179.53363939521174,marvin
Zheng,cg,6,-284.43604979299835,marvin
Zheng,ipopt,5,-293.14929504308964,marvin
Zheng,L-BFGS-B,3,-292.9988747419193,marvin
Zheng,ipopt,2,-293.4470970720177,marvin
Zheng,Nelder-Mead,10,-243.541823557104,marvin
Zheng,cg,3,-286.46793002546303,marvin
Zheng,ipopt,4,-293.4907605949677,marvin
Zheng,L-BFGS-B,8,-292.03410789136313,marvin
Zheng,cg,8,-285.63903833400667,marvin
Zheng,ipopt,1,-293.3325639811996,marvin
Zheng,cg,4,-289.2577689816881,marvin
Zheng,dogleg,2,-199.72034695207995,marvin
Zheng,L-BFGS-B,7,-292.58252784951225,marvin
Zheng,cg,5,-289.69692116555325,marvin
Zheng,ipopt,10,-293.08638766606146,marvin
Zheng,Nelder-Mead,4,-236.69271340636422,marvin
Zheng,L-BFGS-B,5,-292.19543700252564,marvin
Zheng,ipopt,3,-293.40032276431197,marvin
Zheng,Nelder-Mead,3,-236.25906692624125,marvin
Zheng,L-BFGS-B,10,-292.16697664703656,marvin
Zheng,cg,10,-288.1215540052299,marvin
Zhao,SLSQP,6,518.7864804937788,marvin
Zheng,Nelder-Mead,7,-237.76599526151426,marvin
Zheng,cg,7,-290.86744846792715,marvin
Zheng,ipopt,7,-293.0112468595879,marvin
Zheng,L-BFGS-B,6,-292.48036242612045,marvin
Zheng,ipopt,9,-293.27888225299324,marvin
Zheng,dogleg,8,-193.61743397624184,marvin
Zheng,dogleg,7,-178.34190935983068,marvin
Zheng,Nelder-Mead,9,-244.92792771226638,marvin
Zheng,fides,8,-293.67962626109113,marvin
Zheng,Nelder-Mead,8,-240.875498709827,marvin
Zheng,fides,1,-293.71332930059083,marvin
Zheng,fides,3,-293.7109457515217,marvin
Zheng,dogleg,9,-172.14210324549515,marvin
Zheng,dogleg,5,-178.44188540757781,marvin
Zheng,dogleg,3,-198.575460369718,marvin
Zheng,fides,7,-293.71089973750975,marvin
Zheng,dogleg,4,-175.65589084681983,marvin
Zheng,dogleg,1,-193.6864441688172,marvin
Zheng,BFGS,8,-272.2082905545564,marvin
Zheng,newton-cg,4,-261.52532897771886,marvin
Zheng,newton-cg,6,-271.87656704167824,marvin
Zheng,fides,2,-293.67388544206773,marvin
Zheng,newton-cg,1,-271.9625694426182,marvin
Zheng,newton-cg,9,-276.05081315953225,marvin
Zheng,newton-cg,3,-275.73691344933303,marvin
Zheng,BFGS,5,-265.12378188206503,marvin
Zheng,fides,10,-293.71112884849435,marvin
Zheng,newton-cg,8,-271.09520792762083,marvin
Zheng,nlopt_12,10,-285.7289948655714,marvin
Zheng,nlopt_16,1,-290.15887646935016,marvin
Zheng,nlopt_16,2,-291.08752932828753,marvin
Zheng,fides,9,-293.6894079967208,marvin
Zheng,nlopt_12,2,-288.8848300080396,marvin
Zheng,fides,5,-293.69024143406034,marvin
Zheng,nlopt_16,4,-292.7330918695968,marvin
Zheng,BFGS,3,-287.0807243924033,marvin
Zheng,dogleg,6,-204.46580266667172,marvin
Zheng,nlopt_15,4,-290.95623735338336,marvin
Zheng,nlopt_12,6,-287.0317474433237,marvin
Zheng,fides,4,-293.68994194778594,marvin
Zheng,nlopt_16,3,-292.42493259175365,marvin
Zheng,nlopt_11,6,-292.0548595531907,marvin
Zheng,newton-cg,10,-271.4849193115005,marvin
Zheng,nlopt_16,8,-291.1036095565648,marvin
Zheng,nlopt_15,8,-290.00797279194086,marvin
Zheng,BFGS,4,-266.685172780873,marvin
Zheng,nlopt_11,3,-292.26550959596733,marvin
Zheng,fides,6,-293.7131273062338,marvin
Zheng,nlopt_16,7,-292.5701013917023,marvin
Zheng,nlopt_16,6,-292.0468657641407,marvin
Zheng,nlopt_12,9,-289.5850967772591,marvin
Zheng,nlopt_16,9,-291.78168523443907,marvin
Zheng,nlopt_12,4,-290.402403650636,marvin
Zheng,nlopt_16,10,-291.4246260404915,marvin
Zheng,nlopt_13,3,-289.877267236172,marvin
Zheng,nlopt_11,4,-292.60770913211775,marvin
Zheng,nlopt_15,9,-288.90539656428575,marvin
Zheng,newton-cg,7,-266.85753828103725,marvin
Zheng,nlopt_16,5,-291.1222506240931,marvin
Zheng,nlopt_12,7,-290.6206839787124,marvin
Zheng,newton-cg,5,-274.12944573726276,marvin
Zheng,nlopt_14,1,-291.89796005121065,marvin
Zheng,nlopt_11,1,-292.5988657916583,marvin
Zheng,nlopt_12,5,-288.65483044039377,marvin
Zheng,nlopt_13,6,-292.2406731111849,marvin
Zheng,newton-cg,2,-263.2065386018045,marvin
Zheng,nlopt_15,6,-285.3181099719086,marvin
Zheng,nlopt_12,8,-289.2598832640365,marvin
Zheng,COBYLA,6,-229.3622749444185,marvin
Zheng,nlopt_18,4,-291.38071630945745,marvin
Zheng,BFGS,7,-265.35675886888345,marvin
Zheng,nlopt_13,5,-290.92520722876486,marvin
Zheng,BFGS,10,-274.3952186592706,marvin
Zheng,nlopt_13,4,-291.81588197886566,marvin
Zheng,nlopt_18,5,-291.9431691129478,marvin
Zheng,nlopt_13,8,-291.0733183725181,marvin
Zheng,nlopt_15,1,-289.24110398043564,marvin
Zheng,nlopt_21,3,-287.92231559163935,marvin
Zheng,nlopt_23,3,-280.1251924646539,marvin
Zheng,nlopt_18,6,-291.8529918094929,marvin
Zheng,nlopt_21,4,-289.93307376573995,marvin
Zheng,nlopt_23,6,-282.7396927885466,marvin
Zheng,nlopt_18,3,-292.26558186261707,marvin
Zheng,nlopt_21,6,-291.26965256668484,marvin
Zheng,nlopt_21,7,-290.9378734185985,marvin
Zheng,nlopt_21,5,-290.8323110253973,marvin
Zheng,BFGS,2,-268.7257094807075,marvin
Zheng,nlopt_18,7,-291.3723073557988,marvin
Zheng,nlopt_15,3,-291.99970506459204,marvin
Zheng,nlopt_11,8,-292.4443384843379,marvin
Zheng,nlopt_23,5,-284.1046283987368,marvin
Zheng,nlopt_21,1,-289.22667481135113,marvin
Zheng,nlopt_18,2,-292.1408118849566,marvin
Zheng,nlopt_23,4,-288.1870938875773,marvin
Zheng,nlopt_18,10,-291.7371400939943,marvin
Zheng,nlopt_23,8,-287.0327754210935,marvin
Zheng,nlopt_23,1,-281.42879517300696,marvin
Zheng,nlopt_18,8,-291.23980047255316,marvin
Zheng,nlopt_23,2,-282.6292444063581,marvin
Zheng,nlopt_34,2,-191.92144692664243,marvin
Zheng,nlopt_29,10,-291.79272520626444,marvin
Zheng,nlopt_29,4,-290.9983419475287,marvin
Zheng,nlopt_21,2,-288.2505894818037,marvin
Zheng,nlopt_15,7,-286.2720257668813,marvin
Zheng,nlopt_15,10,-290.75909685266856,marvin
Zheng,nlopt_34,4,-261.3730039311957,marvin
Zheng,nlopt_29,3,-292.0619737681773,marvin
Zheng,nlopt_34,7,-290.18975775064115,marvin
Zheng,nlopt_12,3,-290.67526402900296,marvin
Zheng,nlopt_15,5,-291.05954050154116,marvin
Zheng,nlopt_21,10,-289.2057555661272,marvin
Zheng,nlopt_29,5,-291.59194402183886,marvin
Zheng,nlopt_15,2,-291.9677037846992,marvin
Zheng,nlopt_34,9,-230.89293318188723,marvin
Zheng,nlopt_34,3,-204.10211025766833,marvin
Zheng,nlopt_21,8,-291.3808237296621,marvin
Zheng,nlopt_11,2,-292.36515364394256,marvin
Zheng,nlopt_21,9,-290.661419293343,marvin
Zheng,nlopt_29,6,-291.7345915032201,marvin
Zheng,nlopt_18,1,-292.5829791667523,marvin
Zheng,BFGS,1,-268.09102485760025,marvin
Zheng,nlopt_13,10,-290.7853662623878,marvin
Zheng,nlopt_29,9,-292.33904976852705,marvin
Zheng,nlopt_11,7,-292.2761176869778,marvin
Zheng,nlopt_11,9,-291.9705100454683,marvin
Zheng,nlopt_34,5,-246.27845361863535,marvin
Zheng,nlopt_13,7,-290.62298335348305,marvin
Zheng,nlopt_11,5,-292.6907721912799,marvin
Zheng,nlopt_18,9,-292.4651234142438,marvin
Zheng,nlopt_34,1,-251.94920930691694,marvin
Zheng,nlopt_29,7,-292.3553416404956,marvin
Zheng,nlopt_23,10,-284.31225731105957,marvin
Zheng,nlopt_12,1,-287.41484387421957,marvin
Zheng,nlopt_34,8,-253.4519320155432,marvin
Zheng,nlopt_14,4,-292.0464431622322,marvin
Zheng,nlopt_23,9,-284.1706281828175,marvin
Zheng,nlopt_34,6,-234.458088201727,marvin
Zheng,nlopt_29,1,-291.0897347540971,marvin
Zheng,nlopt_29,2,-292.2620127969138,marvin
Zheng,nlopt_34,10,-252.05730341802158,marvin
Zheng,nlopt_23,7,-282.6287667227348,marvin
Zheng,nlopt_11,10,-292.3222800253169,marvin
Zheng,nlopt_29,8,-292.31505896957805,marvin
Zheng,nlopt_13,2,-290.91277962048224,marvin
Zheng,nlopt_13,9,-290.65202011397935,marvin
Zheng,pysacess,1,-293.303759738665,marvin
Zheng,BFGS,9,-265.78858794635465,marvin
Zheng,nlopt_14,3,-291.0355126084609,marvin
Zheng,pysacess,4,-293.70063127781594,marvin
Zheng,nlopt_14,6,-291.517973800163,marvin
Zheng,pysacess,6,-293.67695833948756,marvin
Zheng,pysacess,7,-293.69406551803223,marvin
Zheng,pysacess,3,-293.7069848155742,marvin
Zheng,pysacess_cmaes,5,-293.71426954880764,marvin
Zheng,nlopt_26,3,-265.4642705277123,marvin
Zheng,pysacess,10,-293.502094925071,marvin
Zheng,nlopt_39,4,-281.9818158482796,marvin
Zheng,nlopt_39,3,-285.4848891398397,marvin
Zheng,pysacess,5,-293.5994773389137,marvin
Zheng,pysacess_cmaes,4,-293.6340563443933,marvin
Zheng,nlopt_39,1,-284.5261909838149,marvin
Zheng,pysacess_cmaes,3,-293.63439165282045,marvin
Zheng,nlopt_39,8,-285.81239888372033,marvin
Zheng,pysacess_cmaes,2,-293.5113096936604,marvin
Zheng,pysacess,8,-293.60471796129104,marvin
Zheng,pysacess_fides,4,-293.7001681717612,marvin
Zheng,pysacess_cmaes,9,-292.98098157483844,marvin
Zheng,nlopt_26,4,-285.22456313146176,marvin
Zheng,nlopt_26,5,-269.3905932636222,marvin
Zheng,nlopt_39,7,-277.4873796128125,marvin
Zheng,nlopt_39,6,-285.586019138451,marvin
Zheng,nlopt_14,2,-291.61205174867723,marvin
Zheng,nlopt_39,9,-286.12132143096056,marvin
Zheng,nlopt_26,7,-271.1498963023122,marvin
Zheng,nlopt_13,1,-291.948417989101,marvin
Zheng,pysacess_ipopt,4,-293.6383942346787,marvin
Zheng,nlopt_39,5,-282.91315440089517,marvin
Zheng,pysacess_ipopt,7,-293.7136719948433,marvin
Zheng,nlopt_26,8,-264.7125712286893,marvin
Zheng,pysacess_ipopt,1,-293.6591428423721,marvin
Zheng,nlopt_26,2,-272.29584245338907,marvin
Zheng,pysacess_cmaes,1,-293.1939431106813,marvin
Zheng,nlopt_14,9,-290.8885154848931,marvin
Zheng,pysacess_fides,3,-293.71402655394184,marvin
Zheng,pysacess,2,-293.69711502172817,marvin
Zheng,pysacess_fides,9,-293.7142177723831,marvin
Zheng,pysacess_fides,10,-293.7138965913549,marvin
Zheng,pysacess_fides,5,-293.5856905917856,marvin
Zheng,pysacess_fides,7,-293.7135443878966,marvin
Zheng,pysacess_ipopt,2,-293.6230037523152,marvin
Zheng,nlopt_14,5,-290.9793913233592,marvin
Zheng,pysacess,9,-293.71210393259634,marvin
Zheng,nlopt_28,5,-264.55113835081903,marvin
Zheng,pysacess_ipopt,3,-293.6390456512973,marvin
Zheng,pysacess_fides,6,-293.71421396176004,marvin
Zheng,pysacess_cmaes,10,-293.63426965064605,marvin
Zheng,pysacess_fides,8,-293.7137554278553,marvin
Zheng,nlopt_26,10,-270.45707770611153,marvin
Zheng,pysacess_cmaes,8,-293.11264474738147,marvin
Zheng,nlopt_28,6,-269.22242821021445,marvin
Zheng,nlopt_28,2,-263.264245572578,marvin
Zheng,pysacess_fides,1,-293.7136589140983,marvin
Zheng,pysacess_ipopt,9,-293.5973116210749,marvin
Zheng,pysacess_cmaes,6,-293.63416285766135,marvin
Zheng,pysacess_fides,2,-293.7143886839361,marvin
Zheng,BFGS,6,-261.9041810409909,marvin
Zheng,nlopt_39,10,-287.7005092981417,marvin
Zheng,sacess_ipopt,4,-293.1900791784749,marvin
Zheng,pysacess_cmaes,7,-293.1926004141314,marvin
Zheng,nlopt_14,10,-290.88601988029023,marvin
Zheng,sacess,4,-293.698824591823,marvin
Zheng,sacess_dhc,5,-293.33231570131676,marvin
Zheng,pysacess_ipopt,10,-293.2875007911392,marvin
Zheng,sacess_dhc,9,-293.5011778060504,marvin
Zheng,sacess_dhc,8,-293.6994083038596,marvin
Zheng,nlopt_28,1,-263.8297633445518,marvin
Zheng,sacess_dhc,4,-293.50198915096263,marvin
Zheng,pysacess_ipopt,6,-293.6358521801513,marvin
Zheng,nlopt_14,7,-292.63350692189,marvin
Zheng,nlopt_28,9,-259.3768928650566,marvin
Zheng,sacess_dhc,1,-293.52394144636406,marvin
Zheng,sacess_ipopt,7,-293.7015358951887,marvin
Zheng,sacess,6,-293.5110728435603,marvin
Zheng,sacess,3,-293.326179350257,marvin
Zheng,sacess_dhc,3,-293.52393688864174,marvin
Zheng,sacess,5,-293.50188403649844,marvin
Zheng,pysacess_ipopt,8,-293.6177221424492,marvin
Zheng,nlopt_39,2,-285.6842301959438,marvin
Zheng,nlopt_26,9,-279.174997750695,marvin
Zheng,sacess,10,-293.34078728373083,marvin
Zheng,sacess_ipopt,3,-293.714341869908,marvin
Zheng,nlopt_28,3,-265.75241383686637,marvin
Zheng,nlopt_28,8,-267.4876818681973,marvin
Zheng,sacess_ipopt,1,-293.19012849756945,marvin
Zheng,sacess_dhc,6,-293.33694838051645,marvin
Zheng,nlopt_26,6,-273.1194406727068,marvin
Zheng,sacess_ipopt,8,-293.52390822279233,marvin
Zheng,sacess_dhc,10,-293.69849531005264,marvin
Zheng,sacess_dhc,7,-293.7023680238239,marvin
Zheng,nlopt_28,4,-267.8241646050501,marvin
Zheng,sacess,9,-293.5239065912784,marvin
Zheng,sacess_dhc,2,-293.63856164631306,marvin
Zheng,sacess,2,-293.51053565458693,marvin
Zheng,sacess,1,-293.511301193641,marvin
Zheng,sacess,8,-293.3367750077617,marvin
Zheng,sacess_ipopt,6,-293.6992375758369,marvin
Zheng,nlopt_28,7,-266.11531867651837,marvin
Zheng,pysacess_ipopt,5,-293.64744366689354,marvin
Zheng,COBYLA,4,-234.30554146829925,marvin
Zheng,sacess_ipopt,9,-293.70799513251234,marvin
Zheng,sacess_ipopt,10,-293.69900988828084,marvin
Zheng,nlopt_26,1,-273.99560715911764,marvin
Zheng,sacess_ipopt,2,-293.70102499539894,marvin
Zheng,nlopt_28,10,-265.70264309138844,marvin
Zheng,sacess_ipopt,5,-293.510911748854,marvin
Zheng,sacess,7,-293.70174627937934,marvin
Zheng,SLSQP,1,-289.5752557543061,marvin
Zheng,nlopt_14,8,-291.3979105396385,marvin
Zheng,COBYLA,3,-226.25408151369484,marvin
Zheng,trust-ncg,8,-287.9395240732338,marvin
Zheng,trust-ncg,9,-279.7014617073385,marvin
Zheng,trust-ncg,2,-285.3831311003258,marvin
Zheng,COBYLA,8,-226.0069643902795,marvin
Zheng,trust-ncg,3,-277.57473162847816,marvin
Zheng,COBYLA,2,-233.8533868353154,marvin
Zheng,COBYLA,5,-229.36151801996277,marvin
Zheng,trust-ncg,5,-286.0626259478896,marvin
Zheng,trust-ncg,4,-281.5663375239536,marvin
Zheng,trust-ncg,7,-282.2511214683677,marvin
Zheng,trust-ncg,10,-284.95523823962384,marvin
Zheng,trust-ncg,6,-289.7371057526278,marvin
Zheng,SLSQP,5,-289.83695318768434,marvin
Zheng,nlopt_36,9,-292.9648806962321,marvin
Zheng,trust-ncg,1,-288.68398087296157,marvin
Zheng,SLSQP,10,-290.6962361039369,marvin
Zheng,COBYLA,7,-230.35585244274364,marvin
Zheng,nlopt_37,4,-292.005986779923,marvin
Zheng,nlopt_36,8,-292.39014553279964,marvin
Zheng,COBYLA,9,-232.80122714184728,marvin
Zheng,nlopt_37,2,-292.7279387968764,marvin
Zheng,nlopt_36,5,-292.7520401032526,marvin
Zheng,nlopt_36,10,-292.3570543416338,marvin
Zheng,COBYLA,10,-237.54101947633293,marvin
Zheng,trust-krylov,3,-289.50092096101133,marvin
Zheng,COBYLA,1,-230.16201694160645,marvin
Zheng,nlopt_36,2,-292.44787648568513,marvin
Zheng,trust-krylov,5,-289.04690438391634,marvin
Zheng,trust-krylov,7,-289.42729502874965,marvin
Zheng,nlopt_36,1,-292.49130072923185,marvin
Zheng,trust-krylov,2,-289.979756387493,marvin
Zheng,nlopt_37,3,-292.0286273616037,marvin
Zheng,SLSQP,6,-290.65889818794216,marvin
Zheng,nlopt_37,6,-292.93145959222755,marvin
Zheng,nlopt_37,5,-291.911782917734,marvin
Zheng,trust-krylov,6,-290.9934007436248,marvin
Zheng,nlopt_36,4,-291.632632828158,marvin
Zheng,nlopt_37,10,-291.9359274906487,marvin
Zheng,trust-krylov,4,-288.34654761309366,marvin
Zheng,trust-krylov,8,-290.4496737350938,marvin
Zheng,nlopt_36,3,-292.56921884339977,marvin
Zheng,nlopt_37,1,-292.6978807928982,marvin
Zheng,pyswarm,8,-227.76634867106372,marvin
Zheng,trust-krylov,10,-290.09988760577954,marvin
Zheng,nlopt_36,6,-291.99689825453646,marvin
Zheng,nlopt_37,9,-292.7110590495686,marvin
Zheng,trust-krylov,1,-291.69677790850466,marvin
Zheng,pyswarm,1,-227.8411221014924,marvin
Zheng,trust-krylov,9,-290.4847799183407,marvin
Zheng,SLSQP,9,-289.39299658617716,marvin
Zheng,nlopt_37,7,-292.3425381211578,marvin
Zheng,nlopt_36,7,-292.4134945120516,marvin
Zheng,pyswarm,9,-227.2768586077086,marvin
Zheng,pyswarm,7,-225.71573716585394,marvin
Zheng,SLSQP,3,-290.1136915313953,marvin
Zheng,tnc,4,-276.03528557641783,marvin
Zheng,pyswarm,2,-224.45698723131932,marvin
Zheng,pyswarm,6,-221.42608161802568,marvin
Zheng,pyswarm,4,-231.4020512200409,marvin
Zheng,SLSQP,8,-290.35475709677746,marvin
Zheng,SLSQP,2,-290.99098855387564,marvin
Zheng,tnc,1,-278.28603243208045,marvin
Zheng,tnc,5,-276.9398362539586,marvin
Zheng,SLSQP,7,-289.62475554180764,marvin
Zheng,nlopt_37,8,-292.14182723143364,marvin
Zheng,tnc,6,-273.02497500968104,marvin
Zheng,SLSQP,4,-289.5322682309763,marvin
Zheng,tnc,8,-281.4233274360633,marvin
Zheng,pyswarm,3,-227.41537209105832,marvin
Zheng,tnc,7,-276.4696878696677,marvin
Zheng,tnc,2,-280.3528826332695,marvin
Zheng,pyswarm,5,-225.30005760238612,marvin
Zheng,pyswarm,10,-230.8410275862282,marvin
Zheng,tnc,9,-273.12224529233345,marvin
Zheng,tnc,10,-280.80012717396227,marvin
Zheng,tnc,3,-277.90195699123973,marvin
