problem,optimizer,run_idx,fx_best,site
Armistead,SLSQP,1,-301.9161851799248,ft3
Armistead,SLSQP,2,-301.9161852442761,ft3
Armistead,SLSQP,3,-301.9161846963942,ft3
Armistead,SLSQP,4,-301.91618412811624,ft3
Armistead,SLSQP,5,-301.91618442736313,ft3
Armistead,SLSQP,6,-301.91618510481777,ft3
Armistead,SLSQP,7,-301.9161849749387,ft3
Armistead,SLSQP,8,-301.91618472028375,ft3
Armistead,SLSQP,9,-301.91618461050473,ft3
Armistead,SLSQP,10,-301.91618495613653,ft3
Armistead,COBYLA,1,-301.88658608993364,ft3
Armistead,COBYLA,2,-301.8730629198459,ft3
Armistead,COBYLA,3,-301.8187011637498,ft3
Armistead,COBYLA,4,-301.827302470491,ft3
Armistead,COBYLA,5,-301.69725748172675,ft3
Armistead,COBYLA,6,-301.76792785880207,ft3
Armistead,COBYLA,7,-301.8163430353874,ft3
Armistead,COBYLA,8,-301.85996021618695,ft3
Armistead,COBYLA,9,-301.74997021231445,ft3
Armistead,COBYLA,10,-301.8699325503552,ft3
Armistead,fides,1,-301.9161838404377,ft3
Armistead,fides,2,-301.9161836560878,ft3
Armistead,fides,3,-301.91618367854136,ft3
Armistead,fides,4,-301.9161837359349,ft3
Armistead,fides,5,-301.9161836719975,ft3
Armistead,fides,6,-301.9161838165257,ft3
Armistead,fides,7,-301.9161836621827,ft3
Armistead,fides,8,-301.9161837266264,ft3
Armistead,fides,9,-301.91618364006746,ft3
Armistead,fides,10,-301.9161836417921,ft3
Armistead,BFGS,1,-301.7967451844621,ft3
Armistead,BFGS,2,-301.7600493789116,ft3
Armistead,BFGS,3,-301.7199156782912,ft3
Armistead,BFGS,4,-301.72348540709,ft3
Armistead,BFGS,5,-301.7020217780471,ft3
Armistead,BFGS,6,-301.79593377789536,ft3
Armistead,BFGS,7,-301.82182458659383,ft3
Armistead,BFGS,8,-301.81772781754717,ft3
Armistead,BFGS,9,-301.77261870438423,ft3
Armistead,BFGS,10,-301.8622093041315,ft3
Armistead,dogleg,1,-238.7545127114152,ft3
Armistead,dogleg,2,-235.21419158836227,ft3
Armistead,dogleg,3,-237.1077966360728,ft3
Armistead,dogleg,4,-228.4439864189913,ft3
Armistead,dogleg,5,-227.7426157297423,ft3
Armistead,dogleg,6,-220.443252373669,ft3
Armistead,dogleg,7,-260.85256704712276,ft3
Armistead,dogleg,8,-235.38677629053947,ft3
Armistead,dogleg,9,-229.37670887909167,ft3
Armistead,dogleg,10,-224.22487718184254,ft3
Armistead,ipopt,1,-301.9161713814302,ft3
Armistead,ipopt,2,-301.91617814929407,ft3
Armistead,ipopt,3,-301.91617946291314,ft3
Armistead,ipopt,4,-301.9161779854679,ft3
Armistead,ipopt,5,-301.9161783390094,ft3
Armistead,ipopt,6,-301.9161787834181,ft3
Armistead,ipopt,7,-301.91617693067184,ft3
Armistead,ipopt,8,-301.91617367407656,ft3
Armistead,ipopt,9,-301.91617677258216,ft3
Armistead,ipopt,10,-301.91617829888327,ft3
Armistead,cmaes,1,-301.91618625593674,ft3
Armistead,cmaes,2,-301.9161862400929,ft3
Armistead,cmaes,3,-301.91618630666994,ft3
Armistead,cmaes,4,-301.9161865849603,ft3
Armistead,cmaes,5,-301.9161863903181,ft3
Armistead,cmaes,6,-301.91618655339914,ft3
Armistead,cmaes,7,-301.9161865555652,ft3
Armistead,cmaes,8,-301.9161863765163,ft3
Armistead,cmaes,9,-301.9161865135329,ft3
Armistead,cmaes,10,-301.9161865110523,ft3
Armistead,pyswarm,1,-301.6396192888804,ft3
Armistead,pyswarm,2,-301.41355581374404,ft3
Armistead,pyswarm,3,-301.4529056424276,ft3
Armistead,pyswarm,4,-301.38258524024445,ft3
Armistead,pyswarm,5,-301.3773533551737,ft3
Armistead,pyswarm,6,-301.45572797266993,ft3
Armistead,pyswarm,7,-301.60921154515995,ft3
Armistead,pyswarm,8,-301.18248431759787,ft3
Armistead,pyswarm,9,-301.59568403236653,ft3
Armistead,pyswarm,10,-301.5026906360082,ft3
Armistead,L-BFGS-B,1,-301.9161844220099,ft3
Armistead,L-BFGS-B,2,-301.9161849850277,ft3
Armistead,L-BFGS-B,3,-301.91618488030866,ft3
Armistead,L-BFGS-B,4,-301.91618534821674,ft3
Armistead,L-BFGS-B,5,-301.91618483803967,ft3
Armistead,L-BFGS-B,6,-301.9161848585551,ft3
Armistead,L-BFGS-B,7,-301.9161852044916,ft3
Armistead,L-BFGS-B,8,-301.91618466708644,ft3
Armistead,L-BFGS-B,9,-301.9161852480578,ft3
Armistead,L-BFGS-B,10,-301.91618540002014,ft3
Armistead,Nelder-Mead,1,-301.87750904612966,ft3
Armistead,Nelder-Mead,2,-301.7970342610703,ft3
Armistead,Nelder-Mead,3,-301.879052630663,ft3
Armistead,Nelder-Mead,4,-301.8921814446126,ft3
Armistead,Nelder-Mead,5,-301.72847888708134,ft3
Armistead,Nelder-Mead,6,-301.7965854141646,ft3
Armistead,Nelder-Mead,7,-301.88253932030767,ft3
Armistead,Nelder-Mead,8,-301.90032652232304,ft3
Armistead,Nelder-Mead,9,-301.8178255990787,ft3
Armistead,Nelder-Mead,10,-301.8796047782324,ft3
Armistead,cg,1,-301.81271124906596,ft3
Armistead,cg,2,-301.85726390599655,ft3
Armistead,cg,3,-301.83931418153617,ft3
Armistead,cg,4,-301.83410185030544,ft3
Armistead,cg,5,-301.87213390770336,ft3
Armistead,cg,6,-301.84352624890175,ft3
Armistead,cg,7,-301.830088830577,ft3
Armistead,cg,8,-301.85536154019906,ft3
Armistead,cg,9,-301.8252525361812,ft3
Armistead,cg,10,-301.85427522555017,ft3
Armistead,newton-cg,1,-301.89627860137915,ft3
Armistead,newton-cg,2,-301.8914470447074,ft3
Armistead,newton-cg,3,-301.8842795224181,ft3
Armistead,newton-cg,4,-301.8946539017825,ft3
Armistead,newton-cg,5,-301.88286102420693,ft3
Armistead,newton-cg,6,-301.8949378774673,ft3
Armistead,newton-cg,7,-301.9011914915791,ft3
Armistead,newton-cg,8,-301.8936235305643,ft3
Armistead,newton-cg,9,-301.9018894020806,ft3
Armistead,newton-cg,10,-301.8829285850219,ft3
Armistead,nlopt_11,1,-301.91618424988417,ft3
Armistead,nlopt_11,2,-301.9161839835553,ft3
Armistead,nlopt_11,3,-301.91618408623424,ft3
Armistead,nlopt_11,4,-301.916184024206,ft3
Armistead,nlopt_11,5,-301.9161840013115,ft3
Armistead,nlopt_11,6,-301.91618423754414,ft3
Armistead,nlopt_11,7,-301.91618430335484,ft3
Armistead,nlopt_11,8,-301.9161841643911,ft3
Armistead,nlopt_11,9,-301.91618404836845,ft3
Armistead,nlopt_11,10,-301.91618405687177,ft3
Armistead,nlopt_12,1,-301.9086616852637,ft3
Armistead,nlopt_12,2,-301.90809472337105,ft3
Armistead,nlopt_12,3,-301.90565967566306,ft3
Armistead,nlopt_12,4,-301.9081251743533,ft3
Armistead,nlopt_12,5,-301.9124472974216,ft3
Armistead,nlopt_12,6,-301.897017573698,ft3
Armistead,nlopt_12,7,-301.9119557310595,ft3
Armistead,nlopt_12,8,-301.9051745254083,ft3
Armistead,nlopt_12,9,-301.90565070922383,ft3
Armistead,nlopt_12,10,-301.9105372589896,ft3
Armistead,nlopt_13,1,-301.9161841246576,ft3
Armistead,nlopt_13,2,-301.9161841253745,ft3
Armistead,nlopt_13,3,-301.91618400980104,ft3
Armistead,nlopt_13,4,-301.9161841960274,ft3
Armistead,nlopt_13,5,-301.9161840993816,ft3
Armistead,nlopt_13,6,-301.91618407747796,ft3
Armistead,nlopt_13,7,-301.9161840445984,ft3
Armistead,nlopt_13,8,-301.916184038231,ft3
Armistead,nlopt_13,9,-301.916184079448,ft3
Armistead,nlopt_13,10,-301.9161840870091,ft3
Armistead,nlopt_14,1,-301.916184017863,ft3
Armistead,nlopt_14,2,-301.9161840042501,ft3
Armistead,nlopt_14,3,-301.91618410572954,ft3
Armistead,nlopt_14,4,-301.9161840847813,ft3
Armistead,nlopt_14,5,-301.9161839670648,ft3
Armistead,nlopt_14,6,-301.9161840055126,ft3
Armistead,nlopt_14,7,-301.91618398101434,ft3
Armistead,nlopt_14,8,-301.9161839694008,ft3
Armistead,nlopt_14,9,-301.91618399817435,ft3
Armistead,nlopt_14,10,-301.91618411157503,ft3
Armistead,nlopt_15,1,-301.91617684971317,ft3
Armistead,nlopt_15,2,-301.9161812020278,ft3
Armistead,nlopt_15,3,-301.91617848751923,ft3
Armistead,nlopt_15,4,-301.9161813914168,ft3
Armistead,nlopt_15,5,-301.91618082793076,ft3
Armistead,nlopt_15,6,-301.91617765758235,ft3
Armistead,nlopt_15,7,-301.9161805671313,ft3
Armistead,nlopt_15,8,-301.916181940627,ft3
Armistead,nlopt_15,9,-301.9161790139027,ft3
Armistead,nlopt_15,10,-301.91618336490785,ft3
Armistead,nlopt_16,1,-301.9161828274691,ft3
Armistead,nlopt_16,2,-301.91618330168046,ft3
Armistead,nlopt_16,3,-301.9161808948865,ft3
Armistead,nlopt_16,4,-301.9161828120825,ft3
Armistead,nlopt_16,5,-301.9161819220731,ft3
Armistead,nlopt_16,6,-301.91618190121096,ft3
Armistead,nlopt_16,7,-301.9161818596854,ft3
Armistead,nlopt_16,8,-301.9161831395261,ft3
Armistead,nlopt_16,9,-301.9161807910368,ft3
Armistead,nlopt_16,10,-301.91618364270244,ft3
Armistead,nlopt_18,1,-301.9161837921605,ft3
Armistead,nlopt_18,2,-301.91618387587357,ft3
Armistead,nlopt_18,3,-301.9161837720226,ft3
Armistead,nlopt_18,4,-301.9161837886692,ft3
Armistead,nlopt_18,5,-301.91618375005964,ft3
Armistead,nlopt_18,6,-301.91618382762107,ft3
Armistead,nlopt_18,7,-301.91618378888165,ft3
Armistead,nlopt_18,8,-301.91618378645853,ft3
Armistead,nlopt_18,9,-301.91618372468633,ft3
Armistead,nlopt_18,10,-301.91618381240016,ft3
Armistead,nlopt_21,1,-301.9161832804083,ft3
Armistead,nlopt_21,2,-301.916183145742,ft3
Armistead,nlopt_21,3,-301.91618372596844,ft3
Armistead,nlopt_21,4,-301.91618336876365,ft3
Armistead,nlopt_21,5,-301.9161832152337,ft3
Armistead,nlopt_21,6,-301.9161831316362,ft3
Armistead,nlopt_21,7,-301.9161836364808,ft3
Armistead,nlopt_21,8,-301.9161827727117,ft3
Armistead,nlopt_21,9,-301.9161830440503,ft3
Armistead,nlopt_21,10,-301.9161830670254,ft3
Armistead,nlopt_23,1,-301.91618302270814,ft3
Armistead,nlopt_23,2,-301.91618220412875,ft3
Armistead,nlopt_23,3,-301.9161832115483,ft3
Armistead,nlopt_23,4,-301.9161830238056,ft3
Armistead,nlopt_23,5,-301.91618290599865,ft3
Armistead,nlopt_23,6,-301.9161834853986,ft3
Armistead,nlopt_23,7,-301.9161822786426,ft3
Armistead,nlopt_23,8,-301.9161812651745,ft3
Armistead,nlopt_23,9,-301.91618319499497,ft3
Armistead,nlopt_23,10,-301.9161822387074,ft3
Armistead,nlopt_26,1,-301.84042737472976,ft3
Armistead,nlopt_26,2,-301.8242320234513,ft3
Armistead,nlopt_26,3,-301.7550566428049,ft3
Armistead,nlopt_26,4,-301.8576077071436,ft3
Armistead,nlopt_26,5,-301.8367463245229,ft3
Armistead,nlopt_26,6,-301.8050548856646,ft3
Armistead,nlopt_26,7,-301.84266497211706,ft3
Armistead,nlopt_26,8,-301.8355092497394,ft3
Armistead,nlopt_26,9,-301.845740631289,ft3
Armistead,nlopt_26,10,-301.82051046610525,ft3
Armistead,nlopt_28,1,-301.9161668992649,ft3
Armistead,nlopt_28,2,-301.91616871933115,ft3
Armistead,nlopt_28,3,-301.91616832474693,ft3
Armistead,nlopt_28,4,-301.91614507486395,ft3
Armistead,nlopt_28,5,-301.9161481998095,ft3
Armistead,nlopt_28,6,-301.9161740280707,ft3
Armistead,nlopt_28,7,-301.91613824885434,ft3
Armistead,nlopt_28,8,-301.9160813938363,ft3
Armistead,nlopt_28,9,-301.91608663485135,ft3
Armistead,nlopt_28,10,-301.9161242871952,ft3
Armistead,nlopt_29,1,-301.91618409280966,ft3
Armistead,nlopt_29,2,-301.9161835412442,ft3
Armistead,nlopt_29,3,-301.9161840344093,ft3
Armistead,nlopt_29,4,-301.9161834549672,ft3
Armistead,nlopt_29,5,-301.91618384275034,ft3
Armistead,nlopt_29,6,-301.916183869925,ft3
Armistead,nlopt_29,7,-301.91618597189085,ft3
Armistead,nlopt_29,8,-301.91618493020155,ft3
Armistead,nlopt_29,9,-301.91618395503133,ft3
Armistead,nlopt_29,10,-301.91618526574496,ft3
Armistead,nlopt_34,1,-301.91614657489816,ft3
Armistead,nlopt_34,2,-301.9161437495093,ft3
Armistead,nlopt_34,3,-301.9161742030297,ft3
Armistead,nlopt_34,4,-301.9161336577651,ft3
Armistead,nlopt_34,5,-301.91614430585963,ft3
Armistead,nlopt_34,6,-301.9161573861033,ft3
Armistead,nlopt_34,7,-301.91616913577116,ft3
Armistead,nlopt_34,8,-301.9161511513221,ft3
Armistead,nlopt_34,9,-301.91615591564954,ft3
Armistead,nlopt_34,10,-301.9161496530422,ft3
Armistead,nlopt_36,1,-301.91618458052653,ft3
Armistead,nlopt_36,2,-301.916184113753,ft3
Armistead,nlopt_36,3,-301.916183982953,ft3
Armistead,nlopt_36,4,-301.9161843643127,ft3
Armistead,nlopt_36,5,-301.9161842423788,ft3
Armistead,nlopt_36,6,-301.91618404358877,ft3
Armistead,nlopt_36,7,-301.9161841259055,ft3
Armistead,nlopt_36,8,-301.9161839680884,ft3
Armistead,nlopt_36,9,-301.91618403359143,ft3
Armistead,nlopt_36,10,-301.91618537378315,ft3
Armistead,nlopt_37,1,-301.9161848972709,ft3
Armistead,nlopt_37,2,-301.91618505073734,ft3
Armistead,nlopt_37,3,-301.9161840681797,ft3
Armistead,nlopt_37,4,-301.91618466326656,ft3
Armistead,nlopt_37,5,-301.916184154212,ft3
Armistead,nlopt_37,6,-301.9161842774367,ft3
Armistead,nlopt_37,7,-301.916184330389,ft3
Armistead,nlopt_37,8,-301.9161841253416,ft3
Armistead,nlopt_37,9,-301.91618407853514,ft3
Armistead,nlopt_37,10,-301.9161839880743,ft3
Armistead,nlopt_39,1,-301.9161833358286,ft3
Armistead,nlopt_39,2,-301.9161830546417,ft3
Armistead,nlopt_39,3,-301.91618307040164,ft3
Armistead,nlopt_39,4,-301.9161822344629,ft3
Armistead,nlopt_39,5,-301.91618330717495,ft3
Armistead,nlopt_39,6,-301.9161831525246,ft3
Armistead,nlopt_39,7,-301.9161816534746,ft3
Armistead,nlopt_39,8,-301.9161827151802,ft3
Armistead,nlopt_39,9,-301.91618305349823,ft3
Armistead,nlopt_39,10,-301.91618274781115,ft3
Armistead,tnc,1,-301.8547716334908,ft3
Armistead,tnc,2,-301.9042581373243,ft3
Armistead,tnc,3,-301.8661296491101,ft3
Armistead,tnc,4,-301.88747096860243,ft3
Armistead,tnc,5,-301.89581517975455,ft3
Armistead,tnc,6,-301.85323430463166,ft3
Armistead,tnc,7,-301.8868372055493,ft3
Armistead,tnc,8,-301.85868456073575,ft3
Armistead,tnc,9,-301.84232668933805,ft3
Armistead,tnc,10,-301.8834636015725,ft3
Armistead,trust-krylov,1,-301.858342229993,ft3
Armistead,trust-krylov,2,-301.8514536172494,ft3
Armistead,trust-krylov,3,-301.86950320030166,ft3
Armistead,trust-krylov,4,-301.8753160506641,ft3
Armistead,trust-krylov,5,-301.83695401593104,ft3
Armistead,trust-krylov,6,-301.8816419194189,ft3
Armistead,trust-krylov,7,-301.8471130131139,ft3
Armistead,trust-krylov,8,-301.8466288235486,ft3
Armistead,trust-krylov,9,-301.86413080926354,ft3
Armistead,trust-krylov,10,-301.852659071807,ft3
Armistead,trust-ncg,1,-301.9073969744233,ft3
Armistead,trust-ncg,2,-301.8435161941584,ft3
Armistead,trust-ncg,3,-301.8399160242308,ft3
Armistead,trust-ncg,4,-301.87287385304,ft3
Armistead,trust-ncg,5,-301.86124134733524,ft3
Armistead,trust-ncg,6,-301.8483498374123,ft3
Armistead,trust-ncg,7,-301.82996518823643,ft3
Armistead,trust-ncg,8,-301.8455787829365,ft3
Armistead,trust-ncg,9,-301.8394298032229,ft3
Armistead,trust-ncg,10,-301.84552813732546,ft3
Beer,SLSQP,1,-12185.171515938537,ft3
Beer,SLSQP,2,-13739.465688237766,ft3
Beer,SLSQP,3,-11789.471110049497,ft3
Beer,SLSQP,4,-14607.49487560655,ft3
Beer,SLSQP,5,-10803.686389613882,ft3
Beer,SLSQP,6,-13910.234255674219,ft3
Beer,SLSQP,7,-7609.411777832278,ft3
Beer,SLSQP,8,-855.3402511837128,ft3
Beer,SLSQP,9,-11718.090680884205,ft3
Beer,SLSQP,10,-12716.803734395686,ft3
Beer,COBYLA,1,-2346.9891505319106,ft3
Beer,COBYLA,2,-3306.5768137454393,ft3
Beer,COBYLA,3,-4154.222668712551,ft3
Beer,COBYLA,4,-2628.1765951962234,ft3
Beer,COBYLA,5,-5171.948762935179,ft3
Beer,COBYLA,6,-2480.1230655839336,ft3
Beer,COBYLA,7,-3899.342116808925,ft3
Beer,COBYLA,8,-5373.2536837033595,ft3
Beer,COBYLA,9,20.07942845480727,ft3
Beer,COBYLA,10,-3212.2453760448852,ft3
Beer,fides,1,-13218.683535952297,ft3
Beer,fides,2,-16270.457274480117,ft3
Beer,fides,3,-15872.261299105048,ft3
Beer,fides,4,-13903.282141612348,ft3
Beer,fides,5,-16030.487142476031,ft3
Beer,fides,6,-26857.98690653842,ft3
Beer,fides,7,-18407.454073488403,ft3
Beer,fides,8,-18899.206397606646,ft3
Beer,fides,9,-16051.582642708145,ft3
Beer,fides,10,-21048.70385305769,ft3
Beer,BFGS,1,15769.530490516181,ft3
Beer,BFGS,2,4743.6104171383595,ft3
Beer,BFGS,3,13113.925261404605,ft3
Beer,BFGS,4,15710.509573485879,ft3
Beer,BFGS,5,16490.425041643834,ft3
Beer,BFGS,6,16639.164998427823,ft3
Beer,BFGS,7,16512.829686867328,ft3
Beer,BFGS,8,14502.260699892806,ft3
Beer,BFGS,9,16778.08280773941,ft3
Beer,BFGS,10,16344.235953731555,ft3
Beer,dogleg,1,18129.25954545615,ft3
Beer,dogleg,2,20079.192405564056,ft3
Beer,dogleg,3,14608.75277630288,ft3
Beer,dogleg,4,18821.299811517227,ft3
Beer,dogleg,5,18775.480406938404,ft3
Beer,dogleg,6,19743.526522536187,ft3
Beer,dogleg,7,20128.636965086836,ft3
Beer,dogleg,8,17092.17362341889,ft3
Beer,dogleg,9,17252.473588878373,ft3
Beer,dogleg,10,16969.236603866004,ft3
Beer,ipopt,1,-18003.262936776337,ft3
Beer,ipopt,2,-50141.34333099768,ft3
Beer,ipopt,3,-36991.52484962144,ft3
Beer,ipopt,4,-18004.606806058404,ft3
Beer,ipopt,5,-23570.518573831458,ft3
Beer,ipopt,6,-38357.92166994524,ft3
Beer,ipopt,7,-19222.800371113975,ft3
Beer,ipopt,8,-18003.02519535645,ft3
Beer,ipopt,9,-23568.8413925293,ft3
Beer,ipopt,10,-23578.38574944768,ft3
Beer,cmaes,1,149878.57212848924,ft3
Beer,cmaes,2,150261.58345178448,ft3
Beer,cmaes,3,16135.35990339852,ft3
Beer,cmaes,4,137729.563287253,ft3
Beer,cmaes,5,14571.663569559269,ft3
Beer,cmaes,6,14231.571158767792,ft3
Beer,cmaes,7,169343.0186176078,ft3
Beer,cmaes,8,19831.014719873056,ft3
Beer,cmaes,9,18815.436545512042,ft3
Beer,cmaes,10,16923.963684004833,ft3
Beer,pyswarm,1,11301.206553311016,ft3
Beer,pyswarm,2,11018.212898701377,ft3
Beer,pyswarm,3,12730.478781798569,ft3
Beer,pyswarm,4,14031.911851498357,ft3
Beer,pyswarm,5,14193.520519202328,ft3
Beer,pyswarm,6,13782.33380063466,ft3
Beer,pyswarm,7,11435.086106244467,ft3
Beer,pyswarm,8,13462.453382102958,ft3
Beer,pyswarm,9,12982.86149317211,ft3
Beer,pyswarm,10,11601.663068657299,ft3
Beer,L-BFGS-B,1,3501.1464615348614,ft3
Beer,L-BFGS-B,2,12909.37693799313,ft3
Beer,L-BFGS-B,3,913.2450688043343,ft3
Beer,L-BFGS-B,4,13014.741706413464,ft3
Beer,L-BFGS-B,5,13258.958843096954,ft3
Beer,L-BFGS-B,6,14371.888965945376,ft3
Beer,L-BFGS-B,7,2727.1487171243098,ft3
Beer,L-BFGS-B,8,7647.075402931538,ft3
Beer,L-BFGS-B,9,10646.800461375718,ft3
Beer,L-BFGS-B,10,10784.004192440223,ft3
Beer,Nelder-Mead,1,2803.841139386413,ft3
Beer,Nelder-Mead,2,3632.20388171606,ft3
Beer,Nelder-Mead,3,2814.007189545143,ft3
Beer,Nelder-Mead,4,2965.5699956891167,ft3
Beer,Nelder-Mead,5,6222.721907942672,ft3
Beer,Nelder-Mead,6,-423.0475245817129,ft3
Beer,Nelder-Mead,7,973.9374296086945,ft3
Beer,Nelder-Mead,8,4235.727498647169,ft3
Beer,Nelder-Mead,9,1542.3296010953684,ft3
Beer,Nelder-Mead,10,-4833.750655565535,ft3
Beer,cg,1,11094.518805157873,ft3
Beer,cg,2,9523.890558185574,ft3
Beer,cg,3,8944.423867069874,ft3
Beer,cg,4,8096.291838480911,ft3
Beer,cg,5,11627.518121689804,ft3
Beer,cg,6,12079.198216083985,ft3
Beer,cg,7,8271.889098536516,ft3
Beer,cg,8,9046.6043095534,ft3
Beer,cg,9,7276.63779596184,ft3
Beer,cg,10,9071.63103462986,ft3
Beer,newton-cg,1,48626.99657562357,ft3
Beer,newton-cg,2,187498.1550760623,ft3
Beer,newton-cg,3,133808.45929139576,ft3
Beer,newton-cg,4,93222.50984603816,ft3
Beer,newton-cg,5,17674.991518186216,ft3
Beer,newton-cg,6,81967.58895129827,ft3
Beer,newton-cg,7,117457.81145652021,ft3
Beer,newton-cg,8,19131.51023750416,ft3
Beer,newton-cg,9,189238.1984504832,ft3
Beer,newton-cg,10,16872.231718151153,ft3
Beer,nlopt_11,1,-13340.21266378209,ft3
Beer,nlopt_11,2,-14623.915004051902,ft3
Beer,nlopt_11,3,-14009.550333425248,ft3
Beer,nlopt_11,4,-13271.727411736305,ft3
Beer,nlopt_11,5,-16703.11717387777,ft3
Beer,nlopt_11,6,-13973.421821114413,ft3
Beer,nlopt_11,7,-17841.400156617692,ft3
Beer,nlopt_11,8,-10169.057934546594,ft3
Beer,nlopt_11,9,-13053.167930446043,ft3
Beer,nlopt_11,10,-15618.852003886499,ft3
Beer,nlopt_12,1,-8515.644847582476,ft3
Beer,nlopt_12,2,1931.223395417748,ft3
Beer,nlopt_12,3,-2129.5547642759047,ft3
Beer,nlopt_12,4,-9278.27582725391,ft3
Beer,nlopt_12,5,-3688.070680647065,ft3
Beer,nlopt_12,6,-10527.562883421824,ft3
Beer,nlopt_12,7,-2900.4250045313947,ft3
Beer,nlopt_12,8,780.7114330215545,ft3
Beer,nlopt_12,9,-12004.779452046974,ft3
Beer,nlopt_12,10,-4919.847528137807,ft3
Beer,nlopt_13,1,-14515.631692734789,ft3
Beer,nlopt_13,2,7303.696886639514,ft3
Beer,nlopt_13,3,-12828.845860943016,ft3
Beer,nlopt_13,4,-13175.60537473493,ft3
Beer,nlopt_13,5,-12246.479390244062,ft3
Beer,nlopt_13,6,-4950.20038873825,ft3
Beer,nlopt_13,7,-16192.301624390868,ft3
Beer,nlopt_13,8,-23462.534696046434,ft3
Beer,nlopt_13,9,3740.66874082455,ft3
Beer,nlopt_13,10,-11331.925511098438,ft3
Beer,nlopt_14,1,-12825.005531704852,ft3
Beer,nlopt_14,2,-6223.814266797832,ft3
Beer,nlopt_14,3,-10265.738782371081,ft3
Beer,nlopt_14,4,-6679.0599916519195,ft3
Beer,nlopt_14,5,-592.7844853938788,ft3
Beer,nlopt_14,6,5300.811657410953,ft3
Beer,nlopt_14,7,-11278.945930281756,ft3
Beer,nlopt_14,8,-12862.105546283721,ft3
Beer,nlopt_14,9,-14960.086296325122,ft3
Beer,nlopt_14,10,-11608.161924455953,ft3
Beer,nlopt_15,1,10124.812536640284,ft3
Beer,nlopt_15,2,9808.743175292973,ft3
Beer,nlopt_15,3,10316.080056307152,ft3
Beer,nlopt_15,4,5923.21465485287,ft3
Beer,nlopt_15,5,3586.4558538075644,ft3
Beer,nlopt_15,6,10067.141710384807,ft3
Beer,nlopt_15,7,12885.622284516676,ft3
Beer,nlopt_15,8,13864.295578383082,ft3
Beer,nlopt_15,9,2079.631738002137,ft3
Beer,nlopt_15,10,4579.8425405150965,ft3
Beer,nlopt_16,1,12704.617115150602,ft3
Beer,nlopt_16,2,11735.00545166783,ft3
Beer,nlopt_16,3,15034.295004456788,ft3
Beer,nlopt_16,4,12261.42176085119,ft3
Beer,nlopt_16,5,11308.30105550189,ft3
Beer,nlopt_16,6,12917.357100947444,ft3
Beer,nlopt_16,7,10940.874873011882,ft3
Beer,nlopt_16,8,8362.015870865247,ft3
Beer,nlopt_16,9,12044.746872438944,ft3
Beer,nlopt_16,10,10025.56513225404,ft3
Beer,nlopt_18,1,9055.831787234521,ft3
Beer,nlopt_18,2,12401.090147742007,ft3
Beer,nlopt_18,3,13652.612314022148,ft3
Beer,nlopt_18,4,5444.918032171379,ft3
Beer,nlopt_18,5,12386.805486105593,ft3
Beer,nlopt_18,6,14701.943410723305,ft3
Beer,nlopt_18,7,-2246.142963680958,ft3
Beer,nlopt_18,8,3424.8447896668004,ft3
Beer,nlopt_18,9,11385.359406952583,ft3
Beer,nlopt_18,10,11691.566139810939,ft3
Beer,nlopt_21,1,-2226.189094760321,ft3
Beer,nlopt_21,2,-3004.597179069609,ft3
Beer,nlopt_21,3,9283.805076324415,ft3
Beer,nlopt_21,4,7954.054850999715,ft3
Beer,nlopt_21,5,7999.469473804979,ft3
Beer,nlopt_21,6,-1635.2986997849866,ft3
Beer,nlopt_21,7,-7150.303305186699,ft3
Beer,nlopt_21,8,7201.572019252141,ft3
Beer,nlopt_21,9,7751.533444785612,ft3
Beer,nlopt_21,10,1901.8882601867233,ft3
Beer,nlopt_23,1,4834.773374064275,ft3
Beer,nlopt_23,2,6519.282538677947,ft3
Beer,nlopt_23,3,8979.279626407666,ft3
Beer,nlopt_23,4,-9055.149049010173,ft3
Beer,nlopt_23,5,-10247.33145005799,ft3
Beer,nlopt_23,6,9066.037549403203,ft3
Beer,nlopt_23,7,11299.044636553075,ft3
Beer,nlopt_23,8,11565.9175671511,ft3
Beer,nlopt_23,9,8778.389576559666,ft3
Beer,nlopt_23,10,5550.099600861151,ft3
Beer,nlopt_26,1,16675.778193476846,ft3
Beer,nlopt_26,2,16353.827889172424,ft3
Beer,nlopt_26,3,15041.228474625463,ft3
Beer,nlopt_26,4,13317.849239838159,ft3
Beer,nlopt_26,5,12150.032190669928,ft3
Beer,nlopt_26,6,18735.649407700534,ft3
Beer,nlopt_26,7,9510.347998449663,ft3
Beer,nlopt_26,8,19912.191521138484,ft3
Beer,nlopt_26,9,10760.698948769026,ft3
Beer,nlopt_26,10,15226.05926766141,ft3
Beer,nlopt_28,1,3356.1600065682596,ft3
Beer,nlopt_28,2,1574.736964008181,ft3
Beer,nlopt_28,3,-1240.0001159283354,ft3
Beer,nlopt_28,4,1472.2961307973846,ft3
Beer,nlopt_28,5,4138.3340451853555,ft3
Beer,nlopt_28,6,-3230.431664402756,ft3
Beer,nlopt_28,7,-1792.3041943366861,ft3
Beer,nlopt_28,8,717.9063777026873,ft3
Beer,nlopt_28,9,-10108.5867649462,ft3
Beer,nlopt_28,10,-795.674852915931,ft3
Beer,nlopt_29,1,-7872.766089696572,ft3
Beer,nlopt_29,2,-20089.704501503093,ft3
Beer,nlopt_29,3,-59638.94304949822,ft3
Beer,nlopt_29,4,-30141.48001668984,ft3
Beer,nlopt_29,5,-19544.050186602635,ft3
Beer,nlopt_29,6,-24689.89373839868,ft3
Beer,nlopt_29,7,-26858.295409575232,ft3
Beer,nlopt_29,8,-24157.125199827944,ft3
Beer,nlopt_29,9,-18451.761645140694,ft3
Beer,nlopt_29,10,-21516.547209365788,ft3
Beer,nlopt_34,1,-6165.789996721922,ft3
Beer,nlopt_34,2,-2279.2694281285562,ft3
Beer,nlopt_34,3,-2305.7649350283914,ft3
Beer,nlopt_34,4,-10129.016680799126,ft3
Beer,nlopt_34,5,1349.0900396984778,ft3
Beer,nlopt_34,6,-4688.322311041314,ft3
Beer,nlopt_34,7,-9921.961019735098,ft3
Beer,nlopt_34,8,-347.0165710889809,ft3
Beer,nlopt_34,9,3574.90600729779,ft3
Beer,nlopt_34,10,-8062.1395270940775,ft3
Beer,nlopt_36,1,-13259.681456650513,ft3
Beer,nlopt_36,2,-15676.048044151901,ft3
Beer,nlopt_36,3,-18990.69485709592,ft3
Beer,nlopt_36,4,-12258.984650048345,ft3
Beer,nlopt_36,5,-14959.640033539135,ft3
Beer,nlopt_36,6,-13204.209227087891,ft3
Beer,nlopt_36,7,-17238.578911147077,ft3
Beer,nlopt_36,8,-19444.700602292527,ft3
Beer,nlopt_36,9,204.28044168987003,ft3
Beer,nlopt_36,10,-14983.676148942632,ft3
Beer,nlopt_37,1,-13871.682826594313,ft3
Beer,nlopt_37,2,-13855.5559441408,ft3
Beer,nlopt_37,3,-13068.071709442567,ft3
Beer,nlopt_37,4,-17635.818138047158,ft3
Beer,nlopt_37,5,-14071.22785952354,ft3
Beer,nlopt_37,6,-12122.01145499281,ft3
Beer,nlopt_37,7,-10977.874949505484,ft3
Beer,nlopt_37,8,-12359.717459329771,ft3
Beer,nlopt_37,9,192.0662372372289,ft3
Beer,nlopt_37,10,-17391.14737237674,ft3
Beer,nlopt_39,1,4437.430379311693,ft3
Beer,nlopt_39,2,4698.5385708388185,ft3
Beer,nlopt_39,3,-1956.8490407453296,ft3
Beer,nlopt_39,4,4820.224847319827,ft3
Beer,nlopt_39,5,4987.296750813859,ft3
Beer,nlopt_39,6,6218.830871389128,ft3
Beer,nlopt_39,7,707.1129104230604,ft3
Beer,nlopt_39,8,3761.374891319855,ft3
Beer,nlopt_39,9,5613.411888613796,ft3
Beer,nlopt_39,10,9098.166453333608,ft3
Beer,tnc,1,11792.912130995286,ft3
Beer,tnc,2,14727.092413630011,ft3
Beer,tnc,3,-121.29295298623742,ft3
Beer,tnc,4,7475.330842308671,ft3
Beer,tnc,5,11852.600694135086,ft3
Beer,tnc,6,15611.40395158326,ft3
Beer,tnc,7,12000.199548760052,ft3
Beer,tnc,8,8404.494183235256,ft3
Beer,tnc,9,12665.155849659017,ft3
Beer,tnc,10,9539.029657095009,ft3
Beer,trust-krylov,1,-11692.791557802717,ft3
Beer,trust-krylov,2,-8666.808779023031,ft3
Beer,trust-krylov,3,-9004.849689498578,ft3
Beer,trust-krylov,4,-16841.1928116336,ft3
Beer,trust-krylov,5,1812.8310601762719,ft3
Beer,trust-krylov,6,3915.0567592106972,ft3
Beer,trust-krylov,7,-12836.750091520551,ft3
Beer,trust-krylov,8,-53.849964705211676,ft3
Beer,trust-krylov,9,-498.4256490224075,ft3
Beer,trust-krylov,10,-13390.774346877351,ft3
Beer,trust-ncg,1,11496.901738023496,ft3
Beer,trust-ncg,2,8622.39718072239,ft3
Beer,trust-ncg,3,6322.428995430178,ft3
Beer,trust-ncg,4,-2709.5023215554816,ft3
Beer,trust-ncg,5,12796.857407408315,ft3
Beer,trust-ncg,6,12065.983194400384,ft3
Beer,trust-ncg,7,10973.073158599296,ft3
Beer,trust-ncg,8,9819.750251972193,ft3
Beer,trust-ncg,9,8139.576114578394,ft3
Beer,trust-ncg,10,11357.20518477457,ft3
Bertozzi,SLSQP,1,158.8642661970136,ft3
Bertozzi,SLSQP,2,158.86426612573172,ft3
Bertozzi,SLSQP,3,158.86426616351778,ft3
Bertozzi,SLSQP,4,158.86426621004097,ft3
Bertozzi,SLSQP,5,158.86426630993503,ft3
Bertozzi,SLSQP,6,158.86426646901816,ft3
Bertozzi,SLSQP,7,158.8642660484523,ft3
Bertozzi,SLSQP,8,158.8642662686113,ft3
Bertozzi,SLSQP,9,158.8642655936154,ft3
Bertozzi,SLSQP,10,158.8642662475586,ft3
Bertozzi,COBYLA,1,158.86452453605537,ft3
Bertozzi,COBYLA,2,158.86445261265908,ft3
Bertozzi,COBYLA,3,158.86450237530477,ft3
Bertozzi,COBYLA,4,158.86448237183802,ft3
Bertozzi,COBYLA,5,158.864408207223,ft3
Bertozzi,COBYLA,6,158.86446827231157,ft3
Bertozzi,COBYLA,7,158.86442911848644,ft3
Bertozzi,COBYLA,8,158.86437743829873,ft3
Bertozzi,COBYLA,9,158.86443506021885,ft3
Bertozzi,COBYLA,10,158.8644046160481,ft3
Bertozzi,fides,1,158.86426772996094,ft3
Bertozzi,fides,2,158.86426743596826,ft3
Bertozzi,fides,3,158.8642677348984,ft3
Bertozzi,fides,4,158.8642677303296,ft3
Bertozzi,fides,5,158.8642677051376,ft3
Bertozzi,fides,6,158.86426773034952,ft3
Bertozzi,fides,7,158.86426748859805,ft3
Bertozzi,fides,8,158.86426768687846,ft3
Bertozzi,fides,9,158.86426769310938,ft3
Bertozzi,fides,10,158.8642676640829,ft3
Bertozzi,BFGS,1,158.86426951591292,ft3
Bertozzi,BFGS,2,158.86427169872564,ft3
Bertozzi,BFGS,3,158.86427211528644,ft3
Bertozzi,BFGS,4,158.86427082705984,ft3
Bertozzi,BFGS,5,158.86427403825985,ft3
Bertozzi,BFGS,6,158.8642692495901,ft3
Bertozzi,BFGS,7,158.86426898979306,ft3
Bertozzi,BFGS,8,158.86427079813262,ft3
Bertozzi,BFGS,9,158.86426920705577,ft3
Bertozzi,BFGS,10,158.86427086651298,ft3
Bertozzi,dogleg,1,158.89243052979674,ft3
Bertozzi,dogleg,2,158.89408863525583,ft3
Bertozzi,dogleg,3,158.92576410520218,ft3
Bertozzi,dogleg,4,158.87300946851693,ft3
Bertozzi,dogleg,5,158.89479667371137,ft3
Bertozzi,dogleg,6,158.90170353482875,ft3
Bertozzi,dogleg,7,158.93436857865936,ft3
Bertozzi,dogleg,8,158.89558703838807,ft3
Bertozzi,dogleg,9,158.8948854461309,ft3
Bertozzi,dogleg,10,158.894950083009,ft3
Bertozzi,ipopt,1,158.86426676048353,ft3
Bertozzi,ipopt,2,158.8642669602025,ft3
Bertozzi,ipopt,3,158.86426683367867,ft3
Bertozzi,ipopt,4,158.86426610727668,ft3
Bertozzi,ipopt,5,158.86426706645688,ft3
Bertozzi,ipopt,6,158.86426694921295,ft3
Bertozzi,ipopt,7,158.86426665208555,ft3
Bertozzi,ipopt,8,158.86426704810916,ft3
Bertozzi,ipopt,9,158.86426645589648,ft3
Bertozzi,ipopt,10,158.86426673196553,ft3
Bertozzi,cmaes,1,158.86426572850738,ft3
Bertozzi,cmaes,2,158.86426553584147,ft3
Bertozzi,cmaes,3,158.86426497059836,ft3
Bertozzi,cmaes,4,158.86426478484185,ft3
Bertozzi,cmaes,5,158.86426333092976,ft3
Bertozzi,cmaes,6,158.8642650252893,ft3
Bertozzi,cmaes,7,158.86426598318403,ft3
Bertozzi,cmaes,8,158.86426605015686,ft3
Bertozzi,cmaes,9,158.86426393541961,ft3
Bertozzi,cmaes,10,158.86426370900443,ft3
Bertozzi,pyswarm,1,158.86426769892543,ft3
Bertozzi,pyswarm,2,158.864269247518,ft3
Bertozzi,pyswarm,3,158.86426717599215,ft3
Bertozzi,pyswarm,4,158.86426707095694,ft3
Bertozzi,pyswarm,5,158.86426709406248,ft3
Bertozzi,pyswarm,6,158.8642675495596,ft3
Bertozzi,pyswarm,7,158.86426696010577,ft3
Bertozzi,pyswarm,8,158.86426710289686,ft3
Bertozzi,pyswarm,9,158.8642683723714,ft3
Bertozzi,pyswarm,10,158.86426647187452,ft3
Bertozzi,L-BFGS-B,1,158.86426647413862,ft3
Bertozzi,L-BFGS-B,2,158.8642665865999,ft3
Bertozzi,L-BFGS-B,3,158.8642666963254,ft3
Bertozzi,L-BFGS-B,4,158.86426650821295,ft3
Bertozzi,L-BFGS-B,5,158.86426676801597,ft3
Bertozzi,L-BFGS-B,6,158.8642666973317,ft3
Bertozzi,L-BFGS-B,7,158.8642666092574,ft3
Bertozzi,L-BFGS-B,8,158.86426686490654,ft3
Bertozzi,L-BFGS-B,9,158.86426685905042,ft3
Bertozzi,L-BFGS-B,10,158.86426650961064,ft3
Bertozzi,Nelder-Mead,1,158.86426673672239,ft3
Bertozzi,Nelder-Mead,2,158.86426697443207,ft3
Bertozzi,Nelder-Mead,3,158.86426672195617,ft3
Bertozzi,Nelder-Mead,4,158.86426668982492,ft3
Bertozzi,Nelder-Mead,5,158.86426670695803,ft3
Bertozzi,Nelder-Mead,6,158.86426687470063,ft3
Bertozzi,Nelder-Mead,7,158.86426663080033,ft3
Bertozzi,Nelder-Mead,8,158.86426682121646,ft3
Bertozzi,Nelder-Mead,9,158.86426663961618,ft3
Bertozzi,Nelder-Mead,10,158.8642665487946,ft3
Bertozzi,cg,1,158.8642752565795,ft3
Bertozzi,cg,2,158.86427276523716,ft3
Bertozzi,cg,3,158.86427170799578,ft3
Bertozzi,cg,4,158.86426851934075,ft3
Bertozzi,cg,5,158.86426905042669,ft3
Bertozzi,cg,6,158.8642690073736,ft3
Bertozzi,cg,7,158.8642731438382,ft3
Bertozzi,cg,8,158.8642704960415,ft3
Bertozzi,cg,9,158.86427365979586,ft3
Bertozzi,cg,10,158.86427833085241,ft3
Bertozzi,newton-cg,1,158.86426941675302,ft3
Bertozzi,newton-cg,2,158.86426887132995,ft3
Bertozzi,newton-cg,3,158.8642695927937,ft3
Bertozzi,newton-cg,4,158.8642682076429,ft3
Bertozzi,newton-cg,5,158.86426905227833,ft3
Bertozzi,newton-cg,6,158.8642684583797,ft3
Bertozzi,newton-cg,7,158.86426901801747,ft3
Bertozzi,newton-cg,8,158.86426923925853,ft3
Bertozzi,newton-cg,9,158.8642694894299,ft3
Bertozzi,newton-cg,10,158.86426885999327,ft3
Bertozzi,nlopt_11,1,158.86426703566502,ft3
Bertozzi,nlopt_11,2,158.86426691033975,ft3
Bertozzi,nlopt_11,3,158.86426722345578,ft3
Bertozzi,nlopt_11,4,158.86426709996368,ft3
Bertozzi,nlopt_11,5,158.86426712677593,ft3
Bertozzi,nlopt_11,6,158.8642672160672,ft3
Bertozzi,nlopt_11,7,158.86426730845773,ft3
Bertozzi,nlopt_11,8,158.86426727122915,ft3
Bertozzi,nlopt_11,9,158.86426707058808,ft3
Bertozzi,nlopt_11,10,158.8642672587304,ft3
Bertozzi,nlopt_12,1,158.86426819431819,ft3
Bertozzi,nlopt_12,2,158.86426722782937,ft3
Bertozzi,nlopt_12,3,158.86426760153216,ft3
Bertozzi,nlopt_12,4,158.86426773320738,ft3
Bertozzi,nlopt_12,5,158.86426775071385,ft3
Bertozzi,nlopt_12,6,158.8642681507442,ft3
Bertozzi,nlopt_12,7,158.86426750399033,ft3
Bertozzi,nlopt_12,8,158.86426804235282,ft3
Bertozzi,nlopt_12,9,158.86426746032896,ft3
Bertozzi,nlopt_12,10,158.86426783984086,ft3
Bertozzi,nlopt_13,1,158.86426723215328,ft3
Bertozzi,nlopt_13,2,158.86426741065802,ft3
Bertozzi,nlopt_13,3,158.8642672708457,ft3
Bertozzi,nlopt_13,4,158.86426699225714,ft3
Bertozzi,nlopt_13,5,158.86426728779168,ft3
Bertozzi,nlopt_13,6,158.8642672834696,ft3
Bertozzi,nlopt_13,7,158.86426738247945,ft3
Bertozzi,nlopt_13,8,158.8642672904343,ft3
Bertozzi,nlopt_13,9,158.86426718744167,ft3
Bertozzi,nlopt_13,10,158.86426711205934,ft3
Bertozzi,nlopt_14,1,158.8642674621329,ft3
Bertozzi,nlopt_14,2,158.86426730291998,ft3
Bertozzi,nlopt_14,3,158.86426704797933,ft3
Bertozzi,nlopt_14,4,158.8642673269876,ft3
Bertozzi,nlopt_14,5,158.86426738465423,ft3
Bertozzi,nlopt_14,6,158.8642673419502,ft3
Bertozzi,nlopt_14,7,158.8642674141874,ft3
Bertozzi,nlopt_14,8,158.8642672834332,ft3
Bertozzi,nlopt_14,9,158.86426729642457,ft3
Bertozzi,nlopt_14,10,158.864267176496,ft3
Bertozzi,nlopt_15,1,158.86426729332908,ft3
Bertozzi,nlopt_15,2,158.86426756225512,ft3
Bertozzi,nlopt_15,3,158.86426729778276,ft3
Bertozzi,nlopt_15,4,158.86426746756138,ft3
Bertozzi,nlopt_15,5,158.8642675350738,ft3
Bertozzi,nlopt_15,6,158.86426749039936,ft3
Bertozzi,nlopt_15,7,158.8642674624946,ft3
Bertozzi,nlopt_15,8,158.8642675480262,ft3
Bertozzi,nlopt_15,9,158.86426742272891,ft3
Bertozzi,nlopt_15,10,158.86426733227796,ft3
Bertozzi,nlopt_16,1,158.86426741730236,ft3
Bertozzi,nlopt_16,2,158.8642674417802,ft3
Bertozzi,nlopt_16,3,158.86426754069396,ft3
Bertozzi,nlopt_16,4,158.86426729691263,ft3
Bertozzi,nlopt_16,5,158.86426728008897,ft3
Bertozzi,nlopt_16,6,158.86426730969185,ft3
Bertozzi,nlopt_16,7,158.86426754577934,ft3
Bertozzi,nlopt_16,8,158.86426754398414,ft3
Bertozzi,nlopt_16,9,158.86426724344176,ft3
Bertozzi,nlopt_16,10,158.86426749205373,ft3
Bertozzi,nlopt_18,1,158.86426723543383,ft3
Bertozzi,nlopt_18,2,158.86426733275965,ft3
Bertozzi,nlopt_18,3,158.86426695189868,ft3
Bertozzi,nlopt_18,4,158.86426721269802,ft3
Bertozzi,nlopt_18,5,158.8642671184533,ft3
Bertozzi,nlopt_18,6,158.8642672814269,ft3
Bertozzi,nlopt_18,7,158.8642672079419,ft3
Bertozzi,nlopt_18,8,158.86426684115187,ft3
Bertozzi,nlopt_18,9,158.8642668739816,ft3
Bertozzi,nlopt_18,10,158.86426728884913,ft3
Bertozzi,nlopt_21,1,158.86426720791712,ft3
Bertozzi,nlopt_21,2,158.86426746319654,ft3
Bertozzi,nlopt_21,3,158.86426754946373,ft3
Bertozzi,nlopt_21,4,158.86426740418216,ft3
Bertozzi,nlopt_21,5,158.86426754288772,ft3
Bertozzi,nlopt_21,6,158.86426758954667,ft3
Bertozzi,nlopt_21,7,158.86426746992623,ft3
Bertozzi,nlopt_21,8,158.8642676273663,ft3
Bertozzi,nlopt_21,9,158.86426758543956,ft3
Bertozzi,nlopt_21,10,158.86426743086457,ft3
Bertozzi,nlopt_23,1,158.86426768947652,ft3
Bertozzi,nlopt_23,2,158.86426763371452,ft3
Bertozzi,nlopt_23,3,158.86426765289423,ft3
Bertozzi,nlopt_23,4,158.8642676526286,ft3
Bertozzi,nlopt_23,5,158.86426761750363,ft3
Bertozzi,nlopt_23,6,158.86426752239694,ft3
Bertozzi,nlopt_23,7,158.864267637905,ft3
Bertozzi,nlopt_23,8,158.86426766966102,ft3
Bertozzi,nlopt_23,9,158.86426728380894,ft3
Bertozzi,nlopt_23,10,158.86426767373428,ft3
Bertozzi,nlopt_26,1,158.86427533776077,ft3
Bertozzi,nlopt_26,2,158.86427680293792,ft3
Bertozzi,nlopt_26,3,158.8642684580788,ft3
Bertozzi,nlopt_26,4,158.8642731224441,ft3
Bertozzi,nlopt_26,5,158.8642698341132,ft3
Bertozzi,nlopt_26,6,158.86427095672425,ft3
Bertozzi,nlopt_26,7,158.86427139394038,ft3
Bertozzi,nlopt_26,8,158.86427101815914,ft3
Bertozzi,nlopt_26,9,158.86427425909847,ft3
Bertozzi,nlopt_26,10,158.86426986739664,ft3
Bertozzi,nlopt_28,1,158.8642647957277,ft3
Bertozzi,nlopt_28,2,158.8642642849324,ft3
Bertozzi,nlopt_28,3,158.86426609285772,ft3
Bertozzi,nlopt_28,4,158.86426610943056,ft3
Bertozzi,nlopt_28,5,158.86426557021414,ft3
Bertozzi,nlopt_28,6,158.86426591438942,ft3
Bertozzi,nlopt_28,7,158.864265571398,ft3
Bertozzi,nlopt_28,8,158.86426606283908,ft3
Bertozzi,nlopt_28,9,158.8642658186965,ft3
Bertozzi,nlopt_28,10,158.86426606665594,ft3
Bertozzi,nlopt_29,1,158.86426542261307,ft3
Bertozzi,nlopt_29,2,158.8642654242848,ft3
Bertozzi,nlopt_29,3,158.86426504941613,ft3
Bertozzi,nlopt_29,4,158.86426512024767,ft3
Bertozzi,nlopt_29,5,158.8642652975866,ft3
Bertozzi,nlopt_29,6,158.86426291554397,ft3
Bertozzi,nlopt_29,7,158.8642652715962,ft3
Bertozzi,nlopt_29,8,158.8642649456359,ft3
Bertozzi,nlopt_29,9,158.86426482340158,ft3
Bertozzi,nlopt_29,10,158.8642650601556,ft3
Bertozzi,nlopt_34,1,158.86426670058302,ft3
Bertozzi,nlopt_34,2,158.86426654755252,ft3
Bertozzi,nlopt_34,3,158.86426663915245,ft3
Bertozzi,nlopt_34,4,158.8642660679355,ft3
Bertozzi,nlopt_34,5,158.86426658431014,ft3
Bertozzi,nlopt_34,6,158.86426632851902,ft3
Bertozzi,nlopt_34,7,158.86426629886967,ft3
Bertozzi,nlopt_34,8,158.86426627609077,ft3
Bertozzi,nlopt_34,9,158.86426623487625,ft3
Bertozzi,nlopt_34,10,158.86426619783137,ft3
Bertozzi,nlopt_36,1,158.8642667675251,ft3
Bertozzi,nlopt_36,2,158.86426626937077,ft3
Bertozzi,nlopt_36,3,158.86426688160645,ft3
Bertozzi,nlopt_36,4,158.86426650914814,ft3
Bertozzi,nlopt_36,5,158.8642667850172,ft3
Bertozzi,nlopt_36,6,158.86426686609718,ft3
Bertozzi,nlopt_36,7,158.8642666718725,ft3
Bertozzi,nlopt_36,8,158.86426700845124,ft3
Bertozzi,nlopt_36,9,158.86426675408384,ft3
Bertozzi,nlopt_36,10,158.86426676949122,ft3
Bertozzi,nlopt_37,1,158.86426681943664,ft3
Bertozzi,nlopt_37,2,158.86426694880763,ft3
Bertozzi,nlopt_37,3,158.86426643921266,ft3
Bertozzi,nlopt_37,4,158.86426679323947,ft3
Bertozzi,nlopt_37,5,158.86426674808922,ft3
Bertozzi,nlopt_37,6,158.86426664634033,ft3
Bertozzi,nlopt_37,7,158.8642670327057,ft3
Bertozzi,nlopt_37,8,158.86426706643277,ft3
Bertozzi,nlopt_37,9,158.8642662436651,ft3
Bertozzi,nlopt_37,10,158.86426693070686,ft3
Bertozzi,nlopt_39,1,158.86426767993237,ft3
Bertozzi,nlopt_39,2,158.8642676215518,ft3
Bertozzi,nlopt_39,3,158.86426769690217,ft3
Bertozzi,nlopt_39,4,158.8642676364613,ft3
Bertozzi,nlopt_39,5,158.86426717883506,ft3
Bertozzi,nlopt_39,6,158.86426768055736,ft3
Bertozzi,nlopt_39,7,158.86426752286783,ft3
Bertozzi,nlopt_39,8,158.86426763385896,ft3
Bertozzi,nlopt_39,9,158.86426768740546,ft3
Bertozzi,nlopt_39,10,158.86426767865845,ft3
Bertozzi,tnc,1,158.8642716405614,ft3
Bertozzi,tnc,2,158.86427776794176,ft3
Bertozzi,tnc,3,158.8642838866886,ft3
Bertozzi,tnc,4,158.8642713016039,ft3
Bertozzi,tnc,5,158.8642927767338,ft3
Bertozzi,tnc,6,158.8642833253714,ft3
Bertozzi,tnc,7,158.8642705508584,ft3
Bertozzi,tnc,8,158.86428941080857,ft3
Bertozzi,tnc,9,158.8642729643549,ft3
Bertozzi,tnc,10,158.86427341147837,ft3
Bertozzi,trust-krylov,1,158.86426916130998,ft3
Bertozzi,trust-krylov,2,158.86426925883592,ft3
Bertozzi,trust-krylov,3,158.8642692442747,ft3
Bertozzi,trust-krylov,4,158.8642697380193,ft3
Bertozzi,trust-krylov,5,158.86426958666385,ft3
Bertozzi,trust-krylov,6,158.86426917645824,ft3
Bertozzi,trust-krylov,7,158.86426901063464,ft3
Bertozzi,trust-krylov,8,158.864268748572,ft3
Bertozzi,trust-krylov,9,158.86426966171436,ft3
Bertozzi,trust-krylov,10,158.86426943480544,ft3
Bertozzi,trust-ncg,1,158.8642685820298,ft3
Bertozzi,trust-ncg,2,158.86426990548392,ft3
Bertozzi,trust-ncg,3,158.8642692750667,ft3
Bertozzi,trust-ncg,4,158.8642691968339,ft3
Bertozzi,trust-ncg,5,158.86426972795635,ft3
Bertozzi,trust-ncg,6,158.8642693756064,ft3
Bertozzi,trust-ncg,7,158.86426969785344,ft3
Bertozzi,trust-ncg,8,158.8642692167672,ft3
Bertozzi,trust-ncg,9,158.86426985428423,ft3
Bertozzi,trust-ncg,10,158.86426913970325,ft3
Blasi,SLSQP,1,-1090.5617766037008,ft3
Blasi,SLSQP,2,-1090.5617766036503,ft3
Blasi,SLSQP,3,-1090.5617766036562,ft3
Blasi,SLSQP,4,-1090.561776603691,ft3
Blasi,SLSQP,5,-1090.5617766036657,ft3
Blasi,SLSQP,6,-1090.561776603686,ft3
Blasi,SLSQP,7,-1090.5617766037642,ft3
Blasi,SLSQP,8,-1090.5617766035932,ft3
Blasi,SLSQP,9,-1090.5617766037294,ft3
Blasi,SLSQP,10,-1090.5617766037083,ft3
Blasi,COBYLA,1,-1090.5616871295704,ft3
Blasi,COBYLA,2,-1090.5615374750776,ft3
Blasi,COBYLA,3,-1090.56158595476,ft3
Blasi,COBYLA,4,-1090.5615790718061,ft3
Blasi,COBYLA,5,-1090.561654196253,ft3
Blasi,COBYLA,6,-1090.5615400583793,ft3
Blasi,COBYLA,7,-1090.5614827040213,ft3
Blasi,COBYLA,8,-1090.5615796465545,ft3
Blasi,COBYLA,9,-1090.5616375566085,ft3
Blasi,COBYLA,10,-1090.56147728255,ft3
Blasi,fides,1,-1090.5617766037244,ft3
Blasi,fides,2,-1090.5617766037383,ft3
Blasi,fides,3,-1090.5617766036216,ft3
Blasi,fides,4,-1090.561776603735,ft3
Blasi,fides,5,-1090.5617766036544,ft3
Blasi,fides,6,-1090.5617766036744,ft3
Blasi,fides,7,-1090.5617766036783,ft3
Blasi,fides,8,-1090.5617766036544,ft3
Blasi,fides,9,-1090.5617766038042,ft3
Blasi,fides,10,-1090.5617766036166,ft3
Blasi,BFGS,1,-1090.56177660378,ft3
Blasi,BFGS,2,-1090.5617766038213,ft3
Blasi,BFGS,3,-1090.5617766037738,ft3
Blasi,BFGS,4,-1090.5617766037935,ft3
Blasi,BFGS,5,-1090.561776603804,ft3
Blasi,BFGS,6,-1090.5617766037803,ft3
Blasi,BFGS,7,-1090.5617766037826,ft3
Blasi,BFGS,8,-1090.5617766038672,ft3
Blasi,BFGS,9,-1090.5617766038279,ft3
Blasi,BFGS,10,-1090.5617766037958,ft3
Blasi,dogleg,1,-1090.5618245599817,ft3
Blasi,dogleg,2,-1090.561824561869,ft3
Blasi,dogleg,3,-1090.5618245670667,ft3
Blasi,dogleg,4,-1090.5618245656099,ft3
Blasi,dogleg,5,-1090.561824564734,ft3
Blasi,dogleg,6,-1090.5618245629012,ft3
Blasi,dogleg,7,-1090.561824561005,ft3
Blasi,dogleg,8,-1090.5618245618996,ft3
Blasi,dogleg,9,-1090.561824567531,ft3
Blasi,dogleg,10,-1090.5618245671506,ft3
Blasi,ipopt,1,-1090.5617766037947,ft3
Blasi,ipopt,2,-1090.561776603847,ft3
Blasi,ipopt,3,-1090.5617766038351,ft3
Blasi,ipopt,4,-1090.561776603759,ft3
Blasi,ipopt,5,-1090.5617766038627,ft3
Blasi,ipopt,6,-1090.5617766037954,ft3
Blasi,ipopt,7,-1090.5617766038451,ft3
Blasi,ipopt,8,-1090.5617766038233,ft3
Blasi,ipopt,9,-1090.5617766037503,ft3
Blasi,ipopt,10,-1090.5617766038492,ft3
Blasi,cmaes,1,-1090.5617766039334,ft3
Blasi,cmaes,2,-1090.561776603933,ft3
Blasi,cmaes,3,-1090.5617766039331,ft3
Blasi,cmaes,4,-1090.5617766039331,ft3
Blasi,cmaes,5,-1090.5617766039331,ft3
Blasi,cmaes,6,-1090.5617766039331,ft3
Blasi,cmaes,7,-1090.561776603933,ft3
Blasi,cmaes,8,-1090.5617766039334,ft3
Blasi,cmaes,9,-1090.5617766039331,ft3
Blasi,cmaes,10,-1090.561776603933,ft3
Blasi,pyswarm,1,-1064.849810102745,ft3
Blasi,pyswarm,2,-1089.7917883055804,ft3
Blasi,pyswarm,3,-1042.8375111559742,ft3
Blasi,pyswarm,4,-1084.8152510398945,ft3
Blasi,pyswarm,5,-1089.7857956934524,ft3
Blasi,pyswarm,6,-1042.7967604422358,ft3
Blasi,pyswarm,7,-1088.0283833224996,ft3
Blasi,pyswarm,8,-1060.8141791841815,ft3
Blasi,pyswarm,9,-1084.1552555073547,ft3
Blasi,pyswarm,10,-1059.5428792291002,ft3
Blasi,L-BFGS-B,1,-1090.5617766034734,ft3
Blasi,L-BFGS-B,2,-1090.5617766035355,ft3
Blasi,L-BFGS-B,3,-1090.5617766036466,ft3
Blasi,L-BFGS-B,4,-1090.561776603489,ft3
Blasi,L-BFGS-B,5,-1090.5617766035955,ft3
Blasi,L-BFGS-B,6,-1090.5617766033959,ft3
Blasi,L-BFGS-B,7,-1090.5617766034263,ft3
Blasi,L-BFGS-B,8,-1090.5617766035643,ft3
Blasi,L-BFGS-B,9,-1090.5617766033806,ft3
Blasi,L-BFGS-B,10,-1090.5617766036453,ft3
Blasi,Nelder-Mead,1,-1087.4031706237545,ft3
Blasi,Nelder-Mead,2,-1090.1278135070174,ft3
Blasi,Nelder-Mead,3,-1085.930372530949,ft3
Blasi,Nelder-Mead,4,-1078.9010395717478,ft3
Blasi,Nelder-Mead,5,-1087.1292373917338,ft3
Blasi,Nelder-Mead,6,-1087.784341086175,ft3
Blasi,Nelder-Mead,7,-1079.864736889189,ft3
Blasi,Nelder-Mead,8,-1082.3814678597587,ft3
Blasi,Nelder-Mead,9,-1089.7690352336003,ft3
Blasi,Nelder-Mead,10,-1071.9357823344644,ft3
Blasi,cg,1,-1090.5617766038567,ft3
Blasi,cg,2,-1090.5617766038213,ft3
Blasi,cg,3,-1090.5617766038781,ft3
Blasi,cg,4,-1090.5617766037954,ft3
Blasi,cg,5,-1090.5617766038754,ft3
Blasi,cg,6,-1090.5617766038022,ft3
Blasi,cg,7,-1090.5617766038376,ft3
Blasi,cg,8,-1090.5617766037929,ft3
Blasi,cg,9,-1090.5617766038279,ft3
Blasi,cg,10,-1090.5617766038429,ft3
Blasi,newton-cg,1,-1090.5617766037456,ft3
Blasi,newton-cg,2,-1090.5617766037221,ft3
Blasi,newton-cg,3,-1090.5617766036594,ft3
Blasi,newton-cg,4,-1090.561776603629,ft3
Blasi,newton-cg,5,-1090.5617766037915,ft3
Blasi,newton-cg,6,-1090.5617766037205,ft3
Blasi,newton-cg,7,-1090.561776603679,ft3
Blasi,newton-cg,8,-1090.5617766036937,ft3
Blasi,newton-cg,9,-1090.5617766037153,ft3
Blasi,newton-cg,10,-1090.5617766037508,ft3
Blasi,nlopt_11,1,-1090.561776603785,ft3
Blasi,nlopt_11,2,-1090.561776603789,ft3
Blasi,nlopt_11,3,-1090.56177660381,ft3
Blasi,nlopt_11,4,-1090.5617766038422,ft3
Blasi,nlopt_11,5,-1090.561776603852,ft3
Blasi,nlopt_11,6,-1090.5617766038074,ft3
Blasi,nlopt_11,7,-1090.5617766037822,ft3
Blasi,nlopt_11,8,-1090.5617766038292,ft3
Blasi,nlopt_11,9,-1090.5617766038138,ft3
Blasi,nlopt_11,10,-1090.5617766037776,ft3
Blasi,nlopt_12,1,-1090.5617766039327,ft3
Blasi,nlopt_12,2,-1090.5617766039331,ft3
Blasi,nlopt_12,3,-1090.5617766039325,ft3
Blasi,nlopt_12,4,-1090.561776603933,ft3
Blasi,nlopt_12,5,-1090.5617766039325,ft3
Blasi,nlopt_12,6,-1090.5617766039327,ft3
Blasi,nlopt_12,7,-1090.5617766039327,ft3
Blasi,nlopt_12,8,-1090.561776603933,ft3
Blasi,nlopt_12,9,-1090.5617766039325,ft3
Blasi,nlopt_12,10,-1090.561776603933,ft3
Blasi,nlopt_13,1,-1090.5617766038822,ft3
Blasi,nlopt_13,2,-1090.5617766038274,ft3
Blasi,nlopt_13,3,-1090.5617766038279,ft3
Blasi,nlopt_13,4,-1090.561776603822,ft3
Blasi,nlopt_13,5,-1090.5617766038044,ft3
Blasi,nlopt_13,6,-1090.5617766038463,ft3
Blasi,nlopt_13,7,-1090.561776603837,ft3
Blasi,nlopt_13,8,-1090.5617766038404,ft3
Blasi,nlopt_13,9,-1090.561776603853,ft3
Blasi,nlopt_13,10,-1090.5617766038445,ft3
Blasi,nlopt_14,1,-1090.5617766037562,ft3
Blasi,nlopt_14,2,-1090.5617766038204,ft3
Blasi,nlopt_14,3,-1090.5617766038035,ft3
Blasi,nlopt_14,4,-1090.5617766038351,ft3
Blasi,nlopt_14,5,-1090.5617766038383,ft3
Blasi,nlopt_14,6,-1090.5617766038038,ft3
Blasi,nlopt_14,7,-1090.5617766038372,ft3
Blasi,nlopt_14,8,-1090.561776603828,ft3
Blasi,nlopt_14,9,-1090.561776603821,ft3
Blasi,nlopt_14,10,-1090.5617766038797,ft3
Blasi,nlopt_15,1,-1090.5617766037592,ft3
Blasi,nlopt_15,2,-1090.561776603896,ft3
Blasi,nlopt_15,3,-1090.5617766038085,ft3
Blasi,nlopt_15,4,-1090.5617766037906,ft3
Blasi,nlopt_15,5,-1090.5617766038083,ft3
Blasi,nlopt_15,6,-1090.5617766037572,ft3
Blasi,nlopt_15,7,-1090.5617766038445,ft3
Blasi,nlopt_15,8,-1090.5617766036894,ft3
Blasi,nlopt_15,9,-1090.5617766038138,ft3
Blasi,nlopt_15,10,-1090.5617766038329,ft3
Blasi,nlopt_16,1,-1090.5617766038067,ft3
Blasi,nlopt_16,2,-1090.5617766038324,ft3
Blasi,nlopt_16,3,-1090.5617766037387,ft3
Blasi,nlopt_16,4,-1090.5617766038051,ft3
Blasi,nlopt_16,5,-1090.5617766038122,ft3
Blasi,nlopt_16,6,-1090.5617766038424,ft3
Blasi,nlopt_16,7,-1090.561776603801,ft3
Blasi,nlopt_16,8,-1090.561776603768,ft3
Blasi,nlopt_16,9,-1090.5617766038154,ft3
Blasi,nlopt_16,10,-1090.5617766037567,ft3
Blasi,nlopt_18,1,-1090.5617766037208,ft3
Blasi,nlopt_18,2,-1090.5617766036721,ft3
Blasi,nlopt_18,3,-1090.561776603645,ft3
Blasi,nlopt_18,4,-1090.5617766037137,ft3
Blasi,nlopt_18,5,-1090.5617766036066,ft3
Blasi,nlopt_18,6,-1090.5617766036305,ft3
Blasi,nlopt_18,7,-1090.561776603668,ft3
Blasi,nlopt_18,8,-1090.5617766037249,ft3
Blasi,nlopt_18,9,-1090.5617766036737,ft3
Blasi,nlopt_18,10,-1090.5617766036617,ft3
Blasi,nlopt_21,1,-1090.5617766038592,ft3
Blasi,nlopt_21,2,-1090.5617766038736,ft3
Blasi,nlopt_21,3,-1090.5617766038342,ft3
Blasi,nlopt_21,4,-1090.561776603847,ft3
Blasi,nlopt_21,5,-1090.561776603831,ft3
Blasi,nlopt_21,6,-1090.5617766037828,ft3
Blasi,nlopt_21,7,-1090.5617766038565,ft3
Blasi,nlopt_21,8,-1090.561776603892,ft3
Blasi,nlopt_21,9,-1090.5617766038297,ft3
Blasi,nlopt_21,10,-1090.5617766038004,ft3
Blasi,nlopt_23,1,-1090.5617766037062,ft3
Blasi,nlopt_23,2,-1090.561776603712,ft3
Blasi,nlopt_23,3,-1090.5617766036994,ft3
Blasi,nlopt_23,4,-1090.561776603602,ft3
Blasi,nlopt_23,5,-1090.561776603704,ft3
Blasi,nlopt_23,6,-1090.5617766035593,ft3
Blasi,nlopt_23,7,-1090.5617766037938,ft3
Blasi,nlopt_23,8,-1090.561776603721,ft3
Blasi,nlopt_23,9,-1090.561776603805,ft3
Blasi,nlopt_23,10,-1090.5617766037292,ft3
Blasi,nlopt_26,1,-1090.561776603932,ft3
Blasi,nlopt_26,2,-1090.5617766039315,ft3
Blasi,nlopt_26,3,-1090.561776603932,ft3
Blasi,nlopt_26,4,-1090.5617766039318,ft3
Blasi,nlopt_26,5,-1090.5617766039313,ft3
Blasi,nlopt_26,6,-1090.5617766039318,ft3
Blasi,nlopt_26,7,-1090.5617766039325,ft3
Blasi,nlopt_26,8,-1090.561776603932,ft3
Blasi,nlopt_26,9,-1090.561776603932,ft3
Blasi,nlopt_26,10,-1090.561776603933,ft3
Blasi,nlopt_28,1,-1090.5617766039325,ft3
Blasi,nlopt_28,2,-1090.5617766039325,ft3
Blasi,nlopt_28,3,-1090.5617766039327,ft3
Blasi,nlopt_28,4,-1090.5617766039322,ft3
Blasi,nlopt_28,5,-1090.5617766039325,ft3
Blasi,nlopt_28,6,-1090.5617766039322,ft3
Blasi,nlopt_28,7,-1090.5617766039334,ft3
Blasi,nlopt_28,8,-1090.5617766039322,ft3
Blasi,nlopt_28,9,-1090.5617766039325,ft3
Blasi,nlopt_28,10,-1090.5617766039327,ft3
Blasi,nlopt_29,1,-1090.5617766039334,ft3
Blasi,nlopt_29,2,-1090.5617766039327,ft3
Blasi,nlopt_29,3,-1090.561776603933,ft3
Blasi,nlopt_29,4,-1090.5617766039334,ft3
Blasi,nlopt_29,5,-1090.5617766039331,ft3
Blasi,nlopt_29,6,-1090.5617766039327,ft3
Blasi,nlopt_29,7,-1090.5617766039331,ft3
Blasi,nlopt_29,8,-1090.5617766039334,ft3
Blasi,nlopt_29,9,-1090.5617766039327,ft3
Blasi,nlopt_29,10,-1090.5617766039325,ft3
Blasi,nlopt_34,1,-1090.5617766039318,ft3
Blasi,nlopt_34,2,-1090.5617766039318,ft3
Blasi,nlopt_34,3,-1090.561776603932,ft3
Blasi,nlopt_34,4,-1090.561776603932,ft3
Blasi,nlopt_34,5,-1090.561776603932,ft3
Blasi,nlopt_34,6,-1090.5617766039318,ft3
Blasi,nlopt_34,7,-1090.5617766039313,ft3
Blasi,nlopt_34,8,-1090.5617766039315,ft3
Blasi,nlopt_34,9,-1090.561776603932,ft3
Blasi,nlopt_34,10,-1090.5617766039325,ft3
Blasi,nlopt_36,1,-1090.5617766037835,ft3
Blasi,nlopt_36,2,-1090.5617766037728,ft3
Blasi,nlopt_36,3,-1090.56177660383,ft3
Blasi,nlopt_36,4,-1090.5617766038065,ft3
Blasi,nlopt_36,5,-1090.5617766038358,ft3
Blasi,nlopt_36,6,-1090.5617766038142,ft3
Blasi,nlopt_36,7,-1090.561776603803,ft3
Blasi,nlopt_36,8,-1090.5617766038497,ft3
Blasi,nlopt_36,9,-1090.5617766038415,ft3
Blasi,nlopt_36,10,-1090.56177660382,ft3
Blasi,nlopt_37,1,-1090.5617766037938,ft3
Blasi,nlopt_37,2,-1090.5617766038788,ft3
Blasi,nlopt_37,3,-1090.561776603834,ft3
Blasi,nlopt_37,4,-1090.561776603767,ft3
Blasi,nlopt_37,5,-1090.5617766038627,ft3
Blasi,nlopt_37,6,-1090.5617766038217,ft3
Blasi,nlopt_37,7,-1090.5617766038408,ft3
Blasi,nlopt_37,8,-1090.5617766038058,ft3
Blasi,nlopt_37,9,-1090.5617766037858,ft3
Blasi,nlopt_37,10,-1090.5617766037692,ft3
Blasi,nlopt_39,1,-1090.5617766037035,ft3
Blasi,nlopt_39,2,-1090.561776603779,ft3
Blasi,nlopt_39,3,-1090.5617766036967,ft3
Blasi,nlopt_39,4,-1090.5617766036812,ft3
Blasi,nlopt_39,5,-1090.561776603673,ft3
Blasi,nlopt_39,6,-1090.5617766036428,ft3
Blasi,nlopt_39,7,-1090.5617766036553,ft3
Blasi,nlopt_39,8,-1090.5617766037901,ft3
Blasi,nlopt_39,9,-1090.5617766036692,ft3
Blasi,nlopt_39,10,-1090.5617766037333,ft3
Blasi,tnc,1,-1090.5617766031583,ft3
Blasi,tnc,2,-1090.5617766035289,ft3
Blasi,tnc,3,-1090.561776603664,ft3
Blasi,tnc,4,-1090.561776603568,ft3
Blasi,tnc,5,-1090.5617766036373,ft3
Blasi,tnc,6,-1090.5617766010075,ft3
Blasi,tnc,7,-1090.5617766036123,ft3
Blasi,tnc,8,-1090.5617766034636,ft3
Blasi,tnc,9,-1090.5617766031903,ft3
Blasi,tnc,10,-1090.5617766033745,ft3
Blasi,trust-krylov,1,-1090.5618245673995,ft3
Blasi,trust-krylov,2,-1090.5618245560674,ft3
Blasi,trust-krylov,3,-1090.5618245585183,ft3
Blasi,trust-krylov,4,-1090.5618245645724,ft3
Blasi,trust-krylov,5,-1090.5618245639835,ft3
Blasi,trust-krylov,6,-1090.5618245562912,ft3
Blasi,trust-krylov,7,-1090.5618245625858,ft3
Blasi,trust-krylov,8,-1090.561824555794,ft3
Blasi,trust-krylov,9,-1090.5618245622543,ft3
Blasi,trust-krylov,10,-1090.5618245647495,ft3
Blasi,trust-ncg,1,-1090.561824558223,ft3
Blasi,trust-ncg,2,-1090.56182455255,ft3
Blasi,trust-ncg,3,-1090.5618245461524,ft3
Blasi,trust-ncg,4,-1090.5618245621786,ft3
Blasi,trust-ncg,5,-1090.5618245333087,ft3
Blasi,trust-ncg,6,-1090.5618245555709,ft3
Blasi,trust-ncg,7,-1090.5618245397823,ft3
Blasi,trust-ncg,8,-1090.5618245504022,ft3
Blasi,trust-ncg,9,-1090.561824551103,ft3
Blasi,trust-ncg,10,-1090.561824553417,ft3
Boehm,SLSQP,1,138.22197068316552,ft3
Boehm,SLSQP,2,138.2219710670348,ft3
Boehm,SLSQP,3,138.22197055049736,ft3
Boehm,SLSQP,4,138.2219707203313,ft3
Boehm,SLSQP,5,138.22197024189643,ft3
Boehm,SLSQP,6,138.2219714311136,ft3
Boehm,SLSQP,7,138.22197181359832,ft3
Boehm,SLSQP,8,138.2219703232739,ft3
Boehm,SLSQP,9,138.2219704448152,ft3
Boehm,SLSQP,10,138.22197029772843,ft3
Boehm,COBYLA,1,138.22277000936072,ft3
Boehm,COBYLA,2,138.22256217598098,ft3
Boehm,COBYLA,3,138.22324906537042,ft3
Boehm,COBYLA,4,138.22252048946166,ft3
Boehm,COBYLA,5,138.2227491553847,ft3
Boehm,COBYLA,6,138.22265149956803,ft3
Boehm,COBYLA,7,138.22286594329717,ft3
Boehm,COBYLA,8,138.22286098986382,ft3
Boehm,COBYLA,9,138.22414336962413,ft3
Boehm,COBYLA,10,138.22258764449518,ft3
Boehm,fides,1,138.22196939150825,ft3
Boehm,fides,2,138.2219696550403,ft3
Boehm,fides,3,138.22196931662447,ft3
Boehm,fides,4,138.22196913001304,ft3
Boehm,fides,5,138.22196960251222,ft3
Boehm,fides,6,138.22196958603328,ft3
Boehm,fides,7,138.221969925783,ft3
Boehm,fides,8,138.22196932138567,ft3
Boehm,fides,9,138.22196948807886,ft3
Boehm,fides,10,138.2219697746279,ft3
Boehm,BFGS,1,138.22283009655334,ft3
Boehm,BFGS,2,138.22240093992278,ft3
Boehm,BFGS,3,138.22281540442486,ft3
Boehm,BFGS,4,138.22324089944394,ft3
Boehm,BFGS,5,138.22308303870406,ft3
Boehm,BFGS,6,138.22356593626463,ft3
Boehm,BFGS,7,138.2235420125013,ft3
Boehm,BFGS,8,138.22335079119307,ft3
Boehm,BFGS,9,138.2233176972785,ft3
Boehm,BFGS,10,138.22289561639639,ft3
Boehm,dogleg,1,138.32802422323826,ft3
Boehm,dogleg,2,138.38554609245023,ft3
Boehm,dogleg,3,138.4569760761597,ft3
Boehm,dogleg,4,138.44752922552405,ft3
Boehm,dogleg,5,138.282993227292,ft3
Boehm,dogleg,6,138.3891157184582,ft3
Boehm,dogleg,7,138.25538993180405,ft3
Boehm,dogleg,8,138.3521556249194,ft3
Boehm,dogleg,9,138.47640326814306,ft3
Boehm,dogleg,10,138.38433515542485,ft3
Boehm,ipopt,1,138.22197116726372,ft3
Boehm,ipopt,2,138.22197066634038,ft3
Boehm,ipopt,3,138.2219708702194,ft3
Boehm,ipopt,4,138.22197155376966,ft3
Boehm,ipopt,5,138.2219711629495,ft3
Boehm,ipopt,6,138.2219707671284,ft3
Boehm,ipopt,7,138.22196983692777,ft3
Boehm,ipopt,8,138.22197109607185,ft3
Boehm,ipopt,9,138.22197114436332,ft3
Boehm,ipopt,10,138.2219712769507,ft3
Boehm,cmaes,1,138.22197030661823,ft3
Boehm,cmaes,2,138.22197068280457,ft3
Boehm,cmaes,3,138.2219712293728,ft3
Boehm,cmaes,4,138.22197082724003,ft3
Boehm,cmaes,5,138.22197066528665,ft3
Boehm,cmaes,6,138.22197098318173,ft3
Boehm,cmaes,7,138.22197069260068,ft3
Boehm,cmaes,8,138.2219709716391,ft3
Boehm,cmaes,9,138.22197072765394,ft3
Boehm,cmaes,10,138.2219707430768,ft3
Boehm,pyswarm,1,138.22501865425068,ft3
Boehm,pyswarm,2,138.22203769707139,ft3
Boehm,pyswarm,3,138.2295996597455,ft3
Boehm,pyswarm,4,138.22212205425924,ft3
Boehm,pyswarm,5,138.22231769620774,ft3
Boehm,pyswarm,6,138.26095983442488,ft3
Boehm,pyswarm,7,138.22296244258146,ft3
Boehm,pyswarm,8,138.24092527796387,ft3
Boehm,pyswarm,9,138.2422000508102,ft3
Boehm,pyswarm,10,138.23010396396168,ft3
Boehm,L-BFGS-B,1,138.2219715431289,ft3
Boehm,L-BFGS-B,2,138.2219704643567,ft3
Boehm,L-BFGS-B,3,138.22197024433763,ft3
Boehm,L-BFGS-B,4,138.2219707152126,ft3
Boehm,L-BFGS-B,5,138.2219697437622,ft3
Boehm,L-BFGS-B,6,138.22197026678964,ft3
Boehm,L-BFGS-B,7,138.22196978471266,ft3
Boehm,L-BFGS-B,8,138.22197089271444,ft3
Boehm,L-BFGS-B,9,138.22197034883632,ft3
Boehm,L-BFGS-B,10,138.2219704336866,ft3
Boehm,Nelder-Mead,1,138.22198170382836,ft3
Boehm,Nelder-Mead,2,138.22197442245107,ft3
Boehm,Nelder-Mead,3,138.2219739028721,ft3
Boehm,Nelder-Mead,4,138.22198108035042,ft3
Boehm,Nelder-Mead,5,138.22197544104705,ft3
Boehm,Nelder-Mead,6,138.22197450851456,ft3
Boehm,Nelder-Mead,7,138.2219756460054,ft3
Boehm,Nelder-Mead,8,138.22197592551282,ft3
Boehm,Nelder-Mead,9,138.22199553084855,ft3
Boehm,Nelder-Mead,10,138.2219748775905,ft3
Boehm,cg,1,138.2223328024303,ft3
Boehm,cg,2,138.2221194138363,ft3
Boehm,cg,3,138.2220206454965,ft3
Boehm,cg,4,138.22204401888052,ft3
Boehm,cg,5,138.22212337373716,ft3
Boehm,cg,6,138.22201639174915,ft3
Boehm,cg,7,138.22205508158848,ft3
Boehm,cg,8,138.22213651726207,ft3
Boehm,cg,9,138.22205005049355,ft3
Boehm,cg,10,138.2220380529474,ft3
Boehm,newton-cg,1,138.2220387199974,ft3
Boehm,newton-cg,2,138.2220435545726,ft3
Boehm,newton-cg,3,138.2220282238888,ft3
Boehm,newton-cg,4,138.2220355202973,ft3
Boehm,newton-cg,5,138.22212695355,ft3
Boehm,newton-cg,6,138.22204412609287,ft3
Boehm,newton-cg,7,138.22207159812126,ft3
Boehm,newton-cg,8,138.22206489129698,ft3
Boehm,newton-cg,9,138.22201511910515,ft3
Boehm,newton-cg,10,138.22198684801566,ft3
Boehm,nlopt_11,1,138.2219693003001,ft3
Boehm,nlopt_11,2,138.2219696686266,ft3
Boehm,nlopt_11,3,138.22196919578482,ft3
Boehm,nlopt_11,4,138.22196938784467,ft3
Boehm,nlopt_11,5,138.2219699164105,ft3
Boehm,nlopt_11,6,138.22196955062165,ft3
Boehm,nlopt_11,7,138.2219694757164,ft3
Boehm,nlopt_11,8,138.22196956592666,ft3
Boehm,nlopt_11,9,138.2219691922863,ft3
Boehm,nlopt_11,10,138.22196963597526,ft3
Boehm,nlopt_12,1,138.22197845015663,ft3
Boehm,nlopt_12,2,138.2219806989438,ft3
Boehm,nlopt_12,3,138.221978075613,ft3
Boehm,nlopt_12,4,138.22197813977994,ft3
Boehm,nlopt_12,5,138.22198009674028,ft3
Boehm,nlopt_12,6,138.22197891813906,ft3
Boehm,nlopt_12,7,138.22198037801482,ft3
Boehm,nlopt_12,8,138.22197975139684,ft3
Boehm,nlopt_12,9,138.2219783029799,ft3
Boehm,nlopt_12,10,138.221979195876,ft3
Boehm,nlopt_13,1,138.22196977599174,ft3
Boehm,nlopt_13,2,138.22196926142107,ft3
Boehm,nlopt_13,3,138.2219691936314,ft3
Boehm,nlopt_13,4,138.22196952818567,ft3
Boehm,nlopt_13,5,138.22196958194866,ft3
Boehm,nlopt_13,6,138.2219693258962,ft3
Boehm,nlopt_13,7,138.22196932321458,ft3
Boehm,nlopt_13,8,138.22196971749545,ft3
Boehm,nlopt_13,9,138.22196911464496,ft3
Boehm,nlopt_13,10,138.22196930567324,ft3
Boehm,nlopt_14,1,138.22196916511936,ft3
Boehm,nlopt_14,2,138.22196884973357,ft3
Boehm,nlopt_14,3,138.22196959041648,ft3
Boehm,nlopt_14,4,138.22196888630555,ft3
Boehm,nlopt_14,5,138.22196950762955,ft3
Boehm,nlopt_14,6,138.221969284474,ft3
Boehm,nlopt_14,7,138.22196907678202,ft3
Boehm,nlopt_14,8,138.2219693462245,ft3
Boehm,nlopt_14,9,138.22196927248825,ft3
Boehm,nlopt_14,10,138.22196954696955,ft3
Boehm,nlopt_15,1,138.41528898998465,ft3
Boehm,nlopt_15,2,138.2253683641962,ft3
Boehm,nlopt_15,3,138.26094031262053,ft3
Boehm,nlopt_15,4,138.2445100936499,ft3
Boehm,nlopt_15,5,138.32079421129347,ft3
Boehm,nlopt_15,6,138.27043394856977,ft3
Boehm,nlopt_15,7,138.25753328079864,ft3
Boehm,nlopt_15,8,138.29421054990013,ft3
Boehm,nlopt_15,9,138.25354571449623,ft3
Boehm,nlopt_15,10,138.25152972132176,ft3
Boehm,nlopt_16,1,138.22201777840738,ft3
Boehm,nlopt_16,2,138.2221826506028,ft3
Boehm,nlopt_16,3,138.2220068876871,ft3
Boehm,nlopt_16,4,138.22200518612485,ft3
Boehm,nlopt_16,5,138.22197484254946,ft3
Boehm,nlopt_16,6,138.2220345151651,ft3
Boehm,nlopt_16,7,138.2219797830682,ft3
Boehm,nlopt_16,8,138.22200699262152,ft3
Boehm,nlopt_16,9,138.2219754993085,ft3
Boehm,nlopt_16,10,138.22200359679815,ft3
Boehm,nlopt_18,1,138.2219737863305,ft3
Boehm,nlopt_18,2,138.2219736547703,ft3
Boehm,nlopt_18,3,138.2219737441054,ft3
Boehm,nlopt_18,4,138.22197424695588,ft3
Boehm,nlopt_18,5,138.22197367441814,ft3
Boehm,nlopt_18,6,138.2219736559688,ft3
Boehm,nlopt_18,7,138.2219738212836,ft3
Boehm,nlopt_18,8,138.2219736922297,ft3
Boehm,nlopt_18,9,138.2219738749265,ft3
Boehm,nlopt_18,10,138.22197351196573,ft3
Boehm,nlopt_21,1,138.22197352005665,ft3
Boehm,nlopt_21,2,138.22197084567244,ft3
Boehm,nlopt_21,3,138.22197130853752,ft3
Boehm,nlopt_21,4,138.22197389027494,ft3
Boehm,nlopt_21,5,138.22197121312075,ft3
Boehm,nlopt_21,6,138.2219729049245,ft3
Boehm,nlopt_21,7,138.22197088080875,ft3
Boehm,nlopt_21,8,138.2219726817807,ft3
Boehm,nlopt_21,9,138.22197075987842,ft3
Boehm,nlopt_21,10,138.22197083961663,ft3
Boehm,nlopt_23,1,138.22197467504756,ft3
Boehm,nlopt_23,2,138.22197455667256,ft3
Boehm,nlopt_23,3,138.2219747539804,ft3
Boehm,nlopt_23,4,138.22197465975603,ft3
Boehm,nlopt_23,5,138.22197455953744,ft3
Boehm,nlopt_23,6,138.221974240082,ft3
Boehm,nlopt_23,7,138.22197376197033,ft3
Boehm,nlopt_23,8,138.221974030357,ft3
Boehm,nlopt_23,9,138.22197417063293,ft3
Boehm,nlopt_23,10,138.22197248978483,ft3
Boehm,nlopt_26,1,138.22201625281286,ft3
Boehm,nlopt_26,2,138.22205189830177,ft3
Boehm,nlopt_26,3,138.2220338508813,ft3
Boehm,nlopt_26,4,138.22209910603897,ft3
Boehm,nlopt_26,5,138.2220421385886,ft3
Boehm,nlopt_26,6,138.22209823069755,ft3
Boehm,nlopt_26,7,138.22211653271737,ft3
Boehm,nlopt_26,8,138.2221361613111,ft3
Boehm,nlopt_26,9,138.2221080588373,ft3
Boehm,nlopt_26,10,138.22204470593798,ft3
Boehm,nlopt_28,1,138.22197225354236,ft3
Boehm,nlopt_28,2,138.2219724560988,ft3
Boehm,nlopt_28,3,138.2219722030178,ft3
Boehm,nlopt_28,4,138.2219720651008,ft3
Boehm,nlopt_28,5,138.22197196600206,ft3
Boehm,nlopt_28,6,138.22197209029886,ft3
Boehm,nlopt_28,7,138.22197204134986,ft3
Boehm,nlopt_28,8,138.2219718348046,ft3
Boehm,nlopt_28,9,138.22197205985216,ft3
Boehm,nlopt_28,10,138.22197234336886,ft3
Boehm,nlopt_29,1,138.22197176707925,ft3
Boehm,nlopt_29,2,138.22197101727696,ft3
Boehm,nlopt_29,3,138.22197135144603,ft3
Boehm,nlopt_29,4,138.22197091606557,ft3
Boehm,nlopt_29,5,138.22197157060612,ft3
Boehm,nlopt_29,6,138.22197106943906,ft3
Boehm,nlopt_29,7,138.22197118279882,ft3
Boehm,nlopt_29,8,138.22197116166384,ft3
Boehm,nlopt_29,9,138.2219710433818,ft3
Boehm,nlopt_29,10,138.2219708735783,ft3
Boehm,nlopt_34,1,138.2219740993384,ft3
Boehm,nlopt_34,2,138.22197395054155,ft3
Boehm,nlopt_34,3,138.22197282184146,ft3
Boehm,nlopt_34,4,138.22197353642878,ft3
Boehm,nlopt_34,5,138.22197399603644,ft3
Boehm,nlopt_34,6,138.2219733385484,ft3
Boehm,nlopt_34,7,138.22197279415428,ft3
Boehm,nlopt_34,8,138.22197363996978,ft3
Boehm,nlopt_34,9,138.221973196769,ft3
Boehm,nlopt_34,10,138.221973213466,ft3
Boehm,nlopt_36,1,138.22196894213764,ft3
Boehm,nlopt_36,2,138.22196970110733,ft3
Boehm,nlopt_36,3,138.22196959215947,ft3
Boehm,nlopt_36,4,138.22196939675754,ft3
Boehm,nlopt_36,5,138.2219688781891,ft3
Boehm,nlopt_36,6,138.22196955810114,ft3
Boehm,nlopt_36,7,138.22196940727858,ft3
Boehm,nlopt_36,8,138.22196945261692,ft3
Boehm,nlopt_36,9,138.22196935004862,ft3
Boehm,nlopt_36,10,138.22196920736366,ft3
Boehm,nlopt_37,1,138.22196932656055,ft3
Boehm,nlopt_37,2,138.22196932656055,ft3
Boehm,nlopt_37,3,138.22196954796678,ft3
Boehm,nlopt_37,4,138.22196938968153,ft3
Boehm,nlopt_37,5,138.2219693150903,ft3
Boehm,nlopt_37,6,138.22196919830063,ft3
Boehm,nlopt_37,7,138.22196902362518,ft3
Boehm,nlopt_37,8,138.22196940159887,ft3
Boehm,nlopt_37,9,138.22196955156258,ft3
Boehm,nlopt_37,10,138.22196962878868,ft3
Boehm,nlopt_39,1,138.22197472267587,ft3
Boehm,nlopt_39,2,138.22197415565614,ft3
Boehm,nlopt_39,3,138.22197237591786,ft3
Boehm,nlopt_39,4,138.22197125483495,ft3
Boehm,nlopt_39,5,138.22197421883817,ft3
Boehm,nlopt_39,6,138.221974033513,ft3
Boehm,nlopt_39,7,138.22197438961751,ft3
Boehm,nlopt_39,8,138.22197195809747,ft3
Boehm,nlopt_39,9,138.22197214925296,ft3
Boehm,nlopt_39,10,138.22197440492528,ft3
Boehm,tnc,1,138.22383022361035,ft3
Boehm,tnc,2,138.22393510154646,ft3
Boehm,tnc,3,138.22219077630032,ft3
Boehm,tnc,4,138.22414005275218,ft3
Boehm,tnc,5,138.22695611810553,ft3
Boehm,tnc,6,138.23311974397214,ft3
Boehm,tnc,7,138.23033153301006,ft3
Boehm,tnc,8,138.22374855609982,ft3
Boehm,tnc,9,138.22725359670704,ft3
Boehm,tnc,10,138.22556843878314,ft3
Boehm,trust-krylov,1,138.22200974280037,ft3
Boehm,trust-krylov,2,138.22201129878772,ft3
Boehm,trust-krylov,3,138.22201237983052,ft3
Boehm,trust-krylov,4,138.22201394241125,ft3
Boehm,trust-krylov,5,138.22201685873222,ft3
Boehm,trust-krylov,6,138.22200859829974,ft3
Boehm,trust-krylov,7,138.22201663033158,ft3
Boehm,trust-krylov,8,138.22201172634516,ft3
Boehm,trust-krylov,9,138.2220045453893,ft3
Boehm,trust-krylov,10,138.22201139267378,ft3
Boehm,trust-ncg,1,138.2219975569826,ft3
Boehm,trust-ncg,2,138.22200771878548,ft3
Boehm,trust-ncg,3,138.22200113390767,ft3
Boehm,trust-ncg,4,138.22200033049154,ft3
Boehm,trust-ncg,5,138.22199806674783,ft3
Boehm,trust-ncg,6,138.22200297535807,ft3
Boehm,trust-ncg,7,138.22200448153146,ft3
Boehm,trust-ncg,8,138.22199663737788,ft3
Boehm,trust-ncg,9,138.2219965543255,ft3
Boehm,trust-ncg,10,138.22199776857346,ft3
Borghans,SLSQP,1,-94.3170428988437,ft3
Borghans,SLSQP,2,-96.46034919626119,ft3
Borghans,SLSQP,3,-87.18769370007159,ft3
Borghans,SLSQP,4,-108.9863026337127,ft3
Borghans,SLSQP,5,-96.66396591838188,ft3
Borghans,SLSQP,6,-95.22042906373213,ft3
Borghans,SLSQP,7,-95.40218450112602,ft3
Borghans,SLSQP,8,-95.57971382251483,ft3
Borghans,SLSQP,9,-91.73787105665016,ft3
Borghans,SLSQP,10,-92.09058504508204,ft3
Borghans,COBYLA,1,-59.5428427451392,ft3
Borghans,COBYLA,2,-60.32614640338693,ft3
Borghans,COBYLA,3,-61.07594725880615,ft3
Borghans,COBYLA,4,-60.146393369986136,ft3
Borghans,COBYLA,5,-58.15769050837455,ft3
Borghans,COBYLA,6,-55.552497306074585,ft3
Borghans,COBYLA,7,-58.52853656179601,ft3
Borghans,COBYLA,8,-60.53562873753269,ft3
Borghans,COBYLA,9,-59.782155391777266,ft3
Borghans,COBYLA,10,-63.947881383438784,ft3
Borghans,fides,1,-104.9761182466007,ft3
Borghans,fides,2,-101.21145279902909,ft3
Borghans,fides,3,-112.8551864177004,ft3
Borghans,fides,4,-99.59066439980803,ft3
Borghans,fides,5,-116.18241679457849,ft3
Borghans,fides,6,-100.12290993620955,ft3
Borghans,fides,7,-102.89231799072638,ft3
Borghans,fides,8,-103.41296037374006,ft3
Borghans,fides,9,-103.50990329614578,ft3
Borghans,fides,10,-109.63398451335895,ft3
Borghans,BFGS,1,-61.3449863132126,ft3
Borghans,BFGS,2,-61.05874022228823,ft3
Borghans,BFGS,3,-61.009292259313824,ft3
Borghans,BFGS,4,-58.76775968062814,ft3
Borghans,BFGS,5,-60.58781650094251,ft3
Borghans,BFGS,6,-59.491767152506505,ft3
Borghans,BFGS,7,-60.411593102137424,ft3
Borghans,BFGS,8,-60.18765006673416,ft3
Borghans,BFGS,9,-69.705998122573,ft3
Borghans,BFGS,10,-58.029925645025514,ft3
Borghans,dogleg,1,-51.0562651160323,ft3
Borghans,dogleg,2,-51.12670026371583,ft3
Borghans,dogleg,3,-51.10130278063058,ft3
Borghans,dogleg,4,-51.21124349031999,ft3
Borghans,dogleg,5,-51.77972490040645,ft3
Borghans,dogleg,6,-51.16042743387385,ft3
Borghans,dogleg,7,-50.90398957342358,ft3
Borghans,dogleg,8,-51.60993721728338,ft3
Borghans,dogleg,9,-50.70809722951622,ft3
Borghans,dogleg,10,-50.82127282515447,ft3
Borghans,ipopt,1,-93.14691994796021,ft3
Borghans,ipopt,2,-92.22623589989367,ft3
Borghans,ipopt,3,-86.5104027119172,ft3
Borghans,ipopt,4,-83.45462688862509,ft3
Borghans,ipopt,5,-90.40486015508904,ft3
Borghans,ipopt,6,-90.35261688034343,ft3
Borghans,ipopt,7,-87.71068492538109,ft3
Borghans,ipopt,8,-86.12337348124143,ft3
Borghans,ipopt,9,-89.49241845503107,ft3
Borghans,ipopt,10,-108.55331564911003,ft3
Borghans,cmaes,1,-103.17328563915122,ft3
Borghans,cmaes,2,-94.65070510972402,ft3
Borghans,cmaes,3,-129.94523165474516,ft3
Borghans,cmaes,4,-95.85263170306642,ft3
Borghans,cmaes,5,-101.12810364294174,ft3
Borghans,cmaes,6,-97.27772305929365,ft3
Borghans,cmaes,7,-98.08074385772815,ft3
Borghans,cmaes,8,-101.95320526815348,ft3
Borghans,cmaes,9,-105.96464725682827,ft3
Borghans,cmaes,10,-98.29110954628057,ft3
Borghans,pyswarm,1,-58.95624155821179,ft3
Borghans,pyswarm,2,-57.766009085665964,ft3
Borghans,pyswarm,3,-61.889931414516965,ft3
Borghans,pyswarm,4,-59.11885071271609,ft3
Borghans,pyswarm,5,-60.31431365374213,ft3
Borghans,pyswarm,6,-59.93166232228457,ft3
Borghans,pyswarm,7,-59.89398473532098,ft3
Borghans,pyswarm,8,-60.905853705710115,ft3
Borghans,pyswarm,9,-60.50549982794124,ft3
Borghans,pyswarm,10,-59.290614894900706,ft3
Borghans,L-BFGS-B,1,-95.2125683363347,ft3
Borghans,L-BFGS-B,2,-70.25078976104277,ft3
Borghans,L-BFGS-B,3,-63.11079915003182,ft3
Borghans,L-BFGS-B,4,-62.80191852808061,ft3
Borghans,L-BFGS-B,5,-64.36298195705129,ft3
Borghans,L-BFGS-B,6,-87.40775407777218,ft3
Borghans,L-BFGS-B,7,-63.14532760985795,ft3
Borghans,L-BFGS-B,8,-63.14725546217627,ft3
Borghans,L-BFGS-B,9,-82.08572503133044,ft3
Borghans,L-BFGS-B,10,-62.35984672540463,ft3
Borghans,Nelder-Mead,1,-60.577109693184944,ft3
Borghans,Nelder-Mead,2,-70.54503524261634,ft3
Borghans,Nelder-Mead,3,-59.99857101664931,ft3
Borghans,Nelder-Mead,4,-59.10109607067835,ft3
Borghans,Nelder-Mead,5,-60.85097420270177,ft3
Borghans,Nelder-Mead,6,-62.38280080517794,ft3
Borghans,Nelder-Mead,7,-66.7527605392832,ft3
Borghans,Nelder-Mead,8,-75.9331070503522,ft3
Borghans,Nelder-Mead,9,-58.7855186959846,ft3
Borghans,Nelder-Mead,10,-59.88191579641125,ft3
Borghans,cg,1,-59.37467757789115,ft3
Borghans,cg,2,-60.4725207374649,ft3
Borghans,cg,3,-61.72325676486627,ft3
Borghans,cg,4,-62.255936072429904,ft3
Borghans,cg,5,-62.78213963250975,ft3
Borghans,cg,6,-58.76296332825105,ft3
Borghans,cg,7,-61.96835499209266,ft3
Borghans,cg,8,-62.271570615755564,ft3
Borghans,cg,9,-63.34876177651824,ft3
Borghans,cg,10,-64.43052524502762,ft3
Borghans,newton-cg,1,-81.61755873746652,ft3
Borghans,newton-cg,2,-62.54899939249288,ft3
Borghans,newton-cg,3,-76.3162271542933,ft3
Borghans,newton-cg,4,-62.796668262721475,ft3
Borghans,newton-cg,5,-62.00163811442589,ft3
Borghans,newton-cg,6,-84.4573159795492,ft3
Borghans,newton-cg,7,-62.17529628275954,ft3
Borghans,newton-cg,8,-93.14596869644642,ft3
Borghans,newton-cg,9,-81.64121881916816,ft3
Borghans,newton-cg,10,-62.91191683617668,ft3
Borghans,nlopt_11,1,-65.36763993146309,ft3
Borghans,nlopt_11,2,-85.53136900235884,ft3
Borghans,nlopt_11,3,-94.36688924957315,ft3
Borghans,nlopt_11,4,-93.50744334666157,ft3
Borghans,nlopt_11,5,-88.47065093971489,ft3
Borghans,nlopt_11,6,-92.48462516379577,ft3
Borghans,nlopt_11,7,-97.90200685532027,ft3
Borghans,nlopt_11,8,-68.01198337874735,ft3
Borghans,nlopt_11,9,-79.10904891465104,ft3
Borghans,nlopt_11,10,-92.09132652379432,ft3
Borghans,nlopt_12,1,-63.81831976514529,ft3
Borghans,nlopt_12,2,-63.42597447136064,ft3
Borghans,nlopt_12,3,-63.328673857174756,ft3
Borghans,nlopt_12,4,-63.15058724422031,ft3
Borghans,nlopt_12,5,-63.132517011877546,ft3
Borghans,nlopt_12,6,-63.15009783518505,ft3
Borghans,nlopt_12,7,-64.76532290686997,ft3
Borghans,nlopt_12,8,-63.72778445706974,ft3
Borghans,nlopt_12,9,-69.73088322612176,ft3
Borghans,nlopt_12,10,-80.59011287057746,ft3
Borghans,nlopt_13,1,-63.60706557256074,ft3
Borghans,nlopt_13,2,-64.43906432739237,ft3
Borghans,nlopt_13,3,-88.53880980699996,ft3
Borghans,nlopt_13,4,-86.36590676808557,ft3
Borghans,nlopt_13,5,-63.11424024071124,ft3
Borghans,nlopt_13,6,-85.95019059956302,ft3
Borghans,nlopt_13,7,-95.3659655656056,ft3
Borghans,nlopt_13,8,-80.28251230445369,ft3
Borghans,nlopt_13,9,-82.21292812771837,ft3
Borghans,nlopt_13,10,-64.72090033654426,ft3
Borghans,nlopt_14,1,-88.65750844792952,ft3
Borghans,nlopt_14,2,-79.1963478330003,ft3
Borghans,nlopt_14,3,-88.32023854835839,ft3
Borghans,nlopt_14,4,-66.75304081157401,ft3
Borghans,nlopt_14,5,-63.725634795846446,ft3
Borghans,nlopt_14,6,-88.74663828708893,ft3
Borghans,nlopt_14,7,-76.78974305945839,ft3
Borghans,nlopt_14,8,-99.18472480568825,ft3
Borghans,nlopt_14,9,-72.38514598634575,ft3
Borghans,nlopt_14,10,-73.70560343712461,ft3
Borghans,nlopt_15,1,-61.58355898501479,ft3
Borghans,nlopt_15,2,-62.52655217555782,ft3
Borghans,nlopt_15,3,-63.243867005318066,ft3
Borghans,nlopt_15,4,-62.681759704341246,ft3
Borghans,nlopt_15,5,-61.68602456918735,ft3
Borghans,nlopt_15,6,-63.12174294126566,ft3
Borghans,nlopt_15,7,-61.33571373934048,ft3
Borghans,nlopt_15,8,-63.72023259424654,ft3
Borghans,nlopt_15,9,-62.34923426736731,ft3
Borghans,nlopt_15,10,-63.91000725115434,ft3
Borghans,nlopt_16,1,-61.40706433250007,ft3
Borghans,nlopt_16,2,-63.779475692555835,ft3
Borghans,nlopt_16,3,-63.14890763167424,ft3
Borghans,nlopt_16,4,-65.80906659943538,ft3
Borghans,nlopt_16,5,-61.411009464674486,ft3
Borghans,nlopt_16,6,-63.15099320105461,ft3
Borghans,nlopt_16,7,-62.463099541880844,ft3
Borghans,nlopt_16,8,-63.394903585186526,ft3
Borghans,nlopt_16,9,-63.23451053744738,ft3
Borghans,nlopt_16,10,-87.49651679519968,ft3
Borghans,nlopt_18,1,-60.83330667199486,ft3
Borghans,nlopt_18,2,-62.810917937544346,ft3
Borghans,nlopt_18,3,-59.515664324919726,ft3
Borghans,nlopt_18,4,-54.31346361692927,ft3
Borghans,nlopt_18,5,-60.845960479163885,ft3
Borghans,nlopt_18,6,-60.83329442643288,ft3
Borghans,nlopt_18,7,-62.179561303512365,ft3
Borghans,nlopt_18,8,-63.26567563173852,ft3
Borghans,nlopt_18,9,-58.46202901557584,ft3
Borghans,nlopt_18,10,-61.841073246877805,ft3
Borghans,nlopt_21,1,-77.81579621041095,ft3
Borghans,nlopt_21,2,-97.03375568886707,ft3
Borghans,nlopt_21,3,-83.60667135671602,ft3
Borghans,nlopt_21,4,-64.37003271697638,ft3
Borghans,nlopt_21,5,-64.38268993538611,ft3
Borghans,nlopt_21,6,-71.01557226721054,ft3
Borghans,nlopt_21,7,-63.14692665651551,ft3
Borghans,nlopt_21,8,-62.34347496109045,ft3
Borghans,nlopt_21,9,-67.9349813419259,ft3
Borghans,nlopt_21,10,-63.31458461786258,ft3
Borghans,nlopt_23,1,-79.49819002994502,ft3
Borghans,nlopt_23,2,-65.86704912465198,ft3
Borghans,nlopt_23,3,-63.69654915892293,ft3
Borghans,nlopt_23,4,-74.114362511834,ft3
Borghans,nlopt_23,5,-85.11099133027716,ft3
Borghans,nlopt_23,6,-64.51020546056306,ft3
Borghans,nlopt_23,7,-61.35355492957405,ft3
Borghans,nlopt_23,8,-63.72913944587411,ft3
Borghans,nlopt_23,9,-64.59863275568857,ft3
Borghans,nlopt_23,10,-62.19542300038445,ft3
Borghans,nlopt_26,1,-54.37923917069327,ft3
Borghans,nlopt_26,2,-54.3476347579183,ft3
Borghans,nlopt_26,3,-54.3795616009759,ft3
Borghans,nlopt_26,4,-59.44466350059366,ft3
Borghans,nlopt_26,5,-54.37955210269611,ft3
Borghans,nlopt_26,6,-54.379755298954635,ft3
Borghans,nlopt_26,7,-54.379741450941424,ft3
Borghans,nlopt_26,8,-54.37935667684612,ft3
Borghans,nlopt_26,9,-61.27522730458876,ft3
Borghans,nlopt_26,10,-57.48350117977158,ft3
Borghans,nlopt_28,1,-72.8649058381311,ft3
Borghans,nlopt_28,2,-67.33216192371283,ft3
Borghans,nlopt_28,3,-74.99121120931918,ft3
Borghans,nlopt_28,4,-79.30929862330873,ft3
Borghans,nlopt_28,5,-76.51997072451448,ft3
Borghans,nlopt_28,6,-87.16164121568673,ft3
Borghans,nlopt_28,7,-91.33957824177614,ft3
Borghans,nlopt_28,8,-81.59610626961346,ft3
Borghans,nlopt_28,9,-79.01517798027483,ft3
Borghans,nlopt_28,10,-84.2649363650987,ft3
Borghans,nlopt_29,1,-65.28371735362136,ft3
Borghans,nlopt_29,2,-66.43253983676097,ft3
Borghans,nlopt_29,3,-71.07951357821126,ft3
Borghans,nlopt_29,4,-89.89693243765554,ft3
Borghans,nlopt_29,5,-70.40534052027834,ft3
Borghans,nlopt_29,6,-63.150058356943234,ft3
Borghans,nlopt_29,7,-81.58047424431071,ft3
Borghans,nlopt_29,8,-67.64054893506119,ft3
Borghans,nlopt_29,9,-62.53412007367562,ft3
Borghans,nlopt_29,10,-71.31435382330031,ft3
Borghans,nlopt_34,1,-54.3764492431962,ft3
Borghans,nlopt_34,2,-54.37385639538031,ft3
Borghans,nlopt_34,3,-55.43197516461563,ft3
Borghans,nlopt_34,4,-54.30541860084075,ft3
Borghans,nlopt_34,5,-60.36098023481362,ft3
Borghans,nlopt_34,6,-54.30648002608747,ft3
Borghans,nlopt_34,7,-54.36594016455151,ft3
Borghans,nlopt_34,8,-54.30650678244973,ft3
Borghans,nlopt_34,9,-60.77371016351361,ft3
Borghans,nlopt_34,10,-52.47000586685387,ft3
Borghans,nlopt_36,1,-88.8717958347265,ft3
Borghans,nlopt_36,2,-81.0789532817121,ft3
Borghans,nlopt_36,3,-85.78808982254155,ft3
Borghans,nlopt_36,4,-86.48868832366404,ft3
Borghans,nlopt_36,5,-63.87708938151123,ft3
Borghans,nlopt_36,6,-87.98918527441582,ft3
Borghans,nlopt_36,7,-84.38956542327864,ft3
Borghans,nlopt_36,8,-76.95716745976708,ft3
Borghans,nlopt_36,9,-88.88538596755144,ft3
Borghans,nlopt_36,10,-64.88066395389416,ft3
Borghans,nlopt_37,1,-73.99199523989685,ft3
Borghans,nlopt_37,2,-88.56048511749009,ft3
Borghans,nlopt_37,3,-73.2706773997774,ft3
Borghans,nlopt_37,4,-88.79477903015578,ft3
Borghans,nlopt_37,5,-93.34684307952367,ft3
Borghans,nlopt_37,6,-95.2405797326689,ft3
Borghans,nlopt_37,7,-87.43331510673191,ft3
Borghans,nlopt_37,8,-64.29066994183012,ft3
Borghans,nlopt_37,9,-69.47503378052407,ft3
Borghans,nlopt_37,10,-84.8522264362606,ft3
Borghans,nlopt_39,1,-62.70694552058306,ft3
Borghans,nlopt_39,2,-63.49030876542611,ft3
Borghans,nlopt_39,3,-63.93473431005371,ft3
Borghans,nlopt_39,4,-63.73371809740592,ft3
Borghans,nlopt_39,5,-63.2460250477521,ft3
Borghans,nlopt_39,6,-62.89866089676177,ft3
Borghans,nlopt_39,7,-62.49208006573924,ft3
Borghans,nlopt_39,8,-63.5371362499775,ft3
Borghans,nlopt_39,9,-63.14332957473762,ft3
Borghans,nlopt_39,10,-62.44096365563978,ft3
Borghans,tnc,1,-63.0353241011719,ft3
Borghans,tnc,2,-66.71048471526066,ft3
Borghans,tnc,3,-63.054322284106924,ft3
Borghans,tnc,4,-60.99710442370865,ft3
Borghans,tnc,5,-63.154161931798996,ft3
Borghans,tnc,6,-80.90929913932615,ft3
Borghans,tnc,7,-59.9371919873227,ft3
Borghans,tnc,8,-61.789550819482564,ft3
Borghans,tnc,9,-60.5177543005951,ft3
Borghans,tnc,10,-61.80061069849872,ft3
Borghans,trust-krylov,1,-63.14843856333845,ft3
Borghans,trust-krylov,2,-61.66404551037593,ft3
Borghans,trust-krylov,3,-62.114147078038705,ft3
Borghans,trust-krylov,4,-63.01082596005846,ft3
Borghans,trust-krylov,5,-61.3704296716085,ft3
Borghans,trust-krylov,6,-61.1786741990991,ft3
Borghans,trust-krylov,7,-62.96846497509437,ft3
Borghans,trust-krylov,8,-61.699237034555466,ft3
Borghans,trust-krylov,9,-62.41997724155445,ft3
Borghans,trust-krylov,10,-61.809342038324424,ft3
Borghans,trust-ncg,1,-54.30646419684555,ft3
Borghans,trust-ncg,2,-54.306470259964115,ft3
Borghans,trust-ncg,3,-54.30645608859482,ft3
Borghans,trust-ncg,4,-54.30651354481016,ft3
Borghans,trust-ncg,5,-55.503943278822945,ft3
Borghans,trust-ncg,6,-54.30648381245129,ft3
Borghans,trust-ncg,7,-56.00544691405348,ft3
Borghans,trust-ncg,8,-58.99800654083716,ft3
Borghans,trust-ncg,9,-55.70261607736741,ft3
Borghans,trust-ncg,10,-54.30650009456281,ft3
Brannmark,SLSQP,1,142.28238924713958,ft3
Brannmark,SLSQP,2,142.29698678599956,ft3
Brannmark,SLSQP,3,142.32037231260512,ft3
Brannmark,SLSQP,4,142.6856322750764,ft3
Brannmark,SLSQP,5,142.88083259215892,ft3
Brannmark,SLSQP,6,141.97417402829524,ft3
Brannmark,SLSQP,7,142.494229957586,ft3
Brannmark,SLSQP,8,142.69640909965256,ft3
Brannmark,SLSQP,9,142.6489112237888,ft3
Brannmark,SLSQP,10,142.39467142980533,ft3
Brannmark,COBYLA,1,170.09539063924498,ft3
Brannmark,COBYLA,2,167.33433594945947,ft3
Brannmark,COBYLA,3,155.1302383415273,ft3
Brannmark,COBYLA,4,162.38021629228737,ft3
Brannmark,COBYLA,5,160.42032230325952,ft3
Brannmark,COBYLA,6,164.4214625542086,ft3
Brannmark,COBYLA,7,169.68149697080884,ft3
Brannmark,COBYLA,8,165.8218494572351,ft3
Brannmark,COBYLA,9,165.47646301018827,ft3
Brannmark,COBYLA,10,156.63050767278528,ft3
Brannmark,fides,1,141.82918310415553,ft3
Brannmark,fides,2,141.82819892802533,ft3
Brannmark,fides,3,141.8284647297504,ft3
Brannmark,fides,4,141.8268305426658,ft3
Brannmark,fides,5,141.82532657034852,ft3
Brannmark,fides,6,141.84243510561015,ft3
Brannmark,fides,7,141.8376387592873,ft3
Brannmark,fides,8,141.8256265201889,ft3
Brannmark,fides,9,141.82639421360523,ft3
Brannmark,fides,10,141.84887030168113,ft3
Brannmark,BFGS,1,142.21344881602684,ft3
Brannmark,BFGS,2,142.32546726999317,ft3
Brannmark,BFGS,3,143.59430626380095,ft3
Brannmark,BFGS,4,148.69238173232338,ft3
Brannmark,BFGS,5,147.51977152604235,ft3
Brannmark,BFGS,6,148.91693371908275,ft3
Brannmark,BFGS,7,146.75874400538947,ft3
Brannmark,BFGS,8,143.93596850813842,ft3
Brannmark,BFGS,9,143.5511319576089,ft3
Brannmark,BFGS,10,142.8517858430581,ft3
Brannmark,dogleg,1,222.9983868426732,ft3
Brannmark,dogleg,2,204.81131784248012,ft3
Brannmark,dogleg,3,208.56198004855418,ft3
Brannmark,dogleg,4,194.48890001393715,ft3
Brannmark,dogleg,5,227.43371767399628,ft3
Brannmark,dogleg,6,209.95462639372127,ft3
Brannmark,dogleg,7,224.95307357705565,ft3
Brannmark,dogleg,8,255.79041605693925,ft3
Brannmark,dogleg,9,196.2850251999571,ft3
Brannmark,dogleg,10,232.57347107475078,ft3
Brannmark,ipopt,1,143.63440536482688,ft3
Brannmark,ipopt,2,142.6960523415612,ft3
Brannmark,ipopt,3,142.35521363907577,ft3
Brannmark,ipopt,4,142.9974961309127,ft3
Brannmark,ipopt,5,142.5803019554218,ft3
Brannmark,ipopt,6,143.31578571261778,ft3
Brannmark,ipopt,7,142.69198019670193,ft3
Brannmark,ipopt,8,142.42510719184426,ft3
Brannmark,ipopt,9,142.7057202759094,ft3
Brannmark,ipopt,10,143.170917227773,ft3
Brannmark,cmaes,1,141.82523780918999,ft3
Brannmark,cmaes,2,141.82496595825103,ft3
Brannmark,cmaes,3,142.226985326832,ft3
Brannmark,cmaes,4,142.2689107814894,ft3
Brannmark,cmaes,5,141.88930660613798,ft3
Brannmark,cmaes,6,141.82610550716032,ft3
Brannmark,cmaes,7,141.82634012597396,ft3
Brannmark,cmaes,8,141.88934822890064,ft3
Brannmark,cmaes,9,141.82485601952524,ft3
Brannmark,cmaes,10,142.22701327848847,ft3
Brannmark,pyswarm,1,195.582454527071,ft3
Brannmark,pyswarm,2,189.83043252978172,ft3
Brannmark,pyswarm,3,182.98160153636928,ft3
Brannmark,pyswarm,4,190.3336469256794,ft3
Brannmark,pyswarm,5,193.65539240274046,ft3
Brannmark,pyswarm,6,199.50044770350326,ft3
Brannmark,pyswarm,7,193.41484464372985,ft3
Brannmark,pyswarm,8,192.78621897153772,ft3
Brannmark,pyswarm,9,186.88746158663537,ft3
Brannmark,pyswarm,10,187.5023760669636,ft3
Brannmark,L-BFGS-B,1,142.3189190731556,ft3
Brannmark,L-BFGS-B,2,143.70682179241842,ft3
Brannmark,L-BFGS-B,3,143.68757079292791,ft3
Brannmark,L-BFGS-B,4,142.70673551194585,ft3
Brannmark,L-BFGS-B,5,143.43107600884287,ft3
Brannmark,L-BFGS-B,6,143.46145472852317,ft3
Brannmark,L-BFGS-B,7,142.8461115280142,ft3
Brannmark,L-BFGS-B,8,142.71932506030464,ft3
Brannmark,L-BFGS-B,9,141.94281529930782,ft3
Brannmark,L-BFGS-B,10,144.34641505046835,ft3
Brannmark,Nelder-Mead,1,163.2511485794654,ft3
Brannmark,Nelder-Mead,2,164.82971643379926,ft3
Brannmark,Nelder-Mead,3,170.29416297166063,ft3
Brannmark,Nelder-Mead,4,165.0287192714416,ft3
Brannmark,Nelder-Mead,5,169.73208796223923,ft3
Brannmark,Nelder-Mead,6,167.62696417141646,ft3
Brannmark,Nelder-Mead,7,161.80585869536262,ft3
Brannmark,Nelder-Mead,8,167.97395007702764,ft3
Brannmark,Nelder-Mead,9,167.8868964588133,ft3
Brannmark,Nelder-Mead,10,159.28708393160724,ft3
Brannmark,cg,1,149.5087702477899,ft3
Brannmark,cg,2,144.62773253361493,ft3
Brannmark,cg,3,144.6178215442455,ft3
Brannmark,cg,4,144.07228254491332,ft3
Brannmark,cg,5,147.86322959144027,ft3
Brannmark,cg,6,144.38881665436796,ft3
Brannmark,cg,7,149.12394613139355,ft3
Brannmark,cg,8,145.22223448870147,ft3
Brannmark,cg,9,145.49609029086332,ft3
Brannmark,cg,10,145.1658528973565,ft3
Brannmark,newton-cg,1,182.55546244927433,ft3
Brannmark,newton-cg,2,151.9890302688565,ft3
Brannmark,newton-cg,3,178.12403539289303,ft3
Brannmark,newton-cg,4,186.89057847858578,ft3
Brannmark,newton-cg,5,174.8563769919864,ft3
Brannmark,newton-cg,6,193.23200552738888,ft3
Brannmark,newton-cg,7,182.91418760904446,ft3
Brannmark,newton-cg,8,182.95397227385223,ft3
Brannmark,newton-cg,9,171.0444929020053,ft3
Brannmark,newton-cg,10,187.71038116924552,ft3
Brannmark,nlopt_11,1,141.88935378506,ft3
Brannmark,nlopt_11,2,142.21275604660678,ft3
Brannmark,nlopt_11,3,142.57170298227572,ft3
Brannmark,nlopt_11,4,142.2507203920984,ft3
Brannmark,nlopt_11,5,141.88918304255034,ft3
Brannmark,nlopt_11,6,142.2294018542729,ft3
Brannmark,nlopt_11,7,141.8431312689528,ft3
Brannmark,nlopt_11,8,141.8892256638186,ft3
Brannmark,nlopt_11,9,142.4430692654648,ft3
Brannmark,nlopt_11,10,142.23240950457944,ft3
Brannmark,nlopt_12,1,144.41097842870366,ft3
Brannmark,nlopt_12,2,144.47609902266512,ft3
Brannmark,nlopt_12,3,144.3540348543061,ft3
Brannmark,nlopt_12,4,143.6517256959172,ft3
Brannmark,nlopt_12,5,145.68519254606576,ft3
Brannmark,nlopt_12,6,143.6753751769648,ft3
Brannmark,nlopt_12,7,142.87098140017952,ft3
Brannmark,nlopt_12,8,142.70219260543942,ft3
Brannmark,nlopt_12,9,142.23732803290324,ft3
Brannmark,nlopt_12,10,146.95819216850657,ft3
Brannmark,nlopt_13,1,143.3087918366404,ft3
Brannmark,nlopt_13,2,143.14521500981195,ft3
Brannmark,nlopt_13,3,143.14521500981195,ft3
Brannmark,nlopt_13,4,142.6101448645075,ft3
Brannmark,nlopt_13,5,143.3473919601227,ft3
Brannmark,nlopt_13,6,141.88919787954694,ft3
Brannmark,nlopt_13,7,143.84457261297374,ft3
Brannmark,nlopt_13,8,142.22294683931096,ft3
Brannmark,nlopt_13,9,142.80779996284997,ft3
Brannmark,nlopt_13,10,142.3648183129999,ft3
Brannmark,nlopt_14,1,143.07668566162354,ft3
Brannmark,nlopt_14,2,142.6987676173503,ft3
Brannmark,nlopt_14,3,141.88924568697274,ft3
Brannmark,nlopt_14,4,142.42624105862163,ft3
Brannmark,nlopt_14,5,143.3715398725712,ft3
Brannmark,nlopt_14,6,143.6013882651205,ft3
Brannmark,nlopt_14,7,142.22733403867852,ft3
Brannmark,nlopt_14,8,143.66936251105335,ft3
Brannmark,nlopt_14,9,142.41575935591038,ft3
Brannmark,nlopt_14,10,143.6713484753129,ft3
Brannmark,nlopt_15,1,167.54516260573263,ft3
Brannmark,nlopt_15,2,152.57186404077783,ft3
Brannmark,nlopt_15,3,158.65184114873807,ft3
Brannmark,nlopt_15,4,165.63115102526598,ft3
Brannmark,nlopt_15,5,173.74805588332993,ft3
Brannmark,nlopt_15,6,170.98260100827252,ft3
Brannmark,nlopt_15,7,152.82617762887176,ft3
Brannmark,nlopt_15,8,162.22765906235216,ft3
Brannmark,nlopt_15,9,148.7177514238246,ft3
Brannmark,nlopt_15,10,154.4313993623856,ft3
Brannmark,nlopt_16,1,150.63940984738,ft3
Brannmark,nlopt_16,2,150.8943241546391,ft3
Brannmark,nlopt_16,3,144.403163367869,ft3
Brannmark,nlopt_16,4,150.6668185248467,ft3
Brannmark,nlopt_16,5,146.39857661508836,ft3
Brannmark,nlopt_16,6,149.4948129819199,ft3
Brannmark,nlopt_16,7,160.00305090613492,ft3
Brannmark,nlopt_16,8,145.3700576779816,ft3
Brannmark,nlopt_16,9,149.50174228388346,ft3
Brannmark,nlopt_16,10,147.77796279479008,ft3
Brannmark,nlopt_18,1,144.40785862256575,ft3
Brannmark,nlopt_18,2,144.37143614196629,ft3
Brannmark,nlopt_18,3,144.615241024387,ft3
Brannmark,nlopt_18,4,144.50753742335135,ft3
Brannmark,nlopt_18,5,144.05934025023134,ft3
Brannmark,nlopt_18,6,144.02935991328832,ft3
Brannmark,nlopt_18,7,143.35371024124217,ft3
Brannmark,nlopt_18,8,143.66816458863372,ft3
Brannmark,nlopt_18,9,143.38399163357596,ft3
Brannmark,nlopt_18,10,143.73982025068426,ft3
Brannmark,nlopt_21,1,143.71622683081515,ft3
Brannmark,nlopt_21,2,143.76067929444557,ft3
Brannmark,nlopt_21,3,142.85910216287286,ft3
Brannmark,nlopt_21,4,143.66432401466443,ft3
Brannmark,nlopt_21,5,142.19396042419848,ft3
Brannmark,nlopt_21,6,143.68227572335286,ft3
Brannmark,nlopt_21,7,142.78289143456232,ft3
Brannmark,nlopt_21,8,142.34291443801226,ft3
Brannmark,nlopt_21,9,143.7108437782899,ft3
Brannmark,nlopt_21,10,142.30843832012306,ft3
Brannmark,nlopt_23,1,149.14059721361866,ft3
Brannmark,nlopt_23,2,149.14059721361866,ft3
Brannmark,nlopt_23,3,149.14059721361866,ft3
Brannmark,nlopt_23,4,144.1239442846479,ft3
Brannmark,nlopt_23,5,149.14059721361866,ft3
Brannmark,nlopt_23,6,142.29708588892566,ft3
Brannmark,nlopt_23,7,147.43941726996965,ft3
Brannmark,nlopt_23,8,149.14059721361866,ft3
Brannmark,nlopt_23,9,149.14059721361866,ft3
Brannmark,nlopt_23,10,149.14059721361866,ft3
Brannmark,nlopt_26,1,143.6689285037325,ft3
Brannmark,nlopt_26,2,143.632657883587,ft3
Brannmark,nlopt_26,3,143.63411642851423,ft3
Brannmark,nlopt_26,4,143.68384264293934,ft3
Brannmark,nlopt_26,5,144.4060441676607,ft3
Brannmark,nlopt_26,6,144.59447355279096,ft3
Brannmark,nlopt_26,7,142.57644297087052,ft3
Brannmark,nlopt_26,8,142.3248574770306,ft3
Brannmark,nlopt_26,9,143.64668808259148,ft3
Brannmark,nlopt_26,10,144.20456804997815,ft3
Brannmark,nlopt_28,1,151.9379918464378,ft3
Brannmark,nlopt_28,2,153.77333519367906,ft3
Brannmark,nlopt_28,3,159.72848099224387,ft3
Brannmark,nlopt_28,4,153.66149248879054,ft3
Brannmark,nlopt_28,5,154.5156267046362,ft3
Brannmark,nlopt_28,6,153.89999225220177,ft3
Brannmark,nlopt_28,7,158.48369538609018,ft3
Brannmark,nlopt_28,8,153.42236163098912,ft3
Brannmark,nlopt_28,9,153.70532562161824,ft3
Brannmark,nlopt_28,10,149.17111824876702,ft3
Brannmark,nlopt_29,1,144.67582084466636,ft3
Brannmark,nlopt_29,2,144.55809246648573,ft3
Brannmark,nlopt_29,3,143.39477320907193,ft3
Brannmark,nlopt_29,4,144.11528671993486,ft3
Brannmark,nlopt_29,5,144.08076297564963,ft3
Brannmark,nlopt_29,6,144.18931458470024,ft3
Brannmark,nlopt_29,7,143.7147092121188,ft3
Brannmark,nlopt_29,8,142.85196983710085,ft3
Brannmark,nlopt_29,9,144.58840738122672,ft3
Brannmark,nlopt_29,10,144.44088131347968,ft3
Brannmark,nlopt_34,1,152.35435652456036,ft3
Brannmark,nlopt_34,2,151.9315016195511,ft3
Brannmark,nlopt_34,3,182.60695077170158,ft3
Brannmark,nlopt_34,4,149.8099440918453,ft3
Brannmark,nlopt_34,5,172.31143284975747,ft3
Brannmark,nlopt_34,6,149.50281325753426,ft3
Brannmark,nlopt_34,7,144.41123254129832,ft3
Brannmark,nlopt_34,8,152.00171014267866,ft3
Brannmark,nlopt_34,9,144.33305125899292,ft3
Brannmark,nlopt_34,10,152.0860847717185,ft3
Brannmark,nlopt_36,1,142.14729722247955,ft3
Brannmark,nlopt_36,2,142.8415602630068,ft3
Brannmark,nlopt_36,3,142.17731523233118,ft3
Brannmark,nlopt_36,4,142.58630503965958,ft3
Brannmark,nlopt_36,5,142.29498354308777,ft3
Brannmark,nlopt_36,6,142.72216227890402,ft3
Brannmark,nlopt_36,7,142.2057843312256,ft3
Brannmark,nlopt_36,8,142.22112391529362,ft3
Brannmark,nlopt_36,9,141.89064692449256,ft3
Brannmark,nlopt_36,10,142.20389803675656,ft3
Brannmark,nlopt_37,1,143.28657916771596,ft3
Brannmark,nlopt_37,2,142.2864065555961,ft3
Brannmark,nlopt_37,3,142.7019120840254,ft3
Brannmark,nlopt_37,4,142.2126512031102,ft3
Brannmark,nlopt_37,5,142.26889152210083,ft3
Brannmark,nlopt_37,6,142.28071175914664,ft3
Brannmark,nlopt_37,7,141.88954871090635,ft3
Brannmark,nlopt_37,8,142.57035325071442,ft3
Brannmark,nlopt_37,9,141.82649982295683,ft3
Brannmark,nlopt_37,10,142.29415693309755,ft3
Brannmark,nlopt_39,1,149.14059721361866,ft3
Brannmark,nlopt_39,2,143.16868477628833,ft3
Brannmark,nlopt_39,3,149.14059721361866,ft3
Brannmark,nlopt_39,4,149.14059721361866,ft3
Brannmark,nlopt_39,5,145.79834426710445,ft3
Brannmark,nlopt_39,6,149.14059721361866,ft3
Brannmark,nlopt_39,7,149.14059721361866,ft3
Brannmark,nlopt_39,8,149.14059721361866,ft3
Brannmark,nlopt_39,9,149.14059721361866,ft3
Brannmark,nlopt_39,10,144.56423734872828,ft3
Brannmark,tnc,1,154.81054563647857,ft3
Brannmark,tnc,2,167.34917090236019,ft3
Brannmark,tnc,3,158.5350928301238,ft3
Brannmark,tnc,4,162.49504108392577,ft3
Brannmark,tnc,5,160.99922806340163,ft3
Brannmark,tnc,6,162.92712567476852,ft3
Brannmark,tnc,7,158.1380715661679,ft3
Brannmark,tnc,8,162.89199482123092,ft3
Brannmark,tnc,9,159.15657385505983,ft3
Brannmark,tnc,10,156.35626893824872,ft3
Brannmark,trust-krylov,1,141.97599753011082,ft3
Brannmark,trust-krylov,2,143.66961565855544,ft3
Brannmark,trust-krylov,3,142.7310167475393,ft3
Brannmark,trust-krylov,4,142.31493161779923,ft3
Brannmark,trust-krylov,5,143.84429122885336,ft3
Brannmark,trust-krylov,6,141.96655618725833,ft3
Brannmark,trust-krylov,7,142.21410604142852,ft3
Brannmark,trust-krylov,8,142.2213650158837,ft3
Brannmark,trust-krylov,9,143.165281766362,ft3
Brannmark,trust-krylov,10,142.50483995546696,ft3
Brannmark,trust-ncg,1,143.25667072942682,ft3
Brannmark,trust-ncg,2,143.43170303846898,ft3
Brannmark,trust-ncg,3,149.77445099320914,ft3
Brannmark,trust-ncg,4,143.15587920808395,ft3
Brannmark,trust-ncg,5,147.05772205317675,ft3
Brannmark,trust-ncg,6,143.7494785032561,ft3
Brannmark,trust-ncg,7,146.29705086158444,ft3
Brannmark,trust-ncg,8,146.19186068911372,ft3
Brannmark,trust-ncg,9,143.75575207014367,ft3
Brannmark,trust-ncg,10,144.166157672613,ft3
Bruno,SLSQP,1,-46.68818836136133,ft3
Bruno,SLSQP,2,-46.688188583894956,ft3
Bruno,SLSQP,3,-46.68818863511912,ft3
Bruno,SLSQP,4,-46.68818837471011,ft3
Bruno,SLSQP,5,-46.68818799523352,ft3
Bruno,SLSQP,6,-46.68818871969041,ft3
Bruno,SLSQP,7,-46.68818880055413,ft3
Bruno,SLSQP,8,-46.68818804809185,ft3
Bruno,SLSQP,9,-46.68818810656822,ft3
Bruno,SLSQP,10,-46.68819252685299,ft3
Bruno,COBYLA,1,-46.6841341696837,ft3
Bruno,COBYLA,2,-46.68506263767361,ft3
Bruno,COBYLA,3,-46.66796781542507,ft3
Bruno,COBYLA,4,-46.68649775420191,ft3
Bruno,COBYLA,5,-46.68321853344703,ft3
Bruno,COBYLA,6,-46.68516280148798,ft3
Bruno,COBYLA,7,-46.68761692471061,ft3
Bruno,COBYLA,8,-46.68726509916006,ft3
Bruno,COBYLA,9,-46.6871828310511,ft3
Bruno,COBYLA,10,-46.68790339538674,ft3
Bruno,fides,1,-46.68818426621186,ft3
Bruno,fides,2,-46.68818461508819,ft3
Bruno,fides,3,-46.68818426130565,ft3
Bruno,fides,4,-46.68818438274391,ft3
Bruno,fides,5,-46.68818480793071,ft3
Bruno,fides,6,-46.688184353393765,ft3
Bruno,fides,7,-46.688184071792,ft3
Bruno,fides,8,-46.68818467040009,ft3
Bruno,fides,9,-46.68818484890562,ft3
Bruno,fides,10,-46.688184074673956,ft3
Bruno,BFGS,1,-46.6881888034181,ft3
Bruno,BFGS,2,-46.688190089277185,ft3
Bruno,BFGS,3,-46.688190328483074,ft3
Bruno,BFGS,4,-46.688188175413124,ft3
Bruno,BFGS,5,-46.6881904724884,ft3
Bruno,BFGS,6,-46.68818837739752,ft3
Bruno,BFGS,7,-46.68818878409559,ft3
Bruno,BFGS,8,-46.68818985351643,ft3
Bruno,BFGS,9,-46.68818826583762,ft3
Bruno,BFGS,10,-46.688190267426464,ft3
Bruno,dogleg,1,-46.688191305037925,ft3
Bruno,dogleg,2,-46.68818912285613,ft3
Bruno,dogleg,3,-46.68819110677261,ft3
Bruno,dogleg,4,-46.68818959792662,ft3
Bruno,dogleg,5,-46.68819037463399,ft3
Bruno,dogleg,6,-46.688190257466154,ft3
Bruno,dogleg,7,-46.6881895318801,ft3
Bruno,dogleg,8,-46.688190171455545,ft3
Bruno,dogleg,9,-46.6881906406703,ft3
Bruno,dogleg,10,-46.68819056159586,ft3
Bruno,ipopt,1,-46.688189704881744,ft3
Bruno,ipopt,2,-46.6881909035403,ft3
Bruno,ipopt,3,-46.68818888587251,ft3
Bruno,ipopt,4,-46.68818916472607,ft3
Bruno,ipopt,5,-46.68818821633429,ft3
Bruno,ipopt,6,-46.68818975333683,ft3
Bruno,ipopt,7,-46.68818908079241,ft3
Bruno,ipopt,8,-46.68819017230361,ft3
Bruno,ipopt,9,-46.68819054994255,ft3
Bruno,ipopt,10,-46.6881894235987,ft3
Bruno,cmaes,1,-46.68819297297961,ft3
Bruno,cmaes,2,-46.6881942165836,ft3
Bruno,cmaes,3,-46.688194866696634,ft3
Bruno,cmaes,4,-46.6881944098277,ft3
Bruno,cmaes,5,-46.68819348399841,ft3
Bruno,cmaes,6,-46.688192126079684,ft3
Bruno,cmaes,7,-46.688193298776724,ft3
Bruno,cmaes,8,-46.68819305200081,ft3
Bruno,cmaes,9,-46.68819313998912,ft3
Bruno,cmaes,10,-46.688193097832304,ft3
Bruno,pyswarm,1,161.85908058755285,ft3
Bruno,pyswarm,2,150.25884064473928,ft3
Bruno,pyswarm,3,203.6698157927923,ft3
Bruno,pyswarm,4,131.54169321341513,ft3
Bruno,pyswarm,5,85.34884362059552,ft3
Bruno,pyswarm,6,142.89577221846292,ft3
Bruno,pyswarm,7,177.1360035226969,ft3
Bruno,pyswarm,8,236.6774331936856,ft3
Bruno,pyswarm,9,79.83421246936177,ft3
Bruno,pyswarm,10,97.62670647783497,ft3
Bruno,L-BFGS-B,1,-46.688188624745855,ft3
Bruno,L-BFGS-B,2,-46.68818949144563,ft3
Bruno,L-BFGS-B,3,-46.68818865036536,ft3
Bruno,L-BFGS-B,4,-46.68818890974385,ft3
Bruno,L-BFGS-B,5,-46.688187756358225,ft3
Bruno,L-BFGS-B,6,-46.68818818897867,ft3
Bruno,L-BFGS-B,7,-46.68818930570971,ft3
Bruno,L-BFGS-B,8,-46.68818781225117,ft3
Bruno,L-BFGS-B,9,-46.68818881987591,ft3
Bruno,L-BFGS-B,10,-46.688187893317014,ft3
Bruno,Nelder-Mead,1,167.00335174799076,ft3
Bruno,Nelder-Mead,2,81.95051099627577,ft3
Bruno,Nelder-Mead,3,138.747431834996,ft3
Bruno,Nelder-Mead,4,224.75205431009448,ft3
Bruno,Nelder-Mead,5,224.04709895910133,ft3
Bruno,Nelder-Mead,6,17.960431449419225,ft3
Bruno,Nelder-Mead,7,209.51924333753539,ft3
Bruno,Nelder-Mead,8,96.63455985518851,ft3
Bruno,Nelder-Mead,9,110.61293577259802,ft3
Bruno,Nelder-Mead,10,167.07957799941795,ft3
Bruno,cg,1,-46.68818506509905,ft3
Bruno,cg,2,-46.688184257776314,ft3
Bruno,cg,3,-46.688185622677906,ft3
Bruno,cg,4,-46.68818512585189,ft3
Bruno,cg,5,-46.68818483789761,ft3
Bruno,cg,6,-46.68818422812026,ft3
Bruno,cg,7,-46.688186523944,ft3
Bruno,cg,8,-46.68818560871314,ft3
Bruno,cg,9,-46.68818489133395,ft3
Bruno,cg,10,-46.68818406319889,ft3
Bruno,newton-cg,1,-46.688189268475355,ft3
Bruno,newton-cg,2,-46.68818922223981,ft3
Bruno,newton-cg,3,-46.68819052640802,ft3
Bruno,newton-cg,4,-46.68818839143495,ft3
Bruno,newton-cg,5,-46.688188061045,ft3
Bruno,newton-cg,6,-46.68818840627151,ft3
Bruno,newton-cg,7,-46.68818846663642,ft3
Bruno,newton-cg,8,-46.68818829247691,ft3
Bruno,newton-cg,9,-46.68819093165395,ft3
Bruno,newton-cg,10,-46.68818946059466,ft3
Bruno,nlopt_11,1,-46.688184199641185,ft3
Bruno,nlopt_11,2,-46.68818468998833,ft3
Bruno,nlopt_11,3,-46.68818413053157,ft3
Bruno,nlopt_11,4,-46.688184564260865,ft3
Bruno,nlopt_11,5,-46.68818446792444,ft3
Bruno,nlopt_11,6,-46.68818442084423,ft3
Bruno,nlopt_11,7,-46.68818429903973,ft3
Bruno,nlopt_11,8,-46.68818396955945,ft3
Bruno,nlopt_11,9,-46.68818510633223,ft3
Bruno,nlopt_11,10,-46.688184294312855,ft3
Bruno,nlopt_12,1,-46.688186424119124,ft3
Bruno,nlopt_12,2,-46.68818621242451,ft3
Bruno,nlopt_12,3,-46.68818658329308,ft3
Bruno,nlopt_12,4,-46.68818627007124,ft3
Bruno,nlopt_12,5,-46.68818638534247,ft3
Bruno,nlopt_12,6,-46.68818751831526,ft3
Bruno,nlopt_12,7,-46.688186006617016,ft3
Bruno,nlopt_12,8,-46.68818710481324,ft3
Bruno,nlopt_12,9,-46.68818640820524,ft3
Bruno,nlopt_12,10,-46.688186062418126,ft3
Bruno,nlopt_13,1,-46.68818418626175,ft3
Bruno,nlopt_13,2,-46.688185102115355,ft3
Bruno,nlopt_13,3,-46.688184155085985,ft3
Bruno,nlopt_13,4,-46.688184106242666,ft3
Bruno,nlopt_13,5,-46.68818417812469,ft3
Bruno,nlopt_13,6,-46.68818549272022,ft3
Bruno,nlopt_13,7,-46.68818507265104,ft3
Bruno,nlopt_13,8,-46.688184120786346,ft3
Bruno,nlopt_13,9,-46.68818409710853,ft3
Bruno,nlopt_13,10,-46.688184319771494,ft3
Bruno,nlopt_14,1,-46.688184342081186,ft3
Bruno,nlopt_14,2,-46.688184150514104,ft3
Bruno,nlopt_14,3,-46.68818443667185,ft3
Bruno,nlopt_14,4,-46.688184825847145,ft3
Bruno,nlopt_14,5,-46.68818435649434,ft3
Bruno,nlopt_14,6,-46.68818430599299,ft3
Bruno,nlopt_14,7,-46.6881841752257,ft3
Bruno,nlopt_14,8,-46.68818455896292,ft3
Bruno,nlopt_14,9,-46.68818473614435,ft3
Bruno,nlopt_14,10,-46.68818436425819,ft3
Bruno,nlopt_15,1,-46.688183574510184,ft3
Bruno,nlopt_15,2,-46.688183941647594,ft3
Bruno,nlopt_15,3,-46.688183665690815,ft3
Bruno,nlopt_15,4,-46.68818376723541,ft3
Bruno,nlopt_15,5,-46.688183676052596,ft3
Bruno,nlopt_15,6,-46.688183581836995,ft3
Bruno,nlopt_15,7,-46.68818394819968,ft3
Bruno,nlopt_15,8,-46.6881835551222,ft3
Bruno,nlopt_15,9,-46.68818375154755,ft3
Bruno,nlopt_15,10,-46.6881838422849,ft3
Bruno,nlopt_16,1,-46.68818358019614,ft3
Bruno,nlopt_16,2,-46.688184046608164,ft3
Bruno,nlopt_16,3,-46.688184585393216,ft3
Bruno,nlopt_16,4,-46.688184050118366,ft3
Bruno,nlopt_16,5,-46.68818375227073,ft3
Bruno,nlopt_16,6,-46.68818421239939,ft3
Bruno,nlopt_16,7,-46.6881842443712,ft3
Bruno,nlopt_16,8,-46.68818408357589,ft3
Bruno,nlopt_16,9,-46.688183708136705,ft3
Bruno,nlopt_16,10,-46.688183737435224,ft3
Bruno,nlopt_18,1,-46.688183992519555,ft3
Bruno,nlopt_18,2,-46.68818388237648,ft3
Bruno,nlopt_18,3,-46.688184024484215,ft3
Bruno,nlopt_18,4,-46.688184042339586,ft3
Bruno,nlopt_18,5,-46.68818416492823,ft3
Bruno,nlopt_18,6,-46.688184288610486,ft3
Bruno,nlopt_18,7,-46.68818391438067,ft3
Bruno,nlopt_18,8,-46.68818425655631,ft3
Bruno,nlopt_18,9,-46.68818402347445,ft3
Bruno,nlopt_18,10,-46.68818412049832,ft3
Bruno,nlopt_21,1,-46.68818391627594,ft3
Bruno,nlopt_21,2,-46.6881840622428,ft3
Bruno,nlopt_21,3,-46.688183594683736,ft3
Bruno,nlopt_21,4,-46.68818359652745,ft3
Bruno,nlopt_21,5,-46.68818355933929,ft3
Bruno,nlopt_21,6,-46.68818362433677,ft3
Bruno,nlopt_21,7,-46.688183663482086,ft3
Bruno,nlopt_21,8,-46.68818439728436,ft3
Bruno,nlopt_21,9,-46.68818362080273,ft3
Bruno,nlopt_21,10,-46.68818389010703,ft3
Bruno,nlopt_23,1,-46.68818283866593,ft3
Bruno,nlopt_23,2,-46.68818267593748,ft3
Bruno,nlopt_23,3,-46.6881830271241,ft3
Bruno,nlopt_23,4,-46.68818261716797,ft3
Bruno,nlopt_23,5,-46.68818290369934,ft3
Bruno,nlopt_23,6,-46.688182936063555,ft3
Bruno,nlopt_23,7,-46.68818299572489,ft3
Bruno,nlopt_23,8,-46.688182369487826,ft3
Bruno,nlopt_23,9,-46.688182544097124,ft3
Bruno,nlopt_23,10,-46.6881834694589,ft3
Bruno,nlopt_26,1,-46.68818584620769,ft3
Bruno,nlopt_26,2,-46.68818975925832,ft3
Bruno,nlopt_26,3,-46.68818616048789,ft3
Bruno,nlopt_26,4,-46.68818717124649,ft3
Bruno,nlopt_26,5,-46.68818784847208,ft3
Bruno,nlopt_26,6,-46.6881859259544,ft3
Bruno,nlopt_26,7,-46.68818683292899,ft3
Bruno,nlopt_26,8,-46.68818828203571,ft3
Bruno,nlopt_26,9,-46.688185346955095,ft3
Bruno,nlopt_26,10,-46.6881862727214,ft3
Bruno,nlopt_28,1,-42.493415370342504,ft3
Bruno,nlopt_28,2,-31.57245580332635,ft3
Bruno,nlopt_28,3,-31.521641727792463,ft3
Bruno,nlopt_28,4,-46.62020343366444,ft3
Bruno,nlopt_28,5,-46.60786173017141,ft3
Bruno,nlopt_28,6,-26.699083499109825,ft3
Bruno,nlopt_28,7,-34.368395067872996,ft3
Bruno,nlopt_28,8,-36.12185925835607,ft3
Bruno,nlopt_28,9,-46.68818068794539,ft3
Bruno,nlopt_28,10,-43.42520103524525,ft3
Bruno,nlopt_29,1,-46.688185144973346,ft3
Bruno,nlopt_29,2,-46.688184978836006,ft3
Bruno,nlopt_29,3,-46.68818524311159,ft3
Bruno,nlopt_29,4,-46.68818013581466,ft3
Bruno,nlopt_29,5,-46.68818569605796,ft3
Bruno,nlopt_29,6,-46.68818469791471,ft3
Bruno,nlopt_29,7,-46.68817990527666,ft3
Bruno,nlopt_29,8,-46.688184641480795,ft3
Bruno,nlopt_29,9,-46.68818728505353,ft3
Bruno,nlopt_29,10,-46.68818551553609,ft3
Bruno,nlopt_34,1,-46.68818337051503,ft3
Bruno,nlopt_34,2,-46.68818456884871,ft3
Bruno,nlopt_34,3,-46.68818263412093,ft3
Bruno,nlopt_34,4,-46.68818219334733,ft3
Bruno,nlopt_34,5,-46.688183866309416,ft3
Bruno,nlopt_34,6,-46.68818525109621,ft3
Bruno,nlopt_34,7,-46.688183895077394,ft3
Bruno,nlopt_34,8,-46.688183976132834,ft3
Bruno,nlopt_34,9,-46.68818390406578,ft3
Bruno,nlopt_34,10,-46.68818318269601,ft3
Bruno,nlopt_36,1,-46.688184045985,ft3
Bruno,nlopt_36,2,-46.68818580300892,ft3
Bruno,nlopt_36,3,-46.68818438522304,ft3
Bruno,nlopt_36,4,-46.688184374185425,ft3
Bruno,nlopt_36,5,-46.68818458674323,ft3
Bruno,nlopt_36,6,-46.68818501509456,ft3
Bruno,nlopt_36,7,-46.688184290757334,ft3
Bruno,nlopt_36,8,-46.688184344587896,ft3
Bruno,nlopt_36,9,-46.68818392688122,ft3
Bruno,nlopt_36,10,-46.688184238709425,ft3
Bruno,nlopt_37,1,-46.68818460225843,ft3
Bruno,nlopt_37,2,-46.68818551589584,ft3
Bruno,nlopt_37,3,-46.68818406864554,ft3
Bruno,nlopt_37,4,-46.68818465527143,ft3
Bruno,nlopt_37,5,-46.68818465527143,ft3
Bruno,nlopt_37,6,-46.688184134650264,ft3
Bruno,nlopt_37,7,-46.68818495450928,ft3
Bruno,nlopt_37,8,-46.688188270381865,ft3
Bruno,nlopt_37,9,-46.688184397750426,ft3
Bruno,nlopt_37,10,-46.68818421063276,ft3
Bruno,nlopt_39,1,-46.688183244564186,ft3
Bruno,nlopt_39,2,-46.68818274662689,ft3
Bruno,nlopt_39,3,-46.68818265734251,ft3
Bruno,nlopt_39,4,-46.68818320910559,ft3
Bruno,nlopt_39,5,-46.68818293697562,ft3
Bruno,nlopt_39,6,-46.688183357303004,ft3
Bruno,nlopt_39,7,-46.688182742022235,ft3
Bruno,nlopt_39,8,-46.68818272588709,ft3
Bruno,nlopt_39,9,-46.68818288160804,ft3
Bruno,nlopt_39,10,-46.68818267506409,ft3
Bruno,tnc,1,-43.456835378563525,ft3
Bruno,tnc,2,-45.53738328161772,ft3
Bruno,tnc,3,-34.95738205932402,ft3
Bruno,tnc,4,-45.98426387197492,ft3
Bruno,tnc,5,-37.973876711345724,ft3
Bruno,tnc,6,-43.059156174195245,ft3
Bruno,tnc,7,-37.66391566675924,ft3
Bruno,tnc,8,-46.614784358898326,ft3
Bruno,tnc,9,-39.33898492464145,ft3
Bruno,tnc,10,-44.733871468961894,ft3
Bruno,trust-krylov,1,-46.68818924038015,ft3
Bruno,trust-krylov,2,-46.688189879708176,ft3
Bruno,trust-krylov,3,-46.68818954949502,ft3
Bruno,trust-krylov,4,-46.68818965479855,ft3
Bruno,trust-krylov,5,-46.688189684721365,ft3
Bruno,trust-krylov,6,-46.68818954320505,ft3
Bruno,trust-krylov,7,-46.68819017096522,ft3
Bruno,trust-krylov,8,-46.688190975082534,ft3
Bruno,trust-krylov,9,-46.68818935523723,ft3
Bruno,trust-krylov,10,-46.68818979479878,ft3
Bruno,trust-ncg,1,-46.68820316268055,ft3
Bruno,trust-ncg,2,-46.68818981054047,ft3
Bruno,trust-ncg,3,-46.68818892037315,ft3
Bruno,trust-ncg,4,-46.68819012593037,ft3
Bruno,trust-ncg,5,-46.68818972709997,ft3
Bruno,trust-ncg,6,-46.68818981046819,ft3
Bruno,trust-ncg,7,-46.688190147931124,ft3
Bruno,trust-ncg,8,-46.688190906133634,ft3
Bruno,trust-ncg,9,-46.68818960896412,ft3
Bruno,trust-ncg,10,-46.688189602062444,ft3
Chen,SLSQP,1,9894.381890877905,ft3
Chen,SLSQP,2,6253.784238512323,ft3
Chen,SLSQP,3,5256.034472434975,ft3
Chen,SLSQP,4,5646.085420381745,ft3
Chen,SLSQP,5,5872.515871613789,ft3
Chen,SLSQP,6,6129.751344378718,ft3
Chen,SLSQP,7,9507.753001460196,ft3
Chen,SLSQP,8,7741.9967069462045,ft3
Chen,SLSQP,9,9835.956821162992,ft3
Chen,SLSQP,10,5255.470704221388,ft3
Chen,COBYLA,1,13070.104354383167,ft3
Chen,COBYLA,2,15532.747157408645,ft3
Chen,COBYLA,3,14190.095374342658,ft3
Chen,COBYLA,4,15589.787177231463,ft3
Chen,COBYLA,5,14318.989593467802,ft3
Chen,COBYLA,6,12409.43453576068,ft3
Chen,COBYLA,7,11875.390289314855,ft3
Chen,COBYLA,8,13821.801955802048,ft3
Chen,COBYLA,9,12915.880928535798,ft3
Chen,COBYLA,10,12769.030905898342,ft3
Chen,fides,1,11590.252967357457,ft3
Chen,fides,2,17078.552504585354,ft3
Chen,fides,3,12116.234872479215,ft3
Chen,fides,4,6896.1631587160755,ft3
Chen,fides,5,8580.490175339422,ft3
Chen,fides,6,10614.933719969382,ft3
Chen,fides,7,12893.538450056438,ft3
Chen,fides,8,11720.13344823029,ft3
Chen,fides,9,4774.6992093190265,ft3
Chen,fides,10,13286.572574612339,ft3
Chen,BFGS,1,21390.32254136458,ft3
Chen,BFGS,2,16945.84227755439,ft3
Chen,BFGS,3,19351.618752094262,ft3
Chen,BFGS,4,24765.2307862252,ft3
Chen,BFGS,5,18343.808139514775,ft3
Chen,BFGS,6,15777.11597587407,ft3
Chen,BFGS,7,22956.530475638694,ft3
Chen,BFGS,8,25488.40957069472,ft3
Chen,BFGS,9,23646.439414337518,ft3
Chen,BFGS,10,22573.78015069346,ft3
Chen,dogleg,1,27182.462071201237,ft3
Chen,dogleg,2,22389.94191728471,ft3
Chen,dogleg,3,25492.032518234995,ft3
Chen,dogleg,4,28362.32215351226,ft3
Chen,dogleg,5,27342.093284234863,ft3
Chen,dogleg,6,25147.351554309764,ft3
Chen,dogleg,7,29297.070905232595,ft3
Chen,dogleg,8,19082.719438666045,ft3
Chen,dogleg,9,27612.088193429045,ft3
Chen,dogleg,10,26936.804888229057,ft3
Chen,ipopt,1,6278.434042821157,ft3
Chen,ipopt,2,8219.793036501058,ft3
Chen,ipopt,3,7337.345969512306,ft3
Chen,ipopt,4,6429.541922841724,ft3
Chen,ipopt,5,6786.122336568477,ft3
Chen,ipopt,6,6557.128678542897,ft3
Chen,ipopt,7,1563.819115126685,ft3
Chen,ipopt,8,1527.9064725294681,ft3
Chen,ipopt,9,953.8568596921727,ft3
Chen,ipopt,10,3320.4438723345856,ft3
Chen,cmaes,1,31136.758305820054,ft3
Chen,cmaes,2,30367.488312130303,ft3
Chen,cmaes,3,30787.781125465423,ft3
Chen,cmaes,4,30391.43386542384,ft3
Chen,cmaes,5,31092.296230884505,ft3
Chen,cmaes,6,30257.44273571743,ft3
Chen,cmaes,7,30280.603790554112,ft3
Chen,cmaes,8,31168.083099025596,ft3
Chen,cmaes,9,29721.51476504068,ft3
Chen,cmaes,10,30026.223343482867,ft3
Chen,pyswarm,1,7940.78203505091,ft3
Chen,pyswarm,2,12843.05460628346,ft3
Chen,pyswarm,3,8520.526855887812,ft3
Chen,pyswarm,4,11875.074618775718,ft3
Chen,pyswarm,5,11974.094621156193,ft3
Chen,pyswarm,6,9225.2770877072,ft3
Chen,pyswarm,7,11061.875200959908,ft3
Chen,pyswarm,8,10447.334882086969,ft3
Chen,pyswarm,9,12358.764672529584,ft3
Chen,pyswarm,10,11865.570292354223,ft3
Chen,L-BFGS-B,1,22337.635582210118,ft3
Chen,L-BFGS-B,2,25592.908493689305,ft3
Chen,L-BFGS-B,3,22300.282790975773,ft3
Chen,L-BFGS-B,4,24570.431359922954,ft3
Chen,L-BFGS-B,5,22925.112237907873,ft3
Chen,L-BFGS-B,6,22483.315859335446,ft3
Chen,L-BFGS-B,7,22641.670554195603,ft3
Chen,L-BFGS-B,8,25474.466331318836,ft3
Chen,L-BFGS-B,9,24175.852597276615,ft3
Chen,L-BFGS-B,10,21580.707633114813,ft3
Chen,Nelder-Mead,1,28804.424756867178,ft3
Chen,Nelder-Mead,2,29274.058516850397,ft3
Chen,Nelder-Mead,3,29285.936961507174,ft3
Chen,Nelder-Mead,4,28868.127506442564,ft3
Chen,Nelder-Mead,5,29274.9185355464,ft3
Chen,Nelder-Mead,6,29194.634280783815,ft3
Chen,Nelder-Mead,7,28620.869048689045,ft3
Chen,Nelder-Mead,8,28854.75350390201,ft3
Chen,Nelder-Mead,9,28818.88326547911,ft3
Chen,Nelder-Mead,10,29289.665606647857,ft3
Chen,cg,1,24425.4539936685,ft3
Chen,cg,2,20569.17131927143,ft3
Chen,cg,3,21110.959685248363,ft3
Chen,cg,4,16182.899874583263,ft3
Chen,cg,5,12916.90098745134,ft3
Chen,cg,6,20175.81489025285,ft3
Chen,cg,7,19582.501463861678,ft3
Chen,cg,8,20754.06393470222,ft3
Chen,cg,9,14673.386954112746,ft3
Chen,cg,10,21817.289492989123,ft3
Chen,newton-cg,1,29291.51996981278,ft3
Chen,newton-cg,2,29271.284251860256,ft3
Chen,newton-cg,3,29292.059223306635,ft3
Chen,newton-cg,4,29273.973948335042,ft3
Chen,newton-cg,5,28834.93642265542,ft3
Chen,newton-cg,6,20960.911875629612,ft3
Chen,newton-cg,7,29302.34431672003,ft3
Chen,newton-cg,8,29300.396108543522,ft3
Chen,newton-cg,9,25922.396292235342,ft3
Chen,newton-cg,10,29291.885407921738,ft3
Chen,nlopt_11,1,13593.900997320667,ft3
Chen,nlopt_11,2,20417.101755011834,ft3
Chen,nlopt_11,3,13427.557390476415,ft3
Chen,nlopt_11,4,9709.397981649998,ft3
Chen,nlopt_11,5,1012.5048781251356,ft3
Chen,nlopt_11,6,6539.61782748773,ft3
Chen,nlopt_11,7,8619.959032218507,ft3
Chen,nlopt_11,8,20373.796382950673,ft3
Chen,nlopt_11,9,13152.419564517915,ft3
Chen,nlopt_11,10,15534.630933078994,ft3
Chen,nlopt_12,1,31132.185867240823,ft3
Chen,nlopt_12,2,23740.76692003945,ft3
Chen,nlopt_12,3,29300.69614129862,ft3
Chen,nlopt_12,4,30236.218017110397,ft3
Chen,nlopt_12,5,29267.869913325463,ft3
Chen,nlopt_12,6,30579.280118167655,ft3
Chen,nlopt_12,7,30328.64339180952,ft3
Chen,nlopt_12,8,31135.415650826733,ft3
Chen,nlopt_12,9,31077.321275150854,ft3
Chen,nlopt_12,10,30328.220954646986,ft3
Chen,nlopt_13,1,12880.340811632861,ft3
Chen,nlopt_13,2,9790.671420321842,ft3
Chen,nlopt_13,3,12002.356141829157,ft3
Chen,nlopt_13,4,20360.715994456088,ft3
Chen,nlopt_13,5,7692.105505267912,ft3
Chen,nlopt_13,6,20185.974143748284,ft3
Chen,nlopt_13,7,16470.287582709858,ft3
Chen,nlopt_13,8,12600.048187536127,ft3
Chen,nlopt_13,9,13834.803866925482,ft3
Chen,nlopt_13,10,13262.526287438044,ft3
Chen,nlopt_14,1,12148.200166510896,ft3
Chen,nlopt_14,2,9849.091764100363,ft3
Chen,nlopt_14,3,20575.261397117767,ft3
Chen,nlopt_14,4,16205.537161594193,ft3
Chen,nlopt_14,5,20829.290737646414,ft3
Chen,nlopt_14,6,14372.0953877033,ft3
Chen,nlopt_14,7,20877.904763155882,ft3
Chen,nlopt_14,8,20370.075365388853,ft3
Chen,nlopt_14,9,12876.688912414987,ft3
Chen,nlopt_14,10,15650.710519465458,ft3
Chen,nlopt_15,1,23244.860984957195,ft3
Chen,nlopt_15,2,23074.44998243404,ft3
Chen,nlopt_15,3,15055.567211592914,ft3
Chen,nlopt_15,4,14814.072443080051,ft3
Chen,nlopt_15,5,14759.080717782448,ft3
Chen,nlopt_15,6,14250.00584721901,ft3
Chen,nlopt_15,7,15841.71833272612,ft3
Chen,nlopt_15,8,16542.511487295247,ft3
Chen,nlopt_15,9,21570.619904929776,ft3
Chen,nlopt_15,10,14259.563525754906,ft3
Chen,nlopt_16,1,24472.177996169463,ft3
Chen,nlopt_16,2,22622.85413385823,ft3
Chen,nlopt_16,3,28905.043779864678,ft3
Chen,nlopt_16,4,25828.631588501998,ft3
Chen,nlopt_16,5,26683.737617672254,ft3
Chen,nlopt_16,6,24233.758014093426,ft3
Chen,nlopt_16,7,24347.92101528061,ft3
Chen,nlopt_16,8,26167.904334921077,ft3
Chen,nlopt_16,9,15228.779479570137,ft3
Chen,nlopt_16,10,28461.791985820528,ft3
Chen,nlopt_18,1,27030.635363038225,ft3
Chen,nlopt_18,2,27190.592057929603,ft3
Chen,nlopt_18,3,16217.711558314315,ft3
Chen,nlopt_18,4,26526.32186366649,ft3
Chen,nlopt_18,5,13487.5017527851,ft3
Chen,nlopt_18,6,29208.994576375837,ft3
Chen,nlopt_18,7,24527.078710779075,ft3
Chen,nlopt_18,8,25991.87543404864,ft3
Chen,nlopt_18,9,26652.55424549476,ft3
Chen,nlopt_18,10,25967.387929879987,ft3
Chen,nlopt_21,1,1573.3578163846262,ft3
Chen,nlopt_21,2,7794.8658678074,ft3
Chen,nlopt_21,3,12886.306720964894,ft3
Chen,nlopt_21,4,19429.996444755125,ft3
Chen,nlopt_21,5,10665.150061644263,ft3
Chen,nlopt_21,6,13275.494790163371,ft3
Chen,nlopt_21,7,14746.415450892282,ft3
Chen,nlopt_21,8,21363.398949425497,ft3
Chen,nlopt_21,9,24587.653258169263,ft3
Chen,nlopt_21,10,12069.308399316424,ft3
Chen,nlopt_23,1,23333.252455720813,ft3
Chen,nlopt_23,2,24123.42928739376,ft3
Chen,nlopt_23,3,29775.962600694074,ft3
Chen,nlopt_23,4,29267.523910271688,ft3
Chen,nlopt_23,5,29267.523910271688,ft3
Chen,nlopt_23,6,23818.970681754963,ft3
Chen,nlopt_23,7,21888.75804927109,ft3
Chen,nlopt_23,8,30030.192189072015,ft3
Chen,nlopt_23,9,23715.82571083743,ft3
Chen,nlopt_23,10,29896.895999769902,ft3
Chen,nlopt_26,1,29298.677646472534,ft3
Chen,nlopt_26,2,29291.520237005563,ft3
Chen,nlopt_26,3,24553.546293821368,ft3
Chen,nlopt_26,4,16131.465687481203,ft3
Chen,nlopt_26,5,25789.49011680394,ft3
Chen,nlopt_26,6,28372.527867459543,ft3
Chen,nlopt_26,7,29282.62330285188,ft3
Chen,nlopt_26,8,29272.574779382292,ft3
Chen,nlopt_26,9,28032.374440180374,ft3
Chen,nlopt_26,10,29299.311442321596,ft3
Chen,nlopt_28,1,27031.55649663272,ft3
Chen,nlopt_28,2,27516.120274974975,ft3
Chen,nlopt_28,3,25378.826471512988,ft3
Chen,nlopt_28,4,27588.013384921825,ft3
Chen,nlopt_28,5,28973.370047183016,ft3
Chen,nlopt_28,6,29278.75606051784,ft3
Chen,nlopt_28,7,20750.494455995246,ft3
Chen,nlopt_28,8,29101.82957460202,ft3
Chen,nlopt_28,9,27322.711957489446,ft3
Chen,nlopt_28,10,27336.46111899174,ft3
Chen,nlopt_29,1,12154.553334368215,ft3
Chen,nlopt_29,2,23372.282727256184,ft3
Chen,nlopt_29,3,19058.102654322665,ft3
Chen,nlopt_29,4,28295.500244422,ft3
Chen,nlopt_29,5,14202.992017962857,ft3
Chen,nlopt_29,6,28788.75960751749,ft3
Chen,nlopt_29,7,26782.22557089285,ft3
Chen,nlopt_29,8,22712.582458995777,ft3
Chen,nlopt_29,9,28220.770748797506,ft3
Chen,nlopt_29,10,8637.089985346041,ft3
Chen,nlopt_34,1,29333.285047401012,ft3
Chen,nlopt_34,2,30375.479765786535,ft3
Chen,nlopt_34,3,29846.225432714393,ft3
Chen,nlopt_34,4,29869.18836899539,ft3
Chen,nlopt_34,5,29290.314104114797,ft3
Chen,nlopt_34,6,31123.49845036911,ft3
Chen,nlopt_34,7,29387.230914528398,ft3
Chen,nlopt_34,8,25796.659085107392,ft3
Chen,nlopt_34,9,29999.046775343348,ft3
Chen,nlopt_34,10,29383.928838591248,ft3
Chen,nlopt_36,1,7531.36221036989,ft3
Chen,nlopt_36,2,11517.65462903949,ft3
Chen,nlopt_36,3,20401.539470106214,ft3
Chen,nlopt_36,4,13726.898115818352,ft3
Chen,nlopt_36,5,13789.620533083904,ft3
Chen,nlopt_36,6,11308.80753779591,ft3
Chen,nlopt_36,7,12276.78675656805,ft3
Chen,nlopt_36,8,15221.777478693422,ft3
Chen,nlopt_36,9,9693.564148636004,ft3
Chen,nlopt_36,10,9901.5656168173,ft3
Chen,nlopt_37,1,13013.228014984492,ft3
Chen,nlopt_37,2,7738.375944690734,ft3
Chen,nlopt_37,3,11665.32471832326,ft3
Chen,nlopt_37,4,14610.265206173046,ft3
Chen,nlopt_37,5,9935.228605206454,ft3
Chen,nlopt_37,6,20573.44075047739,ft3
Chen,nlopt_37,7,11969.21342142412,ft3
Chen,nlopt_37,8,9723.664967044933,ft3
Chen,nlopt_37,9,9516.219663814218,ft3
Chen,nlopt_37,10,14101.9786534627,ft3
Chen,nlopt_39,1,28245.893311021486,ft3
Chen,nlopt_39,2,28300.19333667718,ft3
Chen,nlopt_39,3,29267.523910271688,ft3
Chen,nlopt_39,4,29272.240817403283,ft3
Chen,nlopt_39,5,29267.523910271688,ft3
Chen,nlopt_39,6,29889.56044139437,ft3
Chen,nlopt_39,7,23343.776868852307,ft3
Chen,nlopt_39,8,29289.66820381449,ft3
Chen,nlopt_39,9,28722.010651739118,ft3
Chen,nlopt_39,10,16005.256546529728,ft3
Chen,tnc,1,15306.558559674259,ft3
Chen,tnc,2,14025.621732222366,ft3
Chen,tnc,3,24562.55191708735,ft3
Chen,tnc,4,14142.365497200775,ft3
Chen,tnc,5,24472.08946871761,ft3
Chen,tnc,6,20660.3733234382,ft3
Chen,tnc,7,20891.168063175664,ft3
Chen,tnc,8,21193.201556618777,ft3
Chen,tnc,9,23409.72415457765,ft3
Chen,tnc,10,24194.93421932117,ft3
Chen,trust-krylov,1,16877.384563516538,ft3
Chen,trust-krylov,2,29266.966921336872,ft3
Chen,trust-krylov,3,29282.592181713466,ft3
Chen,trust-krylov,4,27746.52390007911,ft3
Chen,trust-krylov,5,28642.09151346588,ft3
Chen,trust-krylov,6,28417.388000907627,ft3
Chen,trust-krylov,7,27902.113656179,ft3
Chen,trust-krylov,8,26251.861925440426,ft3
Chen,trust-krylov,9,28267.36405570437,ft3
Chen,trust-krylov,10,28862.094045417143,ft3
Chen,trust-ncg,1,23589.46105605152,ft3
Chen,trust-ncg,2,27067.33749170229,ft3
Chen,trust-ncg,3,26724.22319057865,ft3
Chen,trust-ncg,4,27831.666419221077,ft3
Chen,trust-ncg,5,28971.786522999053,ft3
Chen,trust-ncg,6,29038.41924097849,ft3
Chen,trust-ncg,7,29103.28667691418,ft3
Chen,trust-ncg,8,27869.89927796267,ft3
Chen,trust-ncg,9,28830.924382046815,ft3
Chen,trust-ncg,10,27800.557862729947,ft3
Crauste,SLSQP,1,190.96593327481713,ft3
Crauste,SLSQP,2,190.97774761229286,ft3
Crauste,SLSQP,3,190.97652667968694,ft3
Crauste,SLSQP,4,190.97822474385725,ft3
Crauste,SLSQP,5,190.97818216677607,ft3
Crauste,SLSQP,6,190.9728785827406,ft3
Crauste,SLSQP,7,190.97278072029394,ft3
Crauste,SLSQP,8,190.9703501308159,ft3
Crauste,SLSQP,9,190.97806367406304,ft3
Crauste,SLSQP,10,190.98423597409865,ft3
Crauste,COBYLA,1,200.17100705867566,ft3
Crauste,COBYLA,2,234.18853167004397,ft3
Crauste,COBYLA,3,218.9779377659895,ft3
Crauste,COBYLA,4,252.24611580396072,ft3
Crauste,COBYLA,5,249.10386658157185,ft3
Crauste,COBYLA,6,216.6571769119359,ft3
Crauste,COBYLA,7,226.35430332189895,ft3
Crauste,COBYLA,8,237.1328892341386,ft3
Crauste,COBYLA,9,206.98447215059872,ft3
Crauste,COBYLA,10,243.62933809592099,ft3
Crauste,fides,1,190.96408082170984,ft3
Crauste,fides,2,190.71507420482516,ft3
Crauste,fides,3,190.81125654888484,ft3
Crauste,fides,4,190.92576989607795,ft3
Crauste,fides,5,190.8367679715672,ft3
Crauste,fides,6,190.96412136129914,ft3
Crauste,fides,7,190.76627376128658,ft3
Crauste,fides,8,190.84849803509331,ft3
Crauste,fides,9,190.8054763880044,ft3
Crauste,fides,10,190.9640587237183,ft3
Crauste,BFGS,1,190.96943388992213,ft3
Crauste,BFGS,2,190.96603910458612,ft3
Crauste,BFGS,3,190.96759289349677,ft3
Crauste,BFGS,4,190.9695887247445,ft3
Crauste,BFGS,5,190.96628353924726,ft3
Crauste,BFGS,6,190.9738746948115,ft3
Crauste,BFGS,7,190.97146175814834,ft3
Crauste,BFGS,8,190.9767062365079,ft3
Crauste,BFGS,9,190.9718503884478,ft3
Crauste,BFGS,10,190.97075213433303,ft3
Crauste,dogleg,1,242.08414889725012,ft3
Crauste,dogleg,2,231.07073732216386,ft3
Crauste,dogleg,3,232.05198544543887,ft3
Crauste,dogleg,4,224.3209379577831,ft3
Crauste,dogleg,5,205.83215450279866,ft3
Crauste,dogleg,6,227.69835865038607,ft3
Crauste,dogleg,7,227.45712620754503,ft3
Crauste,dogleg,8,220.85771862235188,ft3
Crauste,dogleg,9,252.7594153438294,ft3
Crauste,dogleg,10,223.370698300747,ft3
Crauste,ipopt,1,191.38622808065537,ft3
Crauste,ipopt,2,193.06487274522743,ft3
Crauste,ipopt,3,191.01640319118454,ft3
Crauste,ipopt,4,190.98794548421222,ft3
Crauste,ipopt,5,190.9825964017339,ft3
Crauste,ipopt,6,190.9708577500069,ft3
Crauste,ipopt,7,191.15891749356166,ft3
Crauste,ipopt,8,190.99225633031443,ft3
Crauste,ipopt,9,191.36001636829994,ft3
Crauste,ipopt,10,191.09731764655473,ft3
Crauste,cmaes,1,190.96408286239364,ft3
Crauste,cmaes,2,190.96535880641142,ft3
Crauste,cmaes,3,190.96429020817456,ft3
Crauste,cmaes,4,190.96471432197828,ft3
Crauste,cmaes,5,190.96575321261642,ft3
Crauste,cmaes,6,190.96428489465475,ft3
Crauste,cmaes,7,191.0316028093508,ft3
Crauste,cmaes,8,190.96594956564843,ft3
Crauste,cmaes,9,190.96677218606987,ft3
Crauste,cmaes,10,192.7918816834442,ft3
Crauste,pyswarm,1,204.54764869011493,ft3
Crauste,pyswarm,2,201.7858639208005,ft3
Crauste,pyswarm,3,211.58382949686052,ft3
Crauste,pyswarm,4,201.22324201455726,ft3
Crauste,pyswarm,5,203.85331650583387,ft3
Crauste,pyswarm,6,194.84067221649173,ft3
Crauste,pyswarm,7,200.5367484085288,ft3
Crauste,pyswarm,8,202.9980350177775,ft3
Crauste,pyswarm,9,202.45396983530617,ft3
Crauste,pyswarm,10,202.32338992118892,ft3
Crauste,L-BFGS-B,1,191.10534550040128,ft3
Crauste,L-BFGS-B,2,191.01452292785942,ft3
Crauste,L-BFGS-B,3,191.04119584143214,ft3
Crauste,L-BFGS-B,4,191.0706972222507,ft3
Crauste,L-BFGS-B,5,191.14552870548508,ft3
Crauste,L-BFGS-B,6,191.00462189517086,ft3
Crauste,L-BFGS-B,7,191.10599560640668,ft3
Crauste,L-BFGS-B,8,191.06850148374522,ft3
Crauste,L-BFGS-B,9,191.0585727481498,ft3
Crauste,L-BFGS-B,10,191.09012126057874,ft3
Crauste,Nelder-Mead,1,202.67002701887105,ft3
Crauste,Nelder-Mead,2,194.69230794507206,ft3
Crauste,Nelder-Mead,3,197.3380605314731,ft3
Crauste,Nelder-Mead,4,216.22592804646993,ft3
Crauste,Nelder-Mead,5,199.81183430442724,ft3
Crauste,Nelder-Mead,6,202.60946479433758,ft3
Crauste,Nelder-Mead,7,200.3553203310919,ft3
Crauste,Nelder-Mead,8,202.0669408435256,ft3
Crauste,Nelder-Mead,9,195.49619565933273,ft3
Crauste,Nelder-Mead,10,194.04541189023902,ft3
Crauste,cg,1,191.22301527654486,ft3
Crauste,cg,2,192.88052761086507,ft3
Crauste,cg,3,191.02239973996564,ft3
Crauste,cg,4,191.0131172536142,ft3
Crauste,cg,5,191.4820492447261,ft3
Crauste,cg,6,191.00120874369608,ft3
Crauste,cg,7,192.9428418922188,ft3
Crauste,cg,8,191.01408424768968,ft3
Crauste,cg,9,191.01793227673895,ft3
Crauste,cg,10,191.02707642860187,ft3
Crauste,newton-cg,1,194.49479231445602,ft3
Crauste,newton-cg,2,191.3200297353089,ft3
Crauste,newton-cg,3,191.7219863143888,ft3
Crauste,newton-cg,4,192.22830101367714,ft3
Crauste,newton-cg,5,193.41759037520188,ft3
Crauste,newton-cg,6,193.3753665280641,ft3
Crauste,newton-cg,7,196.63843158899311,ft3
Crauste,newton-cg,8,192.92295114449024,ft3
Crauste,newton-cg,9,191.59440985746852,ft3
Crauste,newton-cg,10,193.28434539370704,ft3
Crauste,nlopt_11,1,190.96817344647897,ft3
Crauste,nlopt_11,2,190.96746755822798,ft3
Crauste,nlopt_11,3,190.96739821614545,ft3
Crauste,nlopt_11,4,190.9657746064711,ft3
Crauste,nlopt_11,5,190.96740499448592,ft3
Crauste,nlopt_11,6,190.96556984063534,ft3
Crauste,nlopt_11,7,190.96769414309983,ft3
Crauste,nlopt_11,8,190.9663261413824,ft3
Crauste,nlopt_11,9,190.96774669466936,ft3
Crauste,nlopt_11,10,190.96825138776092,ft3
Crauste,nlopt_12,1,190.7680871417565,ft3
Crauste,nlopt_12,2,190.99155824878562,ft3
Crauste,nlopt_12,3,190.98246294547647,ft3
Crauste,nlopt_12,4,191.03711091127363,ft3
Crauste,nlopt_12,5,191.0099016451371,ft3
Crauste,nlopt_12,6,191.00069225345513,ft3
Crauste,nlopt_12,7,190.99894877290367,ft3
Crauste,nlopt_12,8,190.99049103164094,ft3
Crauste,nlopt_12,9,190.98281366870978,ft3
Crauste,nlopt_12,10,190.976435850945,ft3
Crauste,nlopt_13,1,190.966340043064,ft3
Crauste,nlopt_13,2,190.96747965693152,ft3
Crauste,nlopt_13,3,190.9664054082952,ft3
Crauste,nlopt_13,4,190.96636891718552,ft3
Crauste,nlopt_13,5,190.96564749122092,ft3
Crauste,nlopt_13,6,190.96668223788836,ft3
Crauste,nlopt_13,7,190.9671290145547,ft3
Crauste,nlopt_13,8,190.96672773878518,ft3
Crauste,nlopt_13,9,190.96842005739688,ft3
Crauste,nlopt_13,10,190.96622156591317,ft3
Crauste,nlopt_14,1,190.96683130388922,ft3
Crauste,nlopt_14,2,190.96740301237867,ft3
Crauste,nlopt_14,3,190.96592658794563,ft3
Crauste,nlopt_14,4,190.9668761366052,ft3
Crauste,nlopt_14,5,190.96586829480756,ft3
Crauste,nlopt_14,6,190.96607394876025,ft3
Crauste,nlopt_14,7,190.96727901080942,ft3
Crauste,nlopt_14,8,190.96628521454173,ft3
Crauste,nlopt_14,9,190.96848041462528,ft3
Crauste,nlopt_14,10,190.9669067659833,ft3
Crauste,nlopt_15,1,190.97818177832303,ft3
Crauste,nlopt_15,2,190.98906545385495,ft3
Crauste,nlopt_15,3,190.98510572558203,ft3
Crauste,nlopt_15,4,190.9850094652825,ft3
Crauste,nlopt_15,5,190.97975700552487,ft3
Crauste,nlopt_15,6,190.97910616238246,ft3
Crauste,nlopt_15,7,190.98224704273133,ft3
Crauste,nlopt_15,8,190.98837993027965,ft3
Crauste,nlopt_15,9,190.98378135261595,ft3
Crauste,nlopt_15,10,190.9836327874023,ft3
Crauste,nlopt_16,1,190.97545045226124,ft3
Crauste,nlopt_16,2,190.97354776791664,ft3
Crauste,nlopt_16,3,190.9728325097306,ft3
Crauste,nlopt_16,4,190.97485788998958,ft3
Crauste,nlopt_16,5,190.97523998484266,ft3
Crauste,nlopt_16,6,190.966360184015,ft3
Crauste,nlopt_16,7,190.96625178706043,ft3
Crauste,nlopt_16,8,190.97530767209696,ft3
Crauste,nlopt_16,9,190.97563440464407,ft3
Crauste,nlopt_16,10,190.97370073360867,ft3
Crauste,nlopt_18,1,190.99669618460803,ft3
Crauste,nlopt_18,2,190.97340338193544,ft3
Crauste,nlopt_18,3,190.97220765285795,ft3
Crauste,nlopt_18,4,190.98139713919,ft3
Crauste,nlopt_18,5,190.9763813303793,ft3
Crauste,nlopt_18,6,190.99736820675008,ft3
Crauste,nlopt_18,7,190.99506415449088,ft3
Crauste,nlopt_18,8,190.98341556062059,ft3
Crauste,nlopt_18,9,190.99243569879746,ft3
Crauste,nlopt_18,10,190.97462683826862,ft3
Crauste,nlopt_21,1,190.97488657280746,ft3
Crauste,nlopt_21,2,190.98116820763934,ft3
Crauste,nlopt_21,3,190.98687061007377,ft3
Crauste,nlopt_21,4,190.9854467756366,ft3
Crauste,nlopt_21,5,190.98492896664874,ft3
Crauste,nlopt_21,6,190.98009455045536,ft3
Crauste,nlopt_21,7,190.9850689649743,ft3
Crauste,nlopt_21,8,190.986328342656,ft3
Crauste,nlopt_21,9,190.97463048130845,ft3
Crauste,nlopt_21,10,190.98572177057673,ft3
Crauste,nlopt_23,1,191.01320697673006,ft3
Crauste,nlopt_23,2,192.92592316471834,ft3
Crauste,nlopt_23,3,190.985763829221,ft3
Crauste,nlopt_23,4,192.94651745116275,ft3
Crauste,nlopt_23,5,190.99395075315556,ft3
Crauste,nlopt_23,6,191.0077717309615,ft3
Crauste,nlopt_23,7,191.01755603092332,ft3
Crauste,nlopt_23,8,191.02500522276213,ft3
Crauste,nlopt_23,9,190.9987668925368,ft3
Crauste,nlopt_23,10,190.9995525871673,ft3
Crauste,nlopt_26,1,190.98993664804186,ft3
Crauste,nlopt_26,2,190.99389665124207,ft3
Crauste,nlopt_26,3,190.99298599673784,ft3
Crauste,nlopt_26,4,191.00148158242033,ft3
Crauste,nlopt_26,5,190.9963675684696,ft3
Crauste,nlopt_26,6,190.9912240698821,ft3
Crauste,nlopt_26,7,190.99437577135393,ft3
Crauste,nlopt_26,8,190.9957596609256,ft3
Crauste,nlopt_26,9,190.99472969798123,ft3
Crauste,nlopt_26,10,190.99325922430046,ft3
Crauste,nlopt_28,1,191.0244122931888,ft3
Crauste,nlopt_28,2,191.0555406628355,ft3
Crauste,nlopt_28,3,191.2265813547274,ft3
Crauste,nlopt_28,4,191.1339700746136,ft3
Crauste,nlopt_28,5,191.0496181428764,ft3
Crauste,nlopt_28,6,193.479276192871,ft3
Crauste,nlopt_28,7,191.2217207382762,ft3
Crauste,nlopt_28,8,190.98048459968123,ft3
Crauste,nlopt_28,9,192.25603846057484,ft3
Crauste,nlopt_28,10,191.03146591958915,ft3
Crauste,nlopt_29,1,191.0008038090147,ft3
Crauste,nlopt_29,2,191.00511964533018,ft3
Crauste,nlopt_29,3,191.00272336073428,ft3
Crauste,nlopt_29,4,190.99811065631678,ft3
Crauste,nlopt_29,5,191.00264939379994,ft3
Crauste,nlopt_29,6,190.61769277628653,ft3
Crauste,nlopt_29,7,191.00089459877879,ft3
Crauste,nlopt_29,8,191.00089459877879,ft3
Crauste,nlopt_29,9,191.00499389737382,ft3
Crauste,nlopt_29,10,191.00573886017656,ft3
Crauste,nlopt_34,1,190.99615981701032,ft3
Crauste,nlopt_34,2,191.00246939089368,ft3
Crauste,nlopt_34,3,190.99892468676438,ft3
Crauste,nlopt_34,4,191.00213013882066,ft3
Crauste,nlopt_34,5,190.99922621700736,ft3
Crauste,nlopt_34,6,191.00309718725325,ft3
Crauste,nlopt_34,7,191.00035245565005,ft3
Crauste,nlopt_34,8,190.99883995786126,ft3
Crauste,nlopt_34,9,191.00082813035291,ft3
Crauste,nlopt_34,10,191.00138042346376,ft3
Crauste,nlopt_36,1,190.9672641546274,ft3
Crauste,nlopt_36,2,190.96775851319612,ft3
Crauste,nlopt_36,3,190.96764393223188,ft3
Crauste,nlopt_36,4,190.966378389928,ft3
Crauste,nlopt_36,5,190.96788406343506,ft3
Crauste,nlopt_36,6,190.96698363829262,ft3
Crauste,nlopt_36,7,190.96674223716488,ft3
Crauste,nlopt_36,8,190.9670594180784,ft3
Crauste,nlopt_36,9,190.96724549463582,ft3
Crauste,nlopt_36,10,190.96694191852743,ft3
Crauste,nlopt_37,1,190.96827346260142,ft3
Crauste,nlopt_37,2,190.9670950230075,ft3
Crauste,nlopt_37,3,190.96572287577166,ft3
Crauste,nlopt_37,4,190.96766509608977,ft3
Crauste,nlopt_37,5,190.96744580396648,ft3
Crauste,nlopt_37,6,190.9678050265181,ft3
Crauste,nlopt_37,7,190.9671400907203,ft3
Crauste,nlopt_37,8,190.96796691610737,ft3
Crauste,nlopt_37,9,190.96836574113956,ft3
Crauste,nlopt_37,10,190.9677477535355,ft3
Crauste,nlopt_39,1,191.00288415523056,ft3
Crauste,nlopt_39,2,191.01209028099623,ft3
Crauste,nlopt_39,3,191.00310717948236,ft3
Crauste,nlopt_39,4,204.49890432286287,ft3
Crauste,nlopt_39,5,191.0332724740713,ft3
Crauste,nlopt_39,6,191.0017216975006,ft3
Crauste,nlopt_39,7,190.98877291709127,ft3
Crauste,nlopt_39,8,191.00576736697673,ft3
Crauste,nlopt_39,9,190.99740040900036,ft3
Crauste,nlopt_39,10,191.03625257833312,ft3
Crauste,tnc,1,202.67969127603297,ft3
Crauste,tnc,2,212.2490213494211,ft3
Crauste,tnc,3,209.0438143070317,ft3
Crauste,tnc,4,212.82495997781743,ft3
Crauste,tnc,5,211.2536425103977,ft3
Crauste,tnc,6,208.46232301977432,ft3
Crauste,tnc,7,206.839544994888,ft3
Crauste,tnc,8,204.10171121137486,ft3
Crauste,tnc,9,211.13897216932244,ft3
Crauste,tnc,10,209.0438143070317,ft3
Crauste,trust-krylov,1,190.97084104383237,ft3
Crauste,trust-krylov,2,190.97269012499925,ft3
Crauste,trust-krylov,3,190.97269468190237,ft3
Crauste,trust-krylov,4,190.97273368955152,ft3
Crauste,trust-krylov,5,190.97438649948253,ft3
Crauste,trust-krylov,6,190.9767604095926,ft3
Crauste,trust-krylov,7,190.97458651485138,ft3
Crauste,trust-krylov,8,190.97261601796734,ft3
Crauste,trust-krylov,9,190.97624081164537,ft3
Crauste,trust-krylov,10,190.97570302037172,ft3
Crauste,trust-ncg,1,190.97386203917478,ft3
Crauste,trust-ncg,2,190.9752718820986,ft3
Crauste,trust-ncg,3,190.97706766176208,ft3
Crauste,trust-ncg,4,190.97509388903833,ft3
Crauste,trust-ncg,5,190.97382208937847,ft3
Crauste,trust-ncg,6,190.97732376875095,ft3
Crauste,trust-ncg,7,190.97419127923422,ft3
Crauste,trust-ncg,8,190.97697227404745,ft3
Crauste,trust-ncg,9,190.9743125241286,ft3
Crauste,trust-ncg,10,190.97626658311356,ft3
Elowitz,SLSQP,1,-65.46670610420945,ft3
Elowitz,SLSQP,2,-64.53284949669539,ft3
Elowitz,SLSQP,3,-65.45805680094985,ft3
Elowitz,SLSQP,4,-65.47523969556747,ft3
Elowitz,SLSQP,5,-65.3068319147002,ft3
Elowitz,SLSQP,6,-65.26962963322663,ft3
Elowitz,SLSQP,7,-65.43414796704522,ft3
Elowitz,SLSQP,8,-65.44251840265365,ft3
Elowitz,SLSQP,9,-65.46043658322347,ft3
Elowitz,SLSQP,10,-65.01120269253929,ft3
Elowitz,COBYLA,1,-43.89303413344471,ft3
Elowitz,COBYLA,2,-40.83202302816576,ft3
Elowitz,COBYLA,3,-44.95193957259241,ft3
Elowitz,COBYLA,4,-53.70970908804502,ft3
Elowitz,COBYLA,5,-41.58032348531931,ft3
Elowitz,COBYLA,6,-45.414030394930045,ft3
Elowitz,COBYLA,7,-47.16954456323056,ft3
Elowitz,COBYLA,8,-43.308144780466016,ft3
Elowitz,COBYLA,9,-43.308144780466016,ft3
Elowitz,COBYLA,10,-44.5038147849007,ft3
Elowitz,fides,1,-65.6297052474535,ft3
Elowitz,fides,2,-65.63091782438067,ft3
Elowitz,fides,3,-65.63344796774933,ft3
Elowitz,fides,4,-65.4931158540455,ft3
Elowitz,fides,5,-65.632759387649,ft3
Elowitz,fides,6,-65.63027982353113,ft3
Elowitz,fides,7,-65.63322334252403,ft3
Elowitz,fides,8,-65.54632886808098,ft3
Elowitz,fides,9,-65.6340216311225,ft3
Elowitz,fides,10,-65.62770157192882,ft3
Elowitz,BFGS,1,-53.68206952210928,ft3
Elowitz,BFGS,2,-59.81812380632105,ft3
Elowitz,BFGS,3,-53.68208194809976,ft3
Elowitz,BFGS,4,-61.18353998656552,ft3
Elowitz,BFGS,5,-57.623809267229596,ft3
Elowitz,BFGS,6,-60.158765562065554,ft3
Elowitz,BFGS,7,-45.53130063286908,ft3
Elowitz,BFGS,8,-55.37051309473634,ft3
Elowitz,BFGS,9,-59.60961297129068,ft3
Elowitz,BFGS,10,-59.79547542321662,ft3
Elowitz,dogleg,1,-7.474330671909982,ft3
Elowitz,dogleg,2,-10.899803935539333,ft3
Elowitz,dogleg,3,-5.677044241018751,ft3
Elowitz,dogleg,4,-7.301139264637986,ft3
Elowitz,dogleg,5,-10.743454954093034,ft3
Elowitz,dogleg,6,-9.34135172623069,ft3
Elowitz,dogleg,7,-7.112920552924544,ft3
Elowitz,dogleg,8,-7.78879351470345,ft3
Elowitz,dogleg,9,-10.655718035541481,ft3
Elowitz,dogleg,10,-10.52034974247346,ft3
Elowitz,ipopt,1,-59.81697202053557,ft3
Elowitz,ipopt,2,-61.22171642130557,ft3
Elowitz,ipopt,3,-65.53290064175566,ft3
Elowitz,ipopt,4,-59.883301666457626,ft3
Elowitz,ipopt,5,-59.97119943176353,ft3
Elowitz,ipopt,6,-59.81755159171297,ft3
Elowitz,ipopt,7,-61.93410471839158,ft3
Elowitz,ipopt,8,-59.76898341427156,ft3
Elowitz,ipopt,9,-59.713906255886286,ft3
Elowitz,ipopt,10,-59.80901042818065,ft3
Elowitz,cmaes,1,-65.63296613605343,ft3
Elowitz,cmaes,2,-65.54540798870934,ft3
Elowitz,cmaes,3,-63.239727592810944,ft3
Elowitz,cmaes,4,-65.63485912520783,ft3
Elowitz,cmaes,5,-65.63312202306746,ft3
Elowitz,cmaes,6,-65.63432982316891,ft3
Elowitz,cmaes,7,-65.49302155803717,ft3
Elowitz,cmaes,8,-65.63468912891844,ft3
Elowitz,cmaes,9,-65.49252510899402,ft3
Elowitz,cmaes,10,-58.61124845548999,ft3
Elowitz,pyswarm,1,-32.70347415661675,ft3
Elowitz,pyswarm,2,-47.40557831111917,ft3
Elowitz,pyswarm,3,-42.079117633068186,ft3
Elowitz,pyswarm,4,-38.624445314894174,ft3
Elowitz,pyswarm,5,-44.51004349528471,ft3
Elowitz,pyswarm,6,-33.92533438388087,ft3
Elowitz,pyswarm,7,-40.1921451117382,ft3
Elowitz,pyswarm,8,-37.213779032179914,ft3
Elowitz,pyswarm,9,-41.54063764870188,ft3
Elowitz,pyswarm,10,-40.34714066498774,ft3
Elowitz,L-BFGS-B,1,-61.44605174239088,ft3
Elowitz,L-BFGS-B,2,-51.65150295071191,ft3
Elowitz,L-BFGS-B,3,-51.17034913954628,ft3
Elowitz,L-BFGS-B,4,-59.24630520260051,ft3
Elowitz,L-BFGS-B,5,-65.14609191169016,ft3
Elowitz,L-BFGS-B,6,-65.21816109340634,ft3
Elowitz,L-BFGS-B,7,-61.73804016658018,ft3
Elowitz,L-BFGS-B,8,-65.50902759083804,ft3
Elowitz,L-BFGS-B,9,-59.60959541680696,ft3
Elowitz,L-BFGS-B,10,-62.15342095573976,ft3
Elowitz,Nelder-Mead,1,-49.005996091686114,ft3
Elowitz,Nelder-Mead,2,-48.51701212248028,ft3
Elowitz,Nelder-Mead,3,-46.926343632187,ft3
Elowitz,Nelder-Mead,4,-47.5924485867788,ft3
Elowitz,Nelder-Mead,5,-48.00638499268611,ft3
Elowitz,Nelder-Mead,6,-50.14809524059519,ft3
Elowitz,Nelder-Mead,7,-46.00626071928171,ft3
Elowitz,Nelder-Mead,8,-49.930718921881706,ft3
Elowitz,Nelder-Mead,9,-47.39150272040898,ft3
Elowitz,Nelder-Mead,10,-46.951548643143234,ft3
Elowitz,cg,1,-59.8127125828055,ft3
Elowitz,cg,2,-58.344911002072394,ft3
Elowitz,cg,3,-57.71990196964519,ft3
Elowitz,cg,4,-58.86868817898623,ft3
Elowitz,cg,5,-64.3180686658561,ft3
Elowitz,cg,6,-65.12955881956826,ft3
Elowitz,cg,7,-51.974585306577765,ft3
Elowitz,cg,8,-56.378406760334705,ft3
Elowitz,cg,9,-56.490777182003676,ft3
Elowitz,cg,10,-56.656087477608246,ft3
Elowitz,newton-cg,1,-61.30002185335892,ft3
Elowitz,newton-cg,2,-57.95446460211161,ft3
Elowitz,newton-cg,3,-64.8631634016453,ft3
Elowitz,newton-cg,4,-62.891194907087886,ft3
Elowitz,newton-cg,5,-59.15782610086892,ft3
Elowitz,newton-cg,6,-59.579862851630345,ft3
Elowitz,newton-cg,7,-64.27353683796784,ft3
Elowitz,newton-cg,8,-59.80531511265781,ft3
Elowitz,newton-cg,9,-60.6049351818139,ft3
Elowitz,newton-cg,10,-62.654806138347325,ft3
Elowitz,nlopt_11,1,-65.5953358846016,ft3
Elowitz,nlopt_11,2,-65.29551919972032,ft3
Elowitz,nlopt_11,3,-65.62657913387461,ft3
Elowitz,nlopt_11,4,-65.63011535628733,ft3
Elowitz,nlopt_11,5,-59.81876710642505,ft3
Elowitz,nlopt_11,6,-65.52603627468868,ft3
Elowitz,nlopt_11,7,-65.62544663091892,ft3
Elowitz,nlopt_11,8,-63.23862723377597,ft3
Elowitz,nlopt_11,9,-65.63116936829108,ft3
Elowitz,nlopt_11,10,-65.56758437788737,ft3
Elowitz,nlopt_12,1,-60.426315290327395,ft3
Elowitz,nlopt_12,2,-63.335093880696625,ft3
Elowitz,nlopt_12,3,-65.35010341567971,ft3
Elowitz,nlopt_12,4,-62.28579103418238,ft3
Elowitz,nlopt_12,5,-65.400849135058,ft3
Elowitz,nlopt_12,6,-61.51532380007423,ft3
Elowitz,nlopt_12,7,-65.54851579708536,ft3
Elowitz,nlopt_12,8,-60.82299515472478,ft3
Elowitz,nlopt_12,9,-60.48989777795354,ft3
Elowitz,nlopt_12,10,-65.54045674198447,ft3
Elowitz,nlopt_13,1,-65.61778285260931,ft3
Elowitz,nlopt_13,2,-65.28131286973917,ft3
Elowitz,nlopt_13,3,-65.53982006777375,ft3
Elowitz,nlopt_13,4,-62.163247692289666,ft3
Elowitz,nlopt_13,5,-63.23882378574062,ft3
Elowitz,nlopt_13,6,-60.24854017454339,ft3
Elowitz,nlopt_13,7,-60.12342883132075,ft3
Elowitz,nlopt_13,8,-65.63053203885153,ft3
Elowitz,nlopt_13,9,-59.88095974665823,ft3
Elowitz,nlopt_13,10,-65.6093530635291,ft3
Elowitz,nlopt_14,1,-65.5762727917936,ft3
Elowitz,nlopt_14,2,-60.246897951347016,ft3
Elowitz,nlopt_14,3,-59.61257404192231,ft3
Elowitz,nlopt_14,4,-65.62591881013618,ft3
Elowitz,nlopt_14,5,-60.16429585673786,ft3
Elowitz,nlopt_14,6,-65.52101436282427,ft3
Elowitz,nlopt_14,7,-65.62309454778963,ft3
Elowitz,nlopt_14,8,-65.54534057885274,ft3
Elowitz,nlopt_14,9,-65.51949245109975,ft3
Elowitz,nlopt_14,10,-65.62778994508433,ft3
Elowitz,nlopt_15,1,-60.15049652695639,ft3
Elowitz,nlopt_15,2,-58.48819181778508,ft3
Elowitz,nlopt_15,3,-35.67592435112075,ft3
Elowitz,nlopt_15,4,-45.81803307465592,ft3
Elowitz,nlopt_15,5,-61.43412431743354,ft3
Elowitz,nlopt_15,6,-41.88262047826477,ft3
Elowitz,nlopt_15,7,-61.99299625548351,ft3
Elowitz,nlopt_15,8,-59.76884415065025,ft3
Elowitz,nlopt_15,9,-35.34277037114396,ft3
Elowitz,nlopt_15,10,-38.01301721929774,ft3
Elowitz,nlopt_16,1,-49.77320429013043,ft3
Elowitz,nlopt_16,2,-29.716677138968844,ft3
Elowitz,nlopt_16,3,-59.768818733227164,ft3
Elowitz,nlopt_16,4,-51.33677500815277,ft3
Elowitz,nlopt_16,5,-59.76885913313253,ft3
Elowitz,nlopt_16,6,-59.81752065709301,ft3
Elowitz,nlopt_16,7,-40.749938888350506,ft3
Elowitz,nlopt_16,8,-25.383246276464874,ft3
Elowitz,nlopt_16,9,-50.938010278971,ft3
Elowitz,nlopt_16,10,-59.60808370770143,ft3
Elowitz,nlopt_18,1,-59.81966850302323,ft3
Elowitz,nlopt_18,2,-38.68118760822186,ft3
Elowitz,nlopt_18,3,-65.6092417927574,ft3
Elowitz,nlopt_18,4,-45.60080428579555,ft3
Elowitz,nlopt_18,5,-27.990433843561643,ft3
Elowitz,nlopt_18,6,-59.76863375937369,ft3
Elowitz,nlopt_18,7,-32.63839686773952,ft3
Elowitz,nlopt_18,8,-65.55742980207783,ft3
Elowitz,nlopt_18,9,-59.76853193136308,ft3
Elowitz,nlopt_18,10,-27.13075708306371,ft3
Elowitz,nlopt_21,1,-65.46438284604861,ft3
Elowitz,nlopt_21,2,-65.37005121254174,ft3
Elowitz,nlopt_21,3,-58.84035176022607,ft3
Elowitz,nlopt_21,4,-56.372280406141925,ft3
Elowitz,nlopt_21,5,-65.39999853336151,ft3
Elowitz,nlopt_21,6,-65.51848621814224,ft3
Elowitz,nlopt_21,7,-65.44109000098982,ft3
Elowitz,nlopt_21,8,-59.807879458504466,ft3
Elowitz,nlopt_21,9,-59.76784539397531,ft3
Elowitz,nlopt_21,10,-63.05389037429039,ft3
Elowitz,nlopt_23,1,-61.36186939051032,ft3
Elowitz,nlopt_23,2,-65.27441382573649,ft3
Elowitz,nlopt_23,3,-65.34742767709307,ft3
Elowitz,nlopt_23,4,-62.07914606833663,ft3
Elowitz,nlopt_23,5,-58.837086361880495,ft3
Elowitz,nlopt_23,6,-64.94863859430673,ft3
Elowitz,nlopt_23,7,-59.81996135801511,ft3
Elowitz,nlopt_23,8,-59.768685125267574,ft3
Elowitz,nlopt_23,9,-62.097914814698385,ft3
Elowitz,nlopt_23,10,-61.98998533577776,ft3
Elowitz,nlopt_26,1,-65.27469697752323,ft3
Elowitz,nlopt_26,2,-50.68362985557097,ft3
Elowitz,nlopt_26,3,-54.68418031744498,ft3
Elowitz,nlopt_26,4,-45.9193303331852,ft3
Elowitz,nlopt_26,5,-56.499030420601756,ft3
Elowitz,nlopt_26,6,-47.55448165923795,ft3
Elowitz,nlopt_26,7,-59.79012852598975,ft3
Elowitz,nlopt_26,8,-56.79418572199651,ft3
Elowitz,nlopt_26,9,-59.60651879584235,ft3
Elowitz,nlopt_26,10,-62.7274607500835,ft3
Elowitz,nlopt_28,1,-64.07660239434335,ft3
Elowitz,nlopt_28,2,-63.436169761864,ft3
Elowitz,nlopt_28,3,-61.6208117863762,ft3
Elowitz,nlopt_28,4,-57.140521496996946,ft3
Elowitz,nlopt_28,5,-59.829440340231436,ft3
Elowitz,nlopt_28,6,-60.0572640808971,ft3
Elowitz,nlopt_28,7,-57.20049079460895,ft3
Elowitz,nlopt_28,8,-59.022818319958475,ft3
Elowitz,nlopt_28,9,-50.78265451743085,ft3
Elowitz,nlopt_28,10,-61.3137380637213,ft3
Elowitz,nlopt_29,1,-65.17502567405388,ft3
Elowitz,nlopt_29,2,-60.63647011268708,ft3
Elowitz,nlopt_29,3,-59.651430577765126,ft3
Elowitz,nlopt_29,4,-61.85050757081807,ft3
Elowitz,nlopt_29,5,-61.4382005589777,ft3
Elowitz,nlopt_29,6,-64.98533794017499,ft3
Elowitz,nlopt_29,7,-62.0495370217359,ft3
Elowitz,nlopt_29,8,-62.66654769331849,ft3
Elowitz,nlopt_29,9,-64.93928224602011,ft3
Elowitz,nlopt_29,10,-65.35953921907023,ft3
Elowitz,nlopt_34,1,-24.686149496850273,ft3
Elowitz,nlopt_34,2,-24.60429075293721,ft3
Elowitz,nlopt_34,3,-25.773551697665614,ft3
Elowitz,nlopt_34,4,-43.10922431674816,ft3
Elowitz,nlopt_34,5,-56.50084659158211,ft3
Elowitz,nlopt_34,6,-24.642329986474415,ft3
Elowitz,nlopt_34,7,-23.42443972100999,ft3
Elowitz,nlopt_34,8,-26.41827183825166,ft3
Elowitz,nlopt_34,9,-24.740943410105935,ft3
Elowitz,nlopt_34,10,-50.164595451686644,ft3
Elowitz,nlopt_36,1,-65.63285238564382,ft3
Elowitz,nlopt_36,2,-62.15320991847524,ft3
Elowitz,nlopt_36,3,-65.56937938012169,ft3
Elowitz,nlopt_36,4,-61.36664089159007,ft3
Elowitz,nlopt_36,5,-65.54433110015408,ft3
Elowitz,nlopt_36,6,-65.55028595120677,ft3
Elowitz,nlopt_36,7,-65.63025265154346,ft3
Elowitz,nlopt_36,8,-62.34083767592715,ft3
Elowitz,nlopt_36,9,-65.62502868130811,ft3
Elowitz,nlopt_36,10,-65.60828343072794,ft3
Elowitz,nlopt_37,1,-65.53434507081315,ft3
Elowitz,nlopt_37,2,-65.63320805751188,ft3
Elowitz,nlopt_37,3,-62.15309377058002,ft3
Elowitz,nlopt_37,4,-65.53789800847503,ft3
Elowitz,nlopt_37,5,-65.63149026045853,ft3
Elowitz,nlopt_37,6,-65.62971358573618,ft3
Elowitz,nlopt_37,7,-65.49215997205276,ft3
Elowitz,nlopt_37,8,-62.15186833333502,ft3
Elowitz,nlopt_37,9,-65.62784918324178,ft3
Elowitz,nlopt_37,10,-65.57913028826779,ft3
Elowitz,nlopt_39,1,-63.07282417176438,ft3
Elowitz,nlopt_39,2,-65.48617449193996,ft3
Elowitz,nlopt_39,3,-65.39003315530853,ft3
Elowitz,nlopt_39,4,-59.608936498069696,ft3
Elowitz,nlopt_39,5,-59.76600311346736,ft3
Elowitz,nlopt_39,6,-58.80801552239141,ft3
Elowitz,nlopt_39,7,-65.40707277620201,ft3
Elowitz,nlopt_39,8,-59.8075738644102,ft3
Elowitz,nlopt_39,9,-64.99674303551238,ft3
Elowitz,nlopt_39,10,-65.36075826057626,ft3
Elowitz,tnc,1,-53.425111520648535,ft3
Elowitz,tnc,2,-51.45845133749492,ft3
Elowitz,tnc,3,-47.94093355604253,ft3
Elowitz,tnc,4,-55.271899584465125,ft3
Elowitz,tnc,5,-49.0537027246538,ft3
Elowitz,tnc,6,-41.01659429542568,ft3
Elowitz,tnc,7,-53.26664801119731,ft3
Elowitz,tnc,8,-43.10657095179688,ft3
Elowitz,tnc,9,-47.17325139864107,ft3
Elowitz,tnc,10,-49.596109731536124,ft3
Elowitz,trust-krylov,1,-60.14427417824245,ft3
Elowitz,trust-krylov,2,-65.56606565555269,ft3
Elowitz,trust-krylov,3,-63.16493578560904,ft3
Elowitz,trust-krylov,4,-65.53579504404719,ft3
Elowitz,trust-krylov,5,-64.79623083482956,ft3
Elowitz,trust-krylov,6,-64.92244625942574,ft3
Elowitz,trust-krylov,7,-65.33118567350489,ft3
Elowitz,trust-krylov,8,-64.61203195488143,ft3
Elowitz,trust-krylov,9,-64.5896970686371,ft3
Elowitz,trust-krylov,10,-65.55513368254218,ft3
Elowitz,trust-ncg,1,-48.151553134072664,ft3
Elowitz,trust-ncg,2,-48.72028503883006,ft3
Elowitz,trust-ncg,3,-38.64644072081744,ft3
Elowitz,trust-ncg,4,-32.572816235003366,ft3
Elowitz,trust-ncg,5,-50.102274365235736,ft3
Elowitz,trust-ncg,6,-58.80381904817829,ft3
Elowitz,trust-ncg,7,-50.65122094989138,ft3
Elowitz,trust-ncg,8,-53.508854835292865,ft3
Elowitz,trust-ncg,9,-59.60559425693346,ft3
Elowitz,trust-ncg,10,-27.03985185301802,ft3
Fiedler,SLSQP,1,-58.55177325006752,ft3
Fiedler,SLSQP,2,-58.57812155129382,ft3
Fiedler,SLSQP,3,-58.57865190319955,ft3
Fiedler,SLSQP,4,-58.56062268325884,ft3
Fiedler,SLSQP,5,-58.57804849803064,ft3
Fiedler,SLSQP,6,-58.57614598058602,ft3
Fiedler,SLSQP,7,-58.56968113294796,ft3
Fiedler,SLSQP,8,-58.52955883199647,ft3
Fiedler,SLSQP,9,-58.552678611945915,ft3
Fiedler,SLSQP,10,-58.5778793809354,ft3
Fiedler,COBYLA,1,-48.75620609552095,ft3
Fiedler,COBYLA,2,-51.43200173076086,ft3
Fiedler,COBYLA,3,-50.707946520380624,ft3
Fiedler,COBYLA,4,-49.323611517471704,ft3
Fiedler,COBYLA,5,-48.72959758237,ft3
Fiedler,COBYLA,6,-50.853873740297374,ft3
Fiedler,COBYLA,7,-46.93084529780481,ft3
Fiedler,COBYLA,8,-50.05387234673372,ft3
Fiedler,COBYLA,9,-52.61428835534636,ft3
Fiedler,COBYLA,10,-51.69424526552187,ft3
Fiedler,fides,1,-58.58395258769298,ft3
Fiedler,fides,2,-58.583949992430334,ft3
Fiedler,fides,3,-58.58394278192909,ft3
Fiedler,fides,4,-58.58393611091241,ft3
Fiedler,fides,5,-58.58391357502344,ft3
Fiedler,fides,6,-58.58393870010144,ft3
Fiedler,fides,7,-58.58393796188633,ft3
Fiedler,fides,8,-58.58391254719129,ft3
Fiedler,fides,9,-58.58394567768406,ft3
Fiedler,fides,10,-58.58394407147002,ft3
Fiedler,BFGS,1,-58.55116053173954,ft3
Fiedler,BFGS,2,-58.56984926380218,ft3
Fiedler,BFGS,3,-58.5600475844857,ft3
Fiedler,BFGS,4,-58.269748106243526,ft3
Fiedler,BFGS,5,-57.577734524364146,ft3
Fiedler,BFGS,6,-58.51914770321015,ft3
Fiedler,BFGS,7,-56.99013936607706,ft3
Fiedler,BFGS,8,-58.54509013337083,ft3
Fiedler,BFGS,9,-58.56400223407616,ft3
Fiedler,BFGS,10,-58.48903152727344,ft3
Fiedler,dogleg,1,-54.72492548049075,ft3
Fiedler,dogleg,2,-32.84681550075392,ft3
Fiedler,dogleg,3,-48.19455608958144,ft3
Fiedler,dogleg,4,-30.437989178367165,ft3
Fiedler,dogleg,5,-47.79068827505206,ft3
Fiedler,dogleg,6,-33.65372709627815,ft3
Fiedler,dogleg,7,-38.571620950191885,ft3
Fiedler,dogleg,8,-30.01177446184454,ft3
Fiedler,dogleg,9,-34.494370135875876,ft3
Fiedler,dogleg,10,-47.64621139389918,ft3
Fiedler,ipopt,1,-58.58370525228972,ft3
Fiedler,ipopt,2,-58.583935429999514,ft3
Fiedler,ipopt,3,-58.583920120731065,ft3
Fiedler,ipopt,4,-58.58359104787234,ft3
Fiedler,ipopt,5,-58.58358110616559,ft3
Fiedler,ipopt,6,-58.58389054864445,ft3
Fiedler,ipopt,7,-58.58394379035876,ft3
Fiedler,ipopt,8,-58.58360435252557,ft3
Fiedler,ipopt,9,-58.583700966494725,ft3
Fiedler,ipopt,10,-58.58363979307734,ft3
Fiedler,cmaes,1,-58.583921249765396,ft3
Fiedler,cmaes,2,-58.58394701686281,ft3
Fiedler,cmaes,3,-58.583936144547096,ft3
Fiedler,cmaes,4,-58.58395262419638,ft3
Fiedler,cmaes,5,-58.58395043464823,ft3
Fiedler,cmaes,6,-58.58394663134549,ft3
Fiedler,cmaes,7,-58.58395448468722,ft3
Fiedler,cmaes,8,-58.58389170376854,ft3
Fiedler,cmaes,9,-58.58394836940109,ft3
Fiedler,cmaes,10,-58.58391731961924,ft3
Fiedler,pyswarm,1,-27.401853621288513,ft3
Fiedler,pyswarm,2,-33.81317071722817,ft3
Fiedler,pyswarm,3,-20.075359000974675,ft3
Fiedler,pyswarm,4,-14.49952506946724,ft3
Fiedler,pyswarm,5,-27.003318568480985,ft3
Fiedler,pyswarm,6,-18.57444646860016,ft3
Fiedler,pyswarm,7,-25.259483773698665,ft3
Fiedler,pyswarm,8,-17.595168483342597,ft3
Fiedler,pyswarm,9,-23.49799063316185,ft3
Fiedler,pyswarm,10,-18.958153714489,ft3
Fiedler,L-BFGS-B,1,-58.58324017439581,ft3
Fiedler,L-BFGS-B,2,-58.58376427932569,ft3
Fiedler,L-BFGS-B,3,-58.57483581208412,ft3
Fiedler,L-BFGS-B,4,-58.58391094099404,ft3
Fiedler,L-BFGS-B,5,-58.56454733666801,ft3
Fiedler,L-BFGS-B,6,-58.58394038104251,ft3
Fiedler,L-BFGS-B,7,-58.583915887664304,ft3
Fiedler,L-BFGS-B,8,-58.583792366885675,ft3
Fiedler,L-BFGS-B,9,-58.581303338448194,ft3
Fiedler,L-BFGS-B,10,-58.58352353891359,ft3
Fiedler,Nelder-Mead,1,-38.030735114886156,ft3
Fiedler,Nelder-Mead,2,-41.409997977636166,ft3
Fiedler,Nelder-Mead,3,-43.59414279651754,ft3
Fiedler,Nelder-Mead,4,-35.961568880544505,ft3
Fiedler,Nelder-Mead,5,-30.201695066447556,ft3
Fiedler,Nelder-Mead,6,-40.27890497117335,ft3
Fiedler,Nelder-Mead,7,-33.43298505652528,ft3
Fiedler,Nelder-Mead,8,-37.43899649192112,ft3
Fiedler,Nelder-Mead,9,-30.29176333773517,ft3
Fiedler,Nelder-Mead,10,-42.58253171863644,ft3
Fiedler,cg,1,-58.549277355851984,ft3
Fiedler,cg,2,-58.57057224051976,ft3
Fiedler,cg,3,-56.83751734772626,ft3
Fiedler,cg,4,-58.57488717666713,ft3
Fiedler,cg,5,-58.575858425380076,ft3
Fiedler,cg,6,-58.56583184568654,ft3
Fiedler,cg,7,-58.56394557120137,ft3
Fiedler,cg,8,-58.57081436884366,ft3
Fiedler,cg,9,-58.56998417674271,ft3
Fiedler,cg,10,-58.55934431431037,ft3
Fiedler,newton-cg,1,-58.57036921083449,ft3
Fiedler,newton-cg,2,-58.576359758836276,ft3
Fiedler,newton-cg,3,-58.563556983864835,ft3
Fiedler,newton-cg,4,-58.57847425161538,ft3
Fiedler,newton-cg,5,-58.5749886975274,ft3
Fiedler,newton-cg,6,-58.58272741145172,ft3
Fiedler,newton-cg,7,-58.58304028976903,ft3
Fiedler,newton-cg,8,-58.571181444965504,ft3
Fiedler,newton-cg,9,-58.57256582017735,ft3
Fiedler,newton-cg,10,-58.576409620229946,ft3
Fiedler,nlopt_11,1,-58.58395277231191,ft3
Fiedler,nlopt_11,2,-58.583952482317486,ft3
Fiedler,nlopt_11,3,-58.58395276664964,ft3
Fiedler,nlopt_11,4,-58.58395287853409,ft3
Fiedler,nlopt_11,5,-58.583951019945275,ft3
Fiedler,nlopt_11,6,-58.583952529175065,ft3
Fiedler,nlopt_11,7,-58.583952903144095,ft3
Fiedler,nlopt_11,8,-58.58395280417515,ft3
Fiedler,nlopt_11,9,-58.58395279185402,ft3
Fiedler,nlopt_11,10,-58.583952432192625,ft3
Fiedler,nlopt_12,1,-58.574465054170105,ft3
Fiedler,nlopt_12,2,-58.557425052911285,ft3
Fiedler,nlopt_12,3,-58.56689684220376,ft3
Fiedler,nlopt_12,4,-58.542713318657576,ft3
Fiedler,nlopt_12,5,-58.58200344571664,ft3
Fiedler,nlopt_12,6,-58.58024617198947,ft3
Fiedler,nlopt_12,7,-58.5339256678463,ft3
Fiedler,nlopt_12,8,-58.56222416652969,ft3
Fiedler,nlopt_12,9,-58.28870234452447,ft3
Fiedler,nlopt_12,10,-58.57961872691006,ft3
Fiedler,nlopt_13,1,-58.58395265782565,ft3
Fiedler,nlopt_13,2,-58.58395253177018,ft3
Fiedler,nlopt_13,3,-58.58395230578565,ft3
Fiedler,nlopt_13,4,-58.58395279373828,ft3
Fiedler,nlopt_13,5,-58.583951997948006,ft3
Fiedler,nlopt_13,6,-58.583952792690205,ft3
Fiedler,nlopt_13,7,-58.583951285386554,ft3
Fiedler,nlopt_13,8,-58.58395221890387,ft3
Fiedler,nlopt_13,9,-58.583952754643,ft3
Fiedler,nlopt_13,10,-58.583952690084146,ft3
Fiedler,nlopt_14,1,-58.583951197640175,ft3
Fiedler,nlopt_14,2,-58.58395279908863,ft3
Fiedler,nlopt_14,3,-58.58395248302729,ft3
Fiedler,nlopt_14,4,-58.5839521356679,ft3
Fiedler,nlopt_14,5,-58.58395281884788,ft3
Fiedler,nlopt_14,6,-58.583952191578135,ft3
Fiedler,nlopt_14,7,-58.58395279357364,ft3
Fiedler,nlopt_14,8,-58.58395214054957,ft3
Fiedler,nlopt_14,9,-58.58395279448422,ft3
Fiedler,nlopt_14,10,-58.583952192474484,ft3
Fiedler,nlopt_15,1,-56.25248793622456,ft3
Fiedler,nlopt_15,2,-58.554144206606324,ft3
Fiedler,nlopt_15,3,-58.25264383905124,ft3
Fiedler,nlopt_15,4,-58.565171545614334,ft3
Fiedler,nlopt_15,5,-58.17576069419336,ft3
Fiedler,nlopt_15,6,-58.58394775046813,ft3
Fiedler,nlopt_15,7,-58.5836803546116,ft3
Fiedler,nlopt_15,8,-58.57275943941245,ft3
Fiedler,nlopt_15,9,-58.58385130166468,ft3
Fiedler,nlopt_15,10,-58.50470415343082,ft3
Fiedler,nlopt_16,1,-58.58373386780286,ft3
Fiedler,nlopt_16,2,-58.583952666943,ft3
Fiedler,nlopt_16,3,-58.58354288781861,ft3
Fiedler,nlopt_16,4,-58.583634913423424,ft3
Fiedler,nlopt_16,5,-58.58384902157232,ft3
Fiedler,nlopt_16,6,-58.56478171734378,ft3
Fiedler,nlopt_16,7,-58.58376937586718,ft3
Fiedler,nlopt_16,8,-57.48800717250809,ft3
Fiedler,nlopt_16,9,-49.49410948808745,ft3
Fiedler,nlopt_16,10,-58.583912107408636,ft3
Fiedler,nlopt_18,1,-58.58395170462857,ft3
Fiedler,nlopt_18,2,-58.58390139667354,ft3
Fiedler,nlopt_18,3,-58.58395243988615,ft3
Fiedler,nlopt_18,4,-58.583952843862505,ft3
Fiedler,nlopt_18,5,-56.780595087406,ft3
Fiedler,nlopt_18,6,-58.58394839310712,ft3
Fiedler,nlopt_18,7,-56.248732058780455,ft3
Fiedler,nlopt_18,8,-58.56490544269235,ft3
Fiedler,nlopt_18,9,-58.56428312038351,ft3
Fiedler,nlopt_18,10,-58.56455283606838,ft3
Fiedler,nlopt_21,1,-58.58394478148933,ft3
Fiedler,nlopt_21,2,-58.58306672092092,ft3
Fiedler,nlopt_21,3,-58.582637375597,ft3
Fiedler,nlopt_21,4,-58.582249645860415,ft3
Fiedler,nlopt_21,5,-58.583951938507276,ft3
Fiedler,nlopt_21,6,-58.58391609226862,ft3
Fiedler,nlopt_21,7,-58.58387275185454,ft3
Fiedler,nlopt_21,8,-58.58384573309947,ft3
Fiedler,nlopt_21,9,-58.58340930628814,ft3
Fiedler,nlopt_21,10,-58.5839475405091,ft3
Fiedler,nlopt_23,1,-58.565524515323816,ft3
Fiedler,nlopt_23,2,-58.58157169146526,ft3
Fiedler,nlopt_23,3,-58.583468444449025,ft3
Fiedler,nlopt_23,4,-58.56527443466685,ft3
Fiedler,nlopt_23,5,-58.58349551658743,ft3
Fiedler,nlopt_23,6,-58.58044724755105,ft3
Fiedler,nlopt_23,7,-58.58325956534859,ft3
Fiedler,nlopt_23,8,-58.58394809597346,ft3
Fiedler,nlopt_23,9,-58.582251593453506,ft3
Fiedler,nlopt_23,10,-58.583887577069184,ft3
Fiedler,nlopt_26,1,-58.58125676686416,ft3
Fiedler,nlopt_26,2,-58.561520271345444,ft3
Fiedler,nlopt_26,3,-58.52937741032111,ft3
Fiedler,nlopt_26,4,-58.575787872631466,ft3
Fiedler,nlopt_26,5,-57.56247926711714,ft3
Fiedler,nlopt_26,6,-58.581596094027084,ft3
Fiedler,nlopt_26,7,-58.5813267136178,ft3
Fiedler,nlopt_26,8,-58.352550653533974,ft3
Fiedler,nlopt_26,9,-58.56433176417451,ft3
Fiedler,nlopt_26,10,-58.581681541419705,ft3
Fiedler,nlopt_28,1,-52.67430455541049,ft3
Fiedler,nlopt_28,2,-53.092225599233984,ft3
Fiedler,nlopt_28,3,-57.00452738653607,ft3
Fiedler,nlopt_28,4,-53.16201990457235,ft3
Fiedler,nlopt_28,5,-55.10231843920262,ft3
Fiedler,nlopt_28,6,-52.19853193376359,ft3
Fiedler,nlopt_28,7,-51.985048763211246,ft3
Fiedler,nlopt_28,8,-55.833334860317436,ft3
Fiedler,nlopt_28,9,-52.78432821025459,ft3
Fiedler,nlopt_28,10,-54.607238691389234,ft3
Fiedler,nlopt_29,1,-58.42830494824741,ft3
Fiedler,nlopt_29,2,-58.428616667421515,ft3
Fiedler,nlopt_29,3,-57.40791279878604,ft3
Fiedler,nlopt_29,4,-58.450925959278436,ft3
Fiedler,nlopt_29,5,-58.47952359577607,ft3
Fiedler,nlopt_29,6,-56.98782274821326,ft3
Fiedler,nlopt_29,7,-58.452843869647076,ft3
Fiedler,nlopt_29,8,-57.47273904639348,ft3
Fiedler,nlopt_29,9,-57.499264510839744,ft3
Fiedler,nlopt_29,10,-53.79519814608455,ft3
Fiedler,nlopt_34,1,-50.11497905866718,ft3
Fiedler,nlopt_34,2,-48.48556253360004,ft3
Fiedler,nlopt_34,3,-51.12870556101458,ft3
Fiedler,nlopt_34,4,-48.46061582685712,ft3
Fiedler,nlopt_34,5,-49.47702645349294,ft3
Fiedler,nlopt_34,6,-55.37291717302818,ft3
Fiedler,nlopt_34,7,-37.38958127775471,ft3
Fiedler,nlopt_34,8,-56.18094470047381,ft3
Fiedler,nlopt_34,9,-52.354373410927266,ft3
Fiedler,nlopt_34,10,-56.67916274444309,ft3
Fiedler,nlopt_36,1,-58.58395287411446,ft3
Fiedler,nlopt_36,2,-58.58395278391683,ft3
Fiedler,nlopt_36,3,-58.5839526325627,ft3
Fiedler,nlopt_36,4,-58.58395280340922,ft3
Fiedler,nlopt_36,5,-58.58395280978765,ft3
Fiedler,nlopt_36,6,-58.583951159659655,ft3
Fiedler,nlopt_36,7,-58.58395287000121,ft3
Fiedler,nlopt_36,8,-58.58395275639862,ft3
Fiedler,nlopt_36,9,-58.583952701246595,ft3
Fiedler,nlopt_36,10,-58.583952786373516,ft3
Fiedler,nlopt_37,1,-58.58395222322047,ft3
Fiedler,nlopt_37,2,-58.58395285433471,ft3
Fiedler,nlopt_37,3,-58.58395069703258,ft3
Fiedler,nlopt_37,4,-58.58395278538879,ft3
Fiedler,nlopt_37,5,-58.58395276769638,ft3
Fiedler,nlopt_37,6,-58.58395260071611,ft3
Fiedler,nlopt_37,7,-58.58395277670452,ft3
Fiedler,nlopt_37,8,-58.58395280557782,ft3
Fiedler,nlopt_37,9,-58.58395171172287,ft3
Fiedler,nlopt_37,10,-58.58395279037379,ft3
Fiedler,nlopt_39,1,-58.58349084092985,ft3
Fiedler,nlopt_39,2,-58.58363338917861,ft3
Fiedler,nlopt_39,3,-58.58395044956936,ft3
Fiedler,nlopt_39,4,-58.58250029501703,ft3
Fiedler,nlopt_39,5,-58.58317910856215,ft3
Fiedler,nlopt_39,6,-58.58332162740955,ft3
Fiedler,nlopt_39,7,-58.56563621993493,ft3
Fiedler,nlopt_39,8,-58.58384115674873,ft3
Fiedler,nlopt_39,9,-58.564973118324545,ft3
Fiedler,nlopt_39,10,-58.58394677828386,ft3
Fiedler,tnc,1,-51.57320439452684,ft3
Fiedler,tnc,2,-52.98921713018245,ft3
Fiedler,tnc,3,-50.21590613604064,ft3
Fiedler,tnc,4,-52.158927195351055,ft3
Fiedler,tnc,5,-52.221910446836375,ft3
Fiedler,tnc,6,-54.90160649670633,ft3
Fiedler,tnc,7,-53.95612768991225,ft3
Fiedler,tnc,8,-54.449484333176585,ft3
Fiedler,tnc,9,-49.12669368690884,ft3
Fiedler,tnc,10,-53.30163632083083,ft3
Fiedler,trust-krylov,1,-58.58371942192807,ft3
Fiedler,trust-krylov,2,-58.58358222584825,ft3
Fiedler,trust-krylov,3,-58.58373699146692,ft3
Fiedler,trust-krylov,4,-58.58367791490584,ft3
Fiedler,trust-krylov,5,-58.58334752312494,ft3
Fiedler,trust-krylov,6,-58.58344364333013,ft3
Fiedler,trust-krylov,7,-58.583511645096436,ft3
Fiedler,trust-krylov,8,-58.5831354290911,ft3
Fiedler,trust-krylov,9,-58.582446043761266,ft3
Fiedler,trust-krylov,10,-58.583181564957975,ft3
Fiedler,trust-ncg,1,-49.38854373153522,ft3
Fiedler,trust-ncg,2,-31.21196603545071,ft3
Fiedler,trust-ncg,3,-55.07816770510269,ft3
Fiedler,trust-ncg,4,-57.40718988442401,ft3
Fiedler,trust-ncg,5,-54.44740774540415,ft3
Fiedler,trust-ncg,6,-34.31688130452364,ft3
Fiedler,trust-ncg,7,-58.54143287132474,ft3
Fiedler,trust-ncg,8,-49.412283453069264,ft3
Fiedler,trust-ncg,9,-58.454355141744344,ft3
Fiedler,trust-ncg,10,-48.75937108803389,ft3
Fujita,SLSQP,1,-63.41708805018002,ft3
Fujita,SLSQP,2,-66.09404284467283,ft3
Fujita,SLSQP,3,-60.769596215444146,ft3
Fujita,SLSQP,4,-56.9023418310483,ft3
Fujita,SLSQP,5,-58.24940383530042,ft3
Fujita,SLSQP,6,-53.054456046627706,ft3
Fujita,SLSQP,7,-34.930598836467254,ft3
Fujita,SLSQP,8,-65.72627858792491,ft3
Fujita,SLSQP,9,-57.35235863864615,ft3
Fujita,SLSQP,10,-56.9617172720138,ft3
Fujita,COBYLA,1,856.2972483993708,ft3
Fujita,COBYLA,2,1031.1325770668877,ft3
Fujita,COBYLA,3,1027.846994075737,ft3
Fujita,COBYLA,4,1062.1231327608673,ft3
Fujita,COBYLA,5,359.074885964732,ft3
Fujita,COBYLA,6,611.6592157153743,ft3
Fujita,COBYLA,7,1070.8583883274205,ft3
Fujita,COBYLA,8,958.0747288328783,ft3
Fujita,COBYLA,9,696.2186668187067,ft3
Fujita,COBYLA,10,928.3142224629817,ft3
Fujita,fides,1,-66.58099110616399,ft3
Fujita,fides,2,-66.58099387017711,ft3
Fujita,fides,3,-66.58099451080507,ft3
Fujita,fides,4,-66.58099204718968,ft3
Fujita,fides,5,-66.58098445156799,ft3
Fujita,fides,6,-66.58099469201964,ft3
Fujita,fides,7,-66.58099310603069,ft3
Fujita,fides,8,-66.58099019313482,ft3
Fujita,fides,9,-66.58099351702695,ft3
Fujita,fides,10,-66.58098725615892,ft3
Fujita,BFGS,1,831.762059378842,ft3
Fujita,BFGS,2,929.3059161547067,ft3
Fujita,BFGS,3,1013.6655519505189,ft3
Fujita,BFGS,4,317.3457896337675,ft3
Fujita,BFGS,5,187.5442985001962,ft3
Fujita,BFGS,6,1062.4474480931844,ft3
Fujita,BFGS,7,638.6496137201177,ft3
Fujita,BFGS,8,196.36551796890473,ft3
Fujita,BFGS,9,539.7388383016059,ft3
Fujita,BFGS,10,922.6163473755557,ft3
Fujita,dogleg,1,3243.671204327423,ft3
Fujita,dogleg,2,3940.4802482443015,ft3
Fujita,dogleg,3,4103.747843881076,ft3
Fujita,dogleg,4,3955.794376178937,ft3
Fujita,dogleg,5,3438.5599597967685,ft3
Fujita,dogleg,6,3444.4552670761236,ft3
Fujita,dogleg,7,3701.3560708880614,ft3
Fujita,dogleg,8,3763.8472289635583,ft3
Fujita,dogleg,9,3547.5331262030213,ft3
Fujita,dogleg,10,4087.7048680728667,ft3
Fujita,ipopt,1,385.1305658682141,ft3
Fujita,ipopt,2,-66.57980196451771,ft3
Fujita,ipopt,3,-45.084021270358896,ft3
Fujita,ipopt,4,752.4612929625296,ft3
Fujita,ipopt,5,85.1924293487738,ft3
Fujita,ipopt,6,905.9584947105095,ft3
Fujita,ipopt,7,754.8756172139017,ft3
Fujita,ipopt,8,141.58020216959278,ft3
Fujita,ipopt,9,922.4661282353813,ft3
Fujita,ipopt,10,721.6682120203675,ft3
Fujita,cmaes,1,-66.5810125537765,ft3
Fujita,cmaes,2,-66.58101616081399,ft3
Fujita,cmaes,3,-66.58101268082626,ft3
Fujita,cmaes,4,-66.58101517675345,ft3
Fujita,cmaes,5,-66.58101487396796,ft3
Fujita,cmaes,6,-66.581017762532,ft3
Fujita,cmaes,7,-66.58101822877245,ft3
Fujita,cmaes,8,-66.58101752355279,ft3
Fujita,cmaes,9,-66.58101038022899,ft3
Fujita,cmaes,10,-66.58101910543006,ft3
Fujita,pyswarm,1,417.82713471709224,ft3
Fujita,pyswarm,2,696.2557424888846,ft3
Fujita,pyswarm,3,459.95466082838857,ft3
Fujita,pyswarm,4,320.9749441961966,ft3
Fujita,pyswarm,5,422.69280750726773,ft3
Fujita,pyswarm,6,860.8374912849341,ft3
Fujita,pyswarm,7,429.8262637517498,ft3
Fujita,pyswarm,8,548.9495725560789,ft3
Fujita,pyswarm,9,376.5215187474015,ft3
Fujita,pyswarm,10,450.72759799121764,ft3
Fujita,L-BFGS-B,1,949.3833978143939,ft3
Fujita,L-BFGS-B,2,-45.49736742552317,ft3
Fujita,L-BFGS-B,3,808.0400421120582,ft3
Fujita,L-BFGS-B,4,190.22842162930675,ft3
Fujita,L-BFGS-B,5,1134.0011177931246,ft3
Fujita,L-BFGS-B,6,981.1945423828186,ft3
Fujita,L-BFGS-B,7,988.0380394868353,ft3
Fujita,L-BFGS-B,8,289.45160915054225,ft3
Fujita,L-BFGS-B,9,874.5394130748812,ft3
Fujita,L-BFGS-B,10,98.67396690218192,ft3
Fujita,Nelder-Mead,1,556.3288890835203,ft3
Fujita,Nelder-Mead,2,376.8388539713197,ft3
Fujita,Nelder-Mead,3,307.8007639784317,ft3
Fujita,Nelder-Mead,4,339.71619289068093,ft3
Fujita,Nelder-Mead,5,332.43203252120406,ft3
Fujita,Nelder-Mead,6,335.8115724106076,ft3
Fujita,Nelder-Mead,7,194.6285383373281,ft3
Fujita,Nelder-Mead,8,328.24385596326005,ft3
Fujita,Nelder-Mead,9,419.43068873157364,ft3
Fujita,Nelder-Mead,10,377.0419632689264,ft3
Fujita,cg,1,378.03812394986363,ft3
Fujita,cg,2,933.5479536292476,ft3
Fujita,cg,3,930.8608464227611,ft3
Fujita,cg,4,931.4874963218901,ft3
Fujita,cg,5,99.34681074144773,ft3
Fujita,cg,6,942.5397845064613,ft3
Fujita,cg,7,883.9728500421825,ft3
Fujita,cg,8,928.8441266873856,ft3
Fujita,cg,9,766.8859757847172,ft3
Fujita,cg,10,999.4253346288083,ft3
Fujita,newton-cg,1,98.39424629464804,ft3
Fujita,newton-cg,2,112.98760923752923,ft3
Fujita,newton-cg,3,651.8459421234652,ft3
Fujita,newton-cg,4,-6.613494328417659,ft3
Fujita,newton-cg,5,68.88094921381551,ft3
Fujita,newton-cg,6,142.28143856378455,ft3
Fujita,newton-cg,7,-51.30908716877517,ft3
Fujita,newton-cg,8,-29.27571203253225,ft3
Fujita,newton-cg,9,93.16325165081881,ft3
Fujita,newton-cg,10,168.62378722671792,ft3
Fujita,nlopt_11,1,-45.48962893599888,ft3
Fujita,nlopt_11,2,-19.932989770422704,ft3
Fujita,nlopt_11,3,36.99875169452568,ft3
Fujita,nlopt_11,4,-30.007811146328415,ft3
Fujita,nlopt_11,5,11.928946361101204,ft3
Fujita,nlopt_11,6,-31.980805490831475,ft3
Fujita,nlopt_11,7,-66.58097648213273,ft3
Fujita,nlopt_11,8,-44.10481400244271,ft3
Fujita,nlopt_11,9,24.431217219570435,ft3
Fujita,nlopt_11,10,-13.240502082886954,ft3
Fujita,nlopt_12,1,-52.78458168631687,ft3
Fujita,nlopt_12,2,-53.04374888459858,ft3
Fujita,nlopt_12,3,-55.408305458405366,ft3
Fujita,nlopt_12,4,-53.026103132456456,ft3
Fujita,nlopt_12,5,-45.56827553774327,ft3
Fujita,nlopt_12,6,-60.9376654431782,ft3
Fujita,nlopt_12,7,-45.111782865572884,ft3
Fujita,nlopt_12,8,-66.3909823029013,ft3
Fujita,nlopt_12,9,-66.57281211857256,ft3
Fujita,nlopt_12,10,-61.225047379047474,ft3
Fujita,nlopt_13,1,-22.454824483705337,ft3
Fujita,nlopt_13,2,-43.58171378364633,ft3
Fujita,nlopt_13,3,98.64063697908469,ft3
Fujita,nlopt_13,4,-29.152548271688495,ft3
Fujita,nlopt_13,5,116.79774991356096,ft3
Fujita,nlopt_13,6,14.37129972455914,ft3
Fujita,nlopt_13,7,109.32019348345294,ft3
Fujita,nlopt_13,8,109.21019394892821,ft3
Fujita,nlopt_13,9,1.0215458709568068,ft3
Fujita,nlopt_13,10,-7.436420361877371,ft3
Fujita,nlopt_14,1,63.45093301419881,ft3
Fujita,nlopt_14,2,-52.66003814202931,ft3
Fujita,nlopt_14,3,92.84385888930663,ft3
Fujita,nlopt_14,4,-43.567839280500905,ft3
Fujita,nlopt_14,5,68.97882560341532,ft3
Fujita,nlopt_14,6,6.836741424397928,ft3
Fujita,nlopt_14,7,153.0075538138315,ft3
Fujita,nlopt_14,8,54.584098498921605,ft3
Fujita,nlopt_14,9,163.9859694169349,ft3
Fujita,nlopt_14,10,3.680559324096407,ft3
Fujita,nlopt_15,1,-47.445418419568554,ft3
Fujita,nlopt_15,2,127.23943276411147,ft3
Fujita,nlopt_15,3,956.5518805753145,ft3
Fujita,nlopt_15,4,967.9426513454965,ft3
Fujita,nlopt_15,5,452.632441620738,ft3
Fujita,nlopt_15,6,1402.6021068563866,ft3
Fujita,nlopt_15,7,956.7889307626115,ft3
Fujita,nlopt_15,8,1073.9182057857179,ft3
Fujita,nlopt_15,9,969.8429778625739,ft3
Fujita,nlopt_15,10,941.1729820644783,ft3
Fujita,nlopt_16,1,1021.2482440302999,ft3
Fujita,nlopt_16,2,948.3958525554663,ft3
Fujita,nlopt_16,3,266.5421877039305,ft3
Fujita,nlopt_16,4,148.83672579735224,ft3
Fujita,nlopt_16,5,-19.578556074951276,ft3
Fujita,nlopt_16,6,997.1245365766858,ft3
Fujita,nlopt_16,7,-19.58164809036007,ft3
Fujita,nlopt_16,8,205.44555220403493,ft3
Fujita,nlopt_16,9,-45.47894725303522,ft3
Fujita,nlopt_16,10,950.3913036089401,ft3
Fujita,nlopt_18,1,709.7212625934771,ft3
Fujita,nlopt_18,2,372.97510428414637,ft3
Fujita,nlopt_18,3,929.6499309225893,ft3
Fujita,nlopt_18,4,125.32257042859533,ft3
Fujita,nlopt_18,5,129.5347278398807,ft3
Fujita,nlopt_18,6,1033.3438406122705,ft3
Fujita,nlopt_18,7,1.5216261070566048,ft3
Fujita,nlopt_18,8,933.9270201325506,ft3
Fujita,nlopt_18,9,943.6249517566414,ft3
Fujita,nlopt_18,10,933.9600510970618,ft3
Fujita,nlopt_21,1,-31.900480094565314,ft3
Fujita,nlopt_21,2,3.9552332245129023,ft3
Fujita,nlopt_21,3,116.63950121169381,ft3
Fujita,nlopt_21,4,-43.49118802961139,ft3
Fujita,nlopt_21,5,118.01970690904425,ft3
Fujita,nlopt_21,6,0.25000091838743543,ft3
Fujita,nlopt_21,7,-43.58156620688041,ft3
Fujita,nlopt_21,8,-17.848780488402713,ft3
Fujita,nlopt_21,9,51.43261605325344,ft3
Fujita,nlopt_21,10,139.17384641557658,ft3
Fujita,nlopt_23,1,110.6215632383645,ft3
Fujita,nlopt_23,2,11.566768548834048,ft3
Fujita,nlopt_23,3,94.00744656786917,ft3
Fujita,nlopt_23,4,178.29786329588836,ft3
Fujita,nlopt_23,5,94.72842554597915,ft3
Fujita,nlopt_23,6,83.98386338722707,ft3
Fujita,nlopt_23,7,922.121343960614,ft3
Fujita,nlopt_23,8,879.0432002717503,ft3
Fujita,nlopt_23,9,133.50660372467263,ft3
Fujita,nlopt_23,10,113.32662785401155,ft3
Fujita,nlopt_26,1,6.763075855014504,ft3
Fujita,nlopt_26,2,23.975919292099267,ft3
Fujita,nlopt_26,3,274.1812746514452,ft3
Fujita,nlopt_26,4,15.6771561687391,ft3
Fujita,nlopt_26,5,96.7038197804316,ft3
Fujita,nlopt_26,6,-45.815535372426595,ft3
Fujita,nlopt_26,7,-2.4189959545909296,ft3
Fujita,nlopt_26,8,321.99374528660076,ft3
Fujita,nlopt_26,9,197.78644823978414,ft3
Fujita,nlopt_26,10,-42.7498736255477,ft3
Fujita,nlopt_28,1,95.58047430218282,ft3
Fujita,nlopt_28,2,9.185213128446598,ft3
Fujita,nlopt_28,3,110.49541390989069,ft3
Fujita,nlopt_28,4,134.89744981543413,ft3
Fujita,nlopt_28,5,97.41573111772094,ft3
Fujita,nlopt_28,6,-2.5352314418857738,ft3
Fujita,nlopt_28,7,91.51504521537169,ft3
Fujita,nlopt_28,8,114.47635504055134,ft3
Fujita,nlopt_28,9,74.41115502070029,ft3
Fujita,nlopt_28,10,38.9770062014626,ft3
Fujita,nlopt_29,1,-66.42195274171779,ft3
Fujita,nlopt_29,2,-66.17834701801439,ft3
Fujita,nlopt_29,3,-66.32145961803846,ft3
Fujita,nlopt_29,4,-60.864187985707474,ft3
Fujita,nlopt_29,5,-65.87257036395151,ft3
Fujita,nlopt_29,6,-66.4568307531421,ft3
Fujita,nlopt_29,7,-61.23128130081121,ft3
Fujita,nlopt_29,8,-44.086528707943444,ft3
Fujita,nlopt_29,9,-50.94871668897433,ft3
Fujita,nlopt_29,10,-56.206246023164724,ft3
Fujita,nlopt_34,1,854.3260579513258,ft3
Fujita,nlopt_34,2,1102.3362348727755,ft3
Fujita,nlopt_34,3,714.5722566055439,ft3
Fujita,nlopt_34,4,986.9329685872628,ft3
Fujita,nlopt_34,5,88.14114528756281,ft3
Fujita,nlopt_34,6,-7.97562817924797,ft3
Fujita,nlopt_34,7,1118.293522557865,ft3
Fujita,nlopt_34,8,1866.9537248265478,ft3
Fujita,nlopt_34,9,50.28010682319235,ft3
Fujita,nlopt_34,10,133.14383330137434,ft3
Fujita,nlopt_36,1,-10.794757216754729,ft3
Fujita,nlopt_36,2,-45.81770423127473,ft3
Fujita,nlopt_36,3,-43.581929271035634,ft3
Fujita,nlopt_36,4,-52.12112827756425,ft3
Fujita,nlopt_36,5,-52.53213138434501,ft3
Fujita,nlopt_36,6,-19.557388982796986,ft3
Fujita,nlopt_36,7,5.838983575312632,ft3
Fujita,nlopt_36,8,3.7300119414071133,ft3
Fujita,nlopt_36,9,-66.58063790101082,ft3
Fujita,nlopt_36,10,56.282021121371145,ft3
Fujita,nlopt_37,1,-61.25447755417021,ft3
Fujita,nlopt_37,2,-45.846523300096166,ft3
Fujita,nlopt_37,3,-17.909913538459904,ft3
Fujita,nlopt_37,4,-66.58088783075527,ft3
Fujita,nlopt_37,5,-0.07197808489725332,ft3
Fujita,nlopt_37,6,3.6754663750867564,ft3
Fujita,nlopt_37,7,-31.977847175787822,ft3
Fujita,nlopt_37,8,-19.57582065437289,ft3
Fujita,nlopt_37,9,-52.53113428128508,ft3
Fujita,nlopt_37,10,12.265410723879064,ft3
Fujita,nlopt_39,1,574.8006651303313,ft3
Fujita,nlopt_39,2,-30.00244109735036,ft3
Fujita,nlopt_39,3,129.23391983419486,ft3
Fujita,nlopt_39,4,115.61678339397287,ft3
Fujita,nlopt_39,5,-61.246235388293606,ft3
Fujita,nlopt_39,6,119.01361616133286,ft3
Fujita,nlopt_39,7,430.7522476252939,ft3
Fujita,nlopt_39,8,196.3520105532939,ft3
Fujita,nlopt_39,9,668.4085870902203,ft3
Fujita,nlopt_39,10,820.3172025512358,ft3
Fujita,tnc,1,1163.997702088211,ft3
Fujita,tnc,2,991.9475513231985,ft3
Fujita,tnc,3,172.40004026781472,ft3
Fujita,tnc,4,983.5110100168747,ft3
Fujita,tnc,5,381.46899668957565,ft3
Fujita,tnc,6,1115.9901902350607,ft3
Fujita,tnc,7,973.6091760148468,ft3
Fujita,tnc,8,1146.720829519263,ft3
Fujita,tnc,9,1090.9852772526247,ft3
Fujita,tnc,10,1013.036077860333,ft3
Fujita,trust-krylov,1,-49.91036171157127,ft3
Fujita,trust-krylov,2,-66.51367014631296,ft3
Fujita,trust-krylov,3,52.520722363214674,ft3
Fujita,trust-krylov,4,41.936386067249956,ft3
Fujita,trust-krylov,5,-61.11178930892301,ft3
Fujita,trust-krylov,6,878.9505074724889,ft3
Fujita,trust-krylov,7,41.9314016036095,ft3
Fujita,trust-krylov,8,111.84914350295747,ft3
Fujita,trust-krylov,9,-61.17647973108126,ft3
Fujita,trust-krylov,10,86.26220473706293,ft3
Fujita,trust-ncg,1,736.8877935022206,ft3
Fujita,trust-ncg,2,836.8829804750017,ft3
Fujita,trust-ncg,3,668.3378065119158,ft3
Fujita,trust-ncg,4,303.7435151698328,ft3
Fujita,trust-ncg,5,92.88090793045177,ft3
Fujita,trust-ncg,6,-66.3466635781254,ft3
Fujita,trust-ncg,7,820.4070399562198,ft3
Fujita,trust-ncg,8,308.0125182251438,ft3
Fujita,trust-ncg,9,60.15726270938437,ft3
Fujita,trust-ncg,10,-66.56862486020891,ft3
Giordano,SLSQP,1,-3455.7536729665203,ft3
Giordano,SLSQP,2,-3456.5318297599756,ft3
Giordano,SLSQP,3,-3451.9677984384352,ft3
Giordano,SLSQP,4,-3454.0142903900487,ft3
Giordano,SLSQP,5,-3450.1134920320005,ft3
Giordano,SLSQP,6,-3451.8076342253175,ft3
Giordano,SLSQP,7,-3464.1244420842254,ft3
Giordano,SLSQP,8,-3459.22186771961,ft3
Giordano,SLSQP,9,-3463.192270345529,ft3
Giordano,SLSQP,10,-3456.6950316355405,ft3
Giordano,COBYLA,1,-2544.9845466749703,ft3
Giordano,COBYLA,2,-2514.998578152111,ft3
Giordano,COBYLA,3,-2565.7068355794167,ft3
Giordano,COBYLA,4,-2518.4286011261916,ft3
Giordano,COBYLA,5,-2465.043771722115,ft3
Giordano,COBYLA,6,-2520.7064939402667,ft3
Giordano,COBYLA,7,-2494.5311783255534,ft3
Giordano,COBYLA,8,-2505.5689496754494,ft3
Giordano,COBYLA,9,-2519.6105183711384,ft3
Giordano,COBYLA,10,-2511.211121655541,ft3
Giordano,fides,1,-3487.9121359391797,ft3
Giordano,fides,2,-3487.5690313315113,ft3
Giordano,fides,3,-3487.408811445024,ft3
Giordano,fides,4,-3487.847394086876,ft3
Giordano,fides,5,-3488.010395093054,ft3
Giordano,fides,6,-3487.961566372309,ft3
Giordano,fides,7,-3487.395892445646,ft3
Giordano,fides,8,-3487.4119053712798,ft3
Giordano,fides,9,-3487.691888698226,ft3
Giordano,fides,10,-3487.4207931895353,ft3
Giordano,BFGS,1,-2640.608415841125,ft3
Giordano,BFGS,2,-2520.7698745308594,ft3
Giordano,BFGS,3,-2750.898799076307,ft3
Giordano,BFGS,4,-2582.994515995386,ft3
Giordano,BFGS,5,-2549.7654869481275,ft3
Giordano,BFGS,6,-2648.7502240155095,ft3
Giordano,BFGS,7,-2590.234192621661,ft3
Giordano,BFGS,8,-2780.5552855627375,ft3
Giordano,BFGS,9,-2594.8983247971837,ft3
Giordano,BFGS,10,-2551.5311632944804,ft3
Giordano,dogleg,1,-2493.912376398021,ft3
Giordano,dogleg,2,-2345.537762056538,ft3
Giordano,dogleg,3,-2228.7196195844817,ft3
Giordano,dogleg,4,-2234.840537667057,ft3
Giordano,dogleg,5,-2240.889565600038,ft3
Giordano,dogleg,6,-2275.4933825554845,ft3
Giordano,dogleg,7,-2181.2375798815224,ft3
Giordano,dogleg,8,-2185.478517845409,ft3
Giordano,dogleg,9,-2146.4055218121453,ft3
Giordano,dogleg,10,-2241.7956633010012,ft3
Giordano,ipopt,1,-3473.4302879349275,ft3
Giordano,ipopt,2,-3471.3565376027523,ft3
Giordano,ipopt,3,-3470.6180533865227,ft3
Giordano,ipopt,4,-3470.335235106754,ft3
Giordano,ipopt,5,-3470.7205211060354,ft3
Giordano,ipopt,6,-3472.672823389251,ft3
Giordano,ipopt,7,-3471.336946109648,ft3
Giordano,ipopt,8,-3470.985431960796,ft3
Giordano,ipopt,9,-3471.5097053041886,ft3
Giordano,ipopt,10,-3471.979842009523,ft3
Giordano,cmaes,1,-3484.6043367331854,ft3
Giordano,cmaes,2,-3488.249147370058,ft3
Giordano,cmaes,3,-3484.7369951210635,ft3
Giordano,cmaes,4,-3487.986642466845,ft3
Giordano,cmaes,5,-3485.6082225987243,ft3
Giordano,cmaes,6,-3486.722458648824,ft3
Giordano,cmaes,7,-3484.859784929485,ft3
Giordano,cmaes,8,-3487.7503356759385,ft3
Giordano,cmaes,9,-3482.2963418851255,ft3
Giordano,cmaes,10,-3484.354121607001,ft3
Giordano,pyswarm,1,-2536.009266541718,ft3
Giordano,pyswarm,2,-2544.422107740163,ft3
Giordano,pyswarm,3,-2564.3668480637457,ft3
Giordano,pyswarm,4,-2556.9064747135926,ft3
Giordano,pyswarm,5,-2535.142764942532,ft3
Giordano,pyswarm,6,-2524.560478394476,ft3
Giordano,pyswarm,7,-2517.7342800199026,ft3
Giordano,pyswarm,8,-2505.410161090767,ft3
Giordano,pyswarm,9,-2590.6731999033955,ft3
Giordano,pyswarm,10,-2527.196372279399,ft3
Giordano,L-BFGS-B,1,-3461.588777779632,ft3
Giordano,L-BFGS-B,2,-3467.62442728463,ft3
Giordano,L-BFGS-B,3,-3438.397763000797,ft3
Giordano,L-BFGS-B,4,-3455.785500072658,ft3
Giordano,L-BFGS-B,5,-3466.379253712527,ft3
Giordano,L-BFGS-B,6,-3471.1283111028047,ft3
Giordano,L-BFGS-B,7,-3456.53550713064,ft3
Giordano,L-BFGS-B,8,-3457.184106377989,ft3
Giordano,L-BFGS-B,9,-3439.596837178164,ft3
Giordano,L-BFGS-B,10,-3463.946116039055,ft3
Giordano,Nelder-Mead,1,-2581.572369668454,ft3
Giordano,Nelder-Mead,2,-2703.4560414726584,ft3
Giordano,Nelder-Mead,3,-2604.137434250381,ft3
Giordano,Nelder-Mead,4,-2643.672066717179,ft3
Giordano,Nelder-Mead,5,-2761.01087462837,ft3
Giordano,Nelder-Mead,6,-2821.0944391406674,ft3
Giordano,Nelder-Mead,7,-2679.5134966538026,ft3
Giordano,Nelder-Mead,8,-2744.498758409721,ft3
Giordano,Nelder-Mead,9,-2631.9433393667023,ft3
Giordano,Nelder-Mead,10,-2663.4398414326793,ft3
Giordano,cg,1,-3456.0243212039054,ft3
Giordano,cg,2,-3365.4784310389964,ft3
Giordano,cg,3,-3450.1792276878127,ft3
Giordano,cg,4,-3291.553678244044,ft3
Giordano,cg,5,-3415.3895730560316,ft3
Giordano,cg,6,-3395.389130834936,ft3
Giordano,cg,7,-3452.372797486277,ft3
Giordano,cg,8,-3407.70705642225,ft3
Giordano,cg,9,-3431.1185883727576,ft3
Giordano,cg,10,-3428.8733504603424,ft3
Giordano,newton-cg,1,-2693.250244073422,ft3
Giordano,newton-cg,2,-2765.6140415294954,ft3
Giordano,newton-cg,3,-2571.187325611704,ft3
Giordano,newton-cg,4,-2708.5921856753175,ft3
Giordano,newton-cg,5,-2650.269917768098,ft3
Giordano,newton-cg,6,-2615.0257932414133,ft3
Giordano,newton-cg,7,-2903.5708380260867,ft3
Giordano,newton-cg,8,-2540.8601529344132,ft3
Giordano,newton-cg,9,-2632.6613688462726,ft3
Giordano,newton-cg,10,-2693.543724899826,ft3
Giordano,nlopt_11,1,-3482.7282857086525,ft3
Giordano,nlopt_11,2,-3481.6860419763016,ft3
Giordano,nlopt_11,3,-3483.538606651409,ft3
Giordano,nlopt_11,4,-3482.5484098539255,ft3
Giordano,nlopt_11,5,-3482.615264905962,ft3
Giordano,nlopt_11,6,-3483.3825933680555,ft3
Giordano,nlopt_11,7,-3481.797983832945,ft3
Giordano,nlopt_11,8,-3481.961171688011,ft3
Giordano,nlopt_11,9,-3482.6904101714335,ft3
Giordano,nlopt_11,10,-3481.5763688510465,ft3
Giordano,nlopt_12,1,-3446.9947987321857,ft3
Giordano,nlopt_12,2,-3370.4302610111763,ft3
Giordano,nlopt_12,3,-3408.9326079948833,ft3
Giordano,nlopt_12,4,-3343.473698137648,ft3
Giordano,nlopt_12,5,-3362.749589480153,ft3
Giordano,nlopt_12,6,-3303.4167585310206,ft3
Giordano,nlopt_12,7,-3455.573587990599,ft3
Giordano,nlopt_12,8,-3333.2871609980634,ft3
Giordano,nlopt_12,9,-3402.8669151626636,ft3
Giordano,nlopt_12,10,-3292.4493370899704,ft3
Giordano,nlopt_13,1,-3478.4255090563647,ft3
Giordano,nlopt_13,2,-3471.908552176025,ft3
Giordano,nlopt_13,3,-3472.6658689292185,ft3
Giordano,nlopt_13,4,-3469.4706974129085,ft3
Giordano,nlopt_13,5,-3478.2580911264076,ft3
Giordano,nlopt_13,6,-3475.2903160661003,ft3
Giordano,nlopt_13,7,-3479.2015621694222,ft3
Giordano,nlopt_13,8,-3478.1462765125007,ft3
Giordano,nlopt_13,9,-3474.2557645249935,ft3
Giordano,nlopt_13,10,-3475.161821193852,ft3
Giordano,nlopt_14,1,-3477.6347804381826,ft3
Giordano,nlopt_14,2,-3476.834678913224,ft3
Giordano,nlopt_14,3,-3478.200706081546,ft3
Giordano,nlopt_14,4,-3476.2823381149196,ft3
Giordano,nlopt_14,5,-3479.678701157783,ft3
Giordano,nlopt_14,6,-3477.524892222393,ft3
Giordano,nlopt_14,7,-3479.3679105380234,ft3
Giordano,nlopt_14,8,-3470.4820689114613,ft3
Giordano,nlopt_14,9,-3477.462716772686,ft3
Giordano,nlopt_14,10,-3474.4940083769548,ft3
Giordano,nlopt_15,1,-3037.6963591765225,ft3
Giordano,nlopt_15,2,-3055.386923781426,ft3
Giordano,nlopt_15,3,-2965.7283313454054,ft3
Giordano,nlopt_15,4,-3166.381461157785,ft3
Giordano,nlopt_15,5,-3160.9847240529507,ft3
Giordano,nlopt_15,6,-3013.400983980508,ft3
Giordano,nlopt_15,7,-3235.7560921572685,ft3
Giordano,nlopt_15,8,-3121.62990832738,ft3
Giordano,nlopt_15,9,-3270.2031238555155,ft3
Giordano,nlopt_15,10,-3080.9691373193855,ft3
Giordano,nlopt_16,1,-3465.2739814835495,ft3
Giordano,nlopt_16,2,-3374.97013194104,ft3
Giordano,nlopt_16,3,-3467.7627151050515,ft3
Giordano,nlopt_16,4,-3446.991516368367,ft3
Giordano,nlopt_16,5,-3436.830538482002,ft3
Giordano,nlopt_16,6,-3429.537040858059,ft3
Giordano,nlopt_16,7,-3411.153845080982,ft3
Giordano,nlopt_16,8,-3405.0530490800074,ft3
Giordano,nlopt_16,9,-3435.2809503725216,ft3
Giordano,nlopt_16,10,-3415.7639135256613,ft3
Giordano,nlopt_18,1,-3471.7744782052473,ft3
Giordano,nlopt_18,2,-3468.274370377009,ft3
Giordano,nlopt_18,3,-3470.0828834959757,ft3
Giordano,nlopt_18,4,-3475.16232929566,ft3
Giordano,nlopt_18,5,-3473.650583096512,ft3
Giordano,nlopt_18,6,-3471.5889977175957,ft3
Giordano,nlopt_18,7,-3473.609958093353,ft3
Giordano,nlopt_18,8,-3472.134197568901,ft3
Giordano,nlopt_18,9,-3476.0603747385917,ft3
Giordano,nlopt_18,10,-3475.0854324578395,ft3
Giordano,nlopt_21,1,-3453.611406684668,ft3
Giordano,nlopt_21,2,-3462.2454359164835,ft3
Giordano,nlopt_21,3,-3444.482570683433,ft3
Giordano,nlopt_21,4,-3424.380445987286,ft3
Giordano,nlopt_21,5,-3413.7203244977513,ft3
Giordano,nlopt_21,6,-3432.849279079317,ft3
Giordano,nlopt_21,7,-3443.4447277811,ft3
Giordano,nlopt_21,8,-3407.2220127491414,ft3
Giordano,nlopt_21,9,-3436.347771818618,ft3
Giordano,nlopt_21,10,-3459.6238843362703,ft3
Giordano,nlopt_23,1,-3295.8469000779123,ft3
Giordano,nlopt_23,2,-3403.8885669439005,ft3
Giordano,nlopt_23,3,-3362.063786486825,ft3
Giordano,nlopt_23,4,-3378.615152301163,ft3
Giordano,nlopt_23,5,-3407.727142564758,ft3
Giordano,nlopt_23,6,-3422.136924006346,ft3
Giordano,nlopt_23,7,-3296.7004897338343,ft3
Giordano,nlopt_23,8,-3328.9027368500565,ft3
Giordano,nlopt_23,9,-3246.752694315015,ft3
Giordano,nlopt_23,10,-3318.9258686863777,ft3
Giordano,nlopt_26,1,-3471.501132131619,ft3
Giordano,nlopt_26,2,-3051.5088193749516,ft3
Giordano,nlopt_26,3,-3264.4913435754734,ft3
Giordano,nlopt_26,4,-3332.227386367283,ft3
Giordano,nlopt_26,5,-3466.790434117617,ft3
Giordano,nlopt_26,6,-3457.3135052059038,ft3
Giordano,nlopt_26,7,-3454.8810303445925,ft3
Giordano,nlopt_26,8,-3454.8810303445925,ft3
Giordano,nlopt_26,9,-3110.015774732347,ft3
Giordano,nlopt_26,10,-2923.139147789634,ft3
Giordano,nlopt_28,1,-2995.8752950000385,ft3
Giordano,nlopt_28,2,-2985.057772677068,ft3
Giordano,nlopt_28,3,-2970.641068943861,ft3
Giordano,nlopt_28,4,-2924.7768190415836,ft3
Giordano,nlopt_28,5,-3030.65934458103,ft3
Giordano,nlopt_28,6,-2875.6006153616436,ft3
Giordano,nlopt_28,7,-2921.8194819790483,ft3
Giordano,nlopt_28,8,-3060.1731177250927,ft3
Giordano,nlopt_28,9,-2816.1384113714166,ft3
Giordano,nlopt_28,10,-2968.8439558514056,ft3
Giordano,nlopt_29,1,-3473.9324193955367,ft3
Giordano,nlopt_29,2,-3460.3536875342393,ft3
Giordano,nlopt_29,3,-3476.2471356748297,ft3
Giordano,nlopt_29,4,-3448.6804735584933,ft3
Giordano,nlopt_29,5,-3464.076100779672,ft3
Giordano,nlopt_29,6,-3470.3042752605647,ft3
Giordano,nlopt_29,7,-3465.5474773087244,ft3
Giordano,nlopt_29,8,-3467.7405776466567,ft3
Giordano,nlopt_29,9,-3475.362586767698,ft3
Giordano,nlopt_29,10,-3475.559029880412,ft3
Giordano,nlopt_34,1,-3268.510762374062,ft3
Giordano,nlopt_34,2,-3236.571094682487,ft3
Giordano,nlopt_34,3,-3179.7902448538525,ft3
Giordano,nlopt_34,4,-3433.3326968230926,ft3
Giordano,nlopt_34,5,-3132.85064815665,ft3
Giordano,nlopt_34,6,-3252.6950875543766,ft3
Giordano,nlopt_34,7,-3413.789662563056,ft3
Giordano,nlopt_34,8,-3387.649033349276,ft3
Giordano,nlopt_34,9,-3456.119049781571,ft3
Giordano,nlopt_34,10,-3332.491780244839,ft3
Giordano,nlopt_36,1,-3482.2702439069367,ft3
Giordano,nlopt_36,2,-3478.590931620116,ft3
Giordano,nlopt_36,3,-3483.9242697876125,ft3
Giordano,nlopt_36,4,-3480.872819294582,ft3
Giordano,nlopt_36,5,-3478.484831932743,ft3
Giordano,nlopt_36,6,-3480.563038901235,ft3
Giordano,nlopt_36,7,-3482.102358986586,ft3
Giordano,nlopt_36,8,-3482.9775893038695,ft3
Giordano,nlopt_36,9,-3481.440746933011,ft3
Giordano,nlopt_36,10,-3482.3284825834935,ft3
Giordano,nlopt_37,1,-3483.151146888457,ft3
Giordano,nlopt_37,2,-3481.3065574035704,ft3
Giordano,nlopt_37,3,-3482.306592741111,ft3
Giordano,nlopt_37,4,-3482.6615304803554,ft3
Giordano,nlopt_37,5,-3482.6203907984022,ft3
Giordano,nlopt_37,6,-3482.095333509791,ft3
Giordano,nlopt_37,7,-3481.3814542172386,ft3
Giordano,nlopt_37,8,-3483.944997738974,ft3
Giordano,nlopt_37,9,-3482.986943490876,ft3
Giordano,nlopt_37,10,-3482.525842972014,ft3
Giordano,nlopt_39,1,-3319.572507834111,ft3
Giordano,nlopt_39,2,-3384.861712921049,ft3
Giordano,nlopt_39,3,-3363.879886450176,ft3
Giordano,nlopt_39,4,-3325.8961988224005,ft3
Giordano,nlopt_39,5,-3246.752694315015,ft3
Giordano,nlopt_39,6,-3380.0740711538956,ft3
Giordano,nlopt_39,7,-3358.791312151689,ft3
Giordano,nlopt_39,8,-3246.752694315015,ft3
Giordano,nlopt_39,9,-3339.3723762187283,ft3
Giordano,nlopt_39,10,-3437.0084674705927,ft3
Giordano,tnc,1,-2855.6343476105367,ft3
Giordano,tnc,2,-2994.053711878701,ft3
Giordano,tnc,3,-2810.5722004031877,ft3
Giordano,tnc,4,-2900.7376986591175,ft3
Giordano,tnc,5,-2900.967209684366,ft3
Giordano,tnc,6,-2791.602873026521,ft3
Giordano,tnc,7,-2915.637416211876,ft3
Giordano,tnc,8,-2842.852892263323,ft3
Giordano,tnc,9,-2926.210984519824,ft3
Giordano,tnc,10,-2826.551664163847,ft3
Giordano,trust-krylov,1,-3475.922438322838,ft3
Giordano,trust-krylov,2,-3475.5087170840698,ft3
Giordano,trust-krylov,3,-3475.8435831340166,ft3
Giordano,trust-krylov,4,-3478.213111625252,ft3
Giordano,trust-krylov,5,-3478.109836271979,ft3
Giordano,trust-krylov,6,-3474.1501055900635,ft3
Giordano,trust-krylov,7,-3479.7868743537465,ft3
Giordano,trust-krylov,8,-3476.3567890213917,ft3
Giordano,trust-krylov,9,-3475.0565648935626,ft3
Giordano,trust-krylov,10,-3476.377733195392,ft3
Giordano,trust-ncg,1,-3477.730570197745,ft3
Giordano,trust-ncg,2,-3473.9895981602012,ft3
Giordano,trust-ncg,3,-3471.913188970658,ft3
Giordano,trust-ncg,4,-3474.308505741894,ft3
Giordano,trust-ncg,5,-3482.0773254043174,ft3
Giordano,trust-ncg,6,-3471.138566981897,ft3
Giordano,trust-ncg,7,-3473.946468497627,ft3
Giordano,trust-ncg,8,-3472.8267082223215,ft3
Giordano,trust-ncg,9,-3474.310696318037,ft3
Giordano,trust-ncg,10,-3476.62253642811,ft3
Isensee,SLSQP,1,4524.902750039408,ft3
Isensee,SLSQP,2,4525.426207891866,ft3
Isensee,SLSQP,3,4524.953383294619,ft3
Isensee,SLSQP,4,4525.845734586882,ft3
Isensee,SLSQP,5,4524.772427863495,ft3
Isensee,SLSQP,6,4524.799445418191,ft3
Isensee,SLSQP,7,4524.553954197671,ft3
Isensee,SLSQP,8,4524.96959706038,ft3
Isensee,SLSQP,9,4524.386931829865,ft3
Isensee,SLSQP,10,4526.291410143985,ft3
Isensee,COBYLA,1,4911.400226989016,ft3
Isensee,COBYLA,2,4884.506787134585,ft3
Isensee,COBYLA,3,4949.670220753161,ft3
Isensee,COBYLA,4,4828.812624216163,ft3
Isensee,COBYLA,5,4840.6740494532605,ft3
Isensee,COBYLA,6,4886.325514320492,ft3
Isensee,COBYLA,7,4916.317895643266,ft3
Isensee,COBYLA,8,4836.794978878149,ft3
Isensee,COBYLA,9,4924.034486393827,ft3
Isensee,COBYLA,10,4947.233332880437,ft3
Isensee,fides,1,4526.131285812434,ft3
Isensee,fides,2,4524.558892093174,ft3
Isensee,fides,3,4524.334787927093,ft3
Isensee,fides,4,4524.850679654581,ft3
Isensee,fides,5,4524.017688672964,ft3
Isensee,fides,6,4524.044931998654,ft3
Isensee,fides,7,4524.522227426249,ft3
Isensee,fides,8,4524.5269290402775,ft3
Isensee,fides,9,4524.79624530358,ft3
Isensee,fides,10,4524.335364061883,ft3
Isensee,BFGS,1,4917.710957753465,ft3
Isensee,BFGS,2,4695.431462849475,ft3
Isensee,BFGS,3,4917.4987627618675,ft3
Isensee,BFGS,4,4917.550782115807,ft3
Isensee,BFGS,5,4669.645862063889,ft3
Isensee,BFGS,6,4923.722041675003,ft3
Isensee,BFGS,7,4894.423938728636,ft3
Isensee,BFGS,8,4920.580544210157,ft3
Isensee,BFGS,9,4923.678866646021,ft3
Isensee,BFGS,10,4918.242145219109,ft3
Isensee,dogleg,1,7197.850251885487,ft3
Isensee,dogleg,2,7530.112895841353,ft3
Isensee,dogleg,3,7058.716538850911,ft3
Isensee,dogleg,4,7163.133997147375,ft3
Isensee,dogleg,5,7178.498458850172,ft3
Isensee,dogleg,6,7096.525538993492,ft3
Isensee,dogleg,7,7306.081402701227,ft3
Isensee,dogleg,8,7050.8345571838245,ft3
Isensee,dogleg,9,7281.5016120901955,ft3
Isensee,dogleg,10,7406.009859854053,ft3
Isensee,ipopt,1,4579.822247797168,ft3
Isensee,ipopt,2,6703.625155730306,ft3
Isensee,ipopt,3,4541.56857569068,ft3
Isensee,ipopt,4,6561.367417546223,ft3
Isensee,ipopt,5,4540.336123080593,ft3
Isensee,ipopt,6,4549.559201253889,ft3
Isensee,ipopt,7,4524.390722821341,ft3
Isensee,ipopt,8,6145.285560010452,ft3
Isensee,ipopt,9,6750.007187442309,ft3
Isensee,ipopt,10,4524.911995858284,ft3
Isensee,cmaes,1,13013.17039113348,ft3
Isensee,cmaes,2,59450.3337100528,ft3
Isensee,cmaes,3,302483.5765603566,ft3
Isensee,cmaes,4,13111.890168641674,ft3
Isensee,cmaes,5,553630.5942569316,ft3
Isensee,cmaes,6,8351.213056733957,ft3
Isensee,cmaes,7,9855.649341097764,ft3
Isensee,cmaes,8,9313.659551355402,ft3
Isensee,cmaes,9,81699.33724275349,ft3
Isensee,cmaes,10,9048.866393043503,ft3
Isensee,pyswarm,1,5049.513737504728,ft3
Isensee,pyswarm,2,5132.212173940398,ft3
Isensee,pyswarm,3,5080.783992481568,ft3
Isensee,pyswarm,4,4942.265599405374,ft3
Isensee,pyswarm,5,4977.44362117587,ft3
Isensee,pyswarm,6,4810.244858356235,ft3
Isensee,pyswarm,7,4958.904294064016,ft3
Isensee,pyswarm,8,5018.575906080557,ft3
Isensee,pyswarm,9,5060.782978608044,ft3
Isensee,pyswarm,10,4821.558423888271,ft3
Isensee,L-BFGS-B,1,4545.762847077037,ft3
Isensee,L-BFGS-B,2,4536.714419734324,ft3
Isensee,L-BFGS-B,3,4533.994983319956,ft3
Isensee,L-BFGS-B,4,4524.848929512,ft3
Isensee,L-BFGS-B,5,4528.973684454089,ft3
Isensee,L-BFGS-B,6,4535.12863354354,ft3
Isensee,L-BFGS-B,7,4530.394533548052,ft3
Isensee,L-BFGS-B,8,4527.511507385238,ft3
Isensee,L-BFGS-B,9,4528.542246117576,ft3
Isensee,L-BFGS-B,10,4537.382511360146,ft3
Isensee,Nelder-Mead,1,4728.559087503023,ft3
Isensee,Nelder-Mead,2,4724.79288921125,ft3
Isensee,Nelder-Mead,3,4713.764281106821,ft3
Isensee,Nelder-Mead,4,4707.229286393329,ft3
Isensee,Nelder-Mead,5,4721.564928063572,ft3
Isensee,Nelder-Mead,6,4781.745569563169,ft3
Isensee,Nelder-Mead,7,4677.386002816843,ft3
Isensee,Nelder-Mead,8,4779.040009804304,ft3
Isensee,Nelder-Mead,9,4744.173943747654,ft3
Isensee,Nelder-Mead,10,4715.297900847642,ft3
Isensee,cg,1,4890.479159570378,ft3
Isensee,cg,2,4614.913364213023,ft3
Isensee,cg,3,4964.98313271818,ft3
Isensee,cg,4,4593.145923992741,ft3
Isensee,cg,5,4625.673300305857,ft3
Isensee,cg,6,4924.588819948695,ft3
Isensee,cg,7,4918.609957891713,ft3
Isensee,cg,8,4633.436824116973,ft3
Isensee,cg,9,4557.7983554153725,ft3
Isensee,cg,10,4734.772184702961,ft3
Isensee,newton-cg,1,4809.282604618027,ft3
Isensee,newton-cg,2,4924.529347480232,ft3
Isensee,newton-cg,3,4982.396786340212,ft3
Isensee,newton-cg,4,8538.062910285928,ft3
Isensee,newton-cg,5,4942.287800932923,ft3
Isensee,newton-cg,6,4990.549411651599,ft3
Isensee,newton-cg,7,4921.071486892954,ft3
Isensee,newton-cg,8,5204.602806038675,ft3
Isensee,newton-cg,9,5133.086432257411,ft3
Isensee,newton-cg,10,5010.140535085945,ft3
Isensee,nlopt_11,1,4525.428124570535,ft3
Isensee,nlopt_11,2,4532.538814451538,ft3
Isensee,nlopt_11,3,4527.969204003718,ft3
Isensee,nlopt_11,4,4526.8949863651915,ft3
Isensee,nlopt_11,5,4529.9853781423235,ft3
Isensee,nlopt_11,6,4527.613290662121,ft3
Isensee,nlopt_11,7,4524.209391889797,ft3
Isensee,nlopt_11,8,4526.650314260401,ft3
Isensee,nlopt_11,9,4525.616705564554,ft3
Isensee,nlopt_11,10,4524.0768652870265,ft3
Isensee,nlopt_12,1,4931.465352544321,ft3
Isensee,nlopt_12,2,4870.497357075629,ft3
Isensee,nlopt_12,3,4932.963911242466,ft3
Isensee,nlopt_12,4,4858.771881521143,ft3
Isensee,nlopt_12,5,4930.780644761669,ft3
Isensee,nlopt_12,6,4549.364303200481,ft3
Isensee,nlopt_12,7,4922.167505215696,ft3
Isensee,nlopt_12,8,4554.050084662511,ft3
Isensee,nlopt_12,9,4543.496050914195,ft3
Isensee,nlopt_12,10,4930.774821441612,ft3
Isensee,nlopt_13,1,4535.915768021459,ft3
Isensee,nlopt_13,2,4529.447662576405,ft3
Isensee,nlopt_13,3,4529.723704786133,ft3
Isensee,nlopt_13,4,4532.447414016346,ft3
Isensee,nlopt_13,5,4525.510480635096,ft3
Isensee,nlopt_13,6,4525.284162591819,ft3
Isensee,nlopt_13,7,4524.809812225659,ft3
Isensee,nlopt_13,8,4527.713640215957,ft3
Isensee,nlopt_13,9,4528.276033242408,ft3
Isensee,nlopt_13,10,4536.9463751838,ft3
Isensee,nlopt_14,1,4524.974654584578,ft3
Isensee,nlopt_14,2,4534.189963706072,ft3
Isensee,nlopt_14,3,4528.731552496913,ft3
Isensee,nlopt_14,4,4525.032484502932,ft3
Isensee,nlopt_14,5,4524.349471704776,ft3
Isensee,nlopt_14,6,4533.057408491987,ft3
Isensee,nlopt_14,7,4529.638260181586,ft3
Isensee,nlopt_14,8,4530.477587748341,ft3
Isensee,nlopt_14,9,4533.877245682177,ft3
Isensee,nlopt_14,10,4524.60875996506,ft3
Isensee,nlopt_15,1,4552.732420892385,ft3
Isensee,nlopt_15,2,4535.937956236101,ft3
Isensee,nlopt_15,3,4632.643770211861,ft3
Isensee,nlopt_15,4,4547.973611347028,ft3
Isensee,nlopt_15,5,4537.020948379604,ft3
Isensee,nlopt_15,6,4533.585290155454,ft3
Isensee,nlopt_15,7,4527.6688334694745,ft3
Isensee,nlopt_15,8,4550.83258282225,ft3
Isensee,nlopt_15,9,4527.26507252815,ft3
Isensee,nlopt_15,10,4561.185506026958,ft3
Isensee,nlopt_16,1,4568.828680524408,ft3
Isensee,nlopt_16,2,4537.378483394646,ft3
Isensee,nlopt_16,3,4537.019314779891,ft3
Isensee,nlopt_16,4,4633.020786443165,ft3
Isensee,nlopt_16,5,4528.832326029004,ft3
Isensee,nlopt_16,6,4553.9802862466695,ft3
Isensee,nlopt_16,7,4602.017279138427,ft3
Isensee,nlopt_16,8,4561.542052736588,ft3
Isensee,nlopt_16,9,4544.159929362697,ft3
Isensee,nlopt_16,10,4539.315142260174,ft3
Isensee,nlopt_18,1,4526.092631737647,ft3
Isensee,nlopt_18,2,4536.315614097072,ft3
Isensee,nlopt_18,3,4542.604513761221,ft3
Isensee,nlopt_18,4,4558.54185044815,ft3
Isensee,nlopt_18,5,4568.763774420871,ft3
Isensee,nlopt_18,6,4531.0629518305905,ft3
Isensee,nlopt_18,7,4535.030442080832,ft3
Isensee,nlopt_18,8,4537.8650892575515,ft3
Isensee,nlopt_18,9,4532.604175973726,ft3
Isensee,nlopt_18,10,4525.1081497861705,ft3
Isensee,nlopt_21,1,4525.290504200485,ft3
Isensee,nlopt_21,2,4534.9584609169815,ft3
Isensee,nlopt_21,3,4526.6463697923145,ft3
Isensee,nlopt_21,4,4528.269810765498,ft3
Isensee,nlopt_21,5,4530.933252214592,ft3
Isensee,nlopt_21,6,4546.998553558394,ft3
Isensee,nlopt_21,7,4536.014109392164,ft3
Isensee,nlopt_21,8,4536.349435583689,ft3
Isensee,nlopt_21,9,4526.040267312105,ft3
Isensee,nlopt_21,10,4533.922578041865,ft3
Isensee,nlopt_23,1,4525.9392015592275,ft3
Isensee,nlopt_23,2,4536.594046222234,ft3
Isensee,nlopt_23,3,4546.668899573493,ft3
Isensee,nlopt_23,4,4534.611738168909,ft3
Isensee,nlopt_23,5,4543.237127905617,ft3
Isensee,nlopt_23,6,4526.795229860197,ft3
Isensee,nlopt_23,7,4527.22856092712,ft3
Isensee,nlopt_23,8,4536.898562225183,ft3
Isensee,nlopt_23,9,4545.940579373125,ft3
Isensee,nlopt_23,10,4533.400989360448,ft3
Isensee,nlopt_26,1,4933.660067377865,ft3
Isensee,nlopt_26,2,6702.302246948103,ft3
Isensee,nlopt_26,3,6969.2140297084625,ft3
Isensee,nlopt_26,4,5730.3379402286955,ft3
Isensee,nlopt_26,5,4929.388622478505,ft3
Isensee,nlopt_26,6,4931.164786489488,ft3
Isensee,nlopt_26,7,5917.6597791445465,ft3
Isensee,nlopt_26,8,4928.127519775087,ft3
Isensee,nlopt_26,9,4635.646640873126,ft3
Isensee,nlopt_26,10,4933.354458611598,ft3
Isensee,nlopt_28,1,4655.749683503553,ft3
Isensee,nlopt_28,2,4593.073132616556,ft3
Isensee,nlopt_28,3,4676.098739726392,ft3
Isensee,nlopt_28,4,4563.1897251128485,ft3
Isensee,nlopt_28,5,4604.065531786718,ft3
Isensee,nlopt_28,6,4600.74328474856,ft3
Isensee,nlopt_28,7,4712.708201373945,ft3
Isensee,nlopt_28,8,4742.36715836884,ft3
Isensee,nlopt_28,9,4694.504109043149,ft3
Isensee,nlopt_28,10,4771.57356012945,ft3
Isensee,nlopt_29,1,10679.974404124758,ft3
Isensee,nlopt_29,2,9612.314698723043,ft3
Isensee,nlopt_29,3,9544.526075696218,ft3
Isensee,nlopt_29,4,10310.218222592004,ft3
Isensee,nlopt_29,5,4938.854682495576,ft3
Isensee,nlopt_29,6,11949.749218717277,ft3
Isensee,nlopt_29,7,4932.570366815533,ft3
Isensee,nlopt_29,8,10165.140647115371,ft3
Isensee,nlopt_29,9,8431.538271305459,ft3
Isensee,nlopt_29,10,12279.21859270919,ft3
Isensee,nlopt_34,1,4964.454695629461,ft3
Isensee,nlopt_34,2,4869.784065953917,ft3
Isensee,nlopt_34,3,4699.581926066625,ft3
Isensee,nlopt_34,4,4564.237372514911,ft3
Isensee,nlopt_34,5,4932.662135226294,ft3
Isensee,nlopt_34,6,4920.027397906339,ft3
Isensee,nlopt_34,7,4930.14683499606,ft3
Isensee,nlopt_34,8,4930.572069549944,ft3
Isensee,nlopt_34,9,4922.098740469131,ft3
Isensee,nlopt_34,10,4614.347957972913,ft3
Isensee,nlopt_36,1,4525.164163953471,ft3
Isensee,nlopt_36,2,4524.9084663185295,ft3
Isensee,nlopt_36,3,4527.306373109225,ft3
Isensee,nlopt_36,4,4526.460947619337,ft3
Isensee,nlopt_36,5,4524.473172018531,ft3
Isensee,nlopt_36,6,4524.816723783617,ft3
Isensee,nlopt_36,7,4524.796958923313,ft3
Isensee,nlopt_36,8,4528.311042771257,ft3
Isensee,nlopt_36,9,4524.785261672874,ft3
Isensee,nlopt_36,10,4528.611909678457,ft3
Isensee,nlopt_37,1,4525.074040472267,ft3
Isensee,nlopt_37,2,4530.680419737272,ft3
Isensee,nlopt_37,3,4527.571029498946,ft3
Isensee,nlopt_37,4,4523.881474064494,ft3
Isensee,nlopt_37,5,4527.408942085562,ft3
Isensee,nlopt_37,6,4525.067857100444,ft3
Isensee,nlopt_37,7,4525.746818671198,ft3
Isensee,nlopt_37,8,4526.74288349007,ft3
Isensee,nlopt_37,9,4526.655946078359,ft3
Isensee,nlopt_37,10,4524.513646163979,ft3
Isensee,nlopt_39,1,4536.384432869484,ft3
Isensee,nlopt_39,2,4526.609713897902,ft3
Isensee,nlopt_39,3,4538.887673146195,ft3
Isensee,nlopt_39,4,4527.2175450247305,ft3
Isensee,nlopt_39,5,4538.248425090083,ft3
Isensee,nlopt_39,6,4532.724680766985,ft3
Isensee,nlopt_39,7,4537.178308456492,ft3
Isensee,nlopt_39,8,4552.084997851709,ft3
Isensee,nlopt_39,9,4528.633156528608,ft3
Isensee,nlopt_39,10,4538.3054223447625,ft3
Isensee,tnc,1,4617.357363970148,ft3
Isensee,tnc,2,4602.287370734709,ft3
Isensee,tnc,3,4563.124259129882,ft3
Isensee,tnc,4,4745.4465701791705,ft3
Isensee,tnc,5,4686.040875479967,ft3
Isensee,tnc,6,4644.321055248327,ft3
Isensee,tnc,7,4608.380318659733,ft3
Isensee,tnc,8,4687.18168978093,ft3
Isensee,tnc,9,4618.147905057412,ft3
Isensee,tnc,10,4675.9669441656015,ft3
Isensee,trust-krylov,1,4539.496773724504,ft3
Isensee,trust-krylov,2,4584.208099335092,ft3
Isensee,trust-krylov,3,4542.433748663205,ft3
Isensee,trust-krylov,4,4631.712856290748,ft3
Isensee,trust-krylov,5,4569.644226919359,ft3
Isensee,trust-krylov,6,4573.624829443651,ft3
Isensee,trust-krylov,7,4606.440178055133,ft3
Isensee,trust-krylov,8,4535.286248525085,ft3
Isensee,trust-krylov,9,4615.512774081527,ft3
Isensee,trust-krylov,10,4552.766750108419,ft3
Isensee,trust-ncg,1,4617.040897389348,ft3
Isensee,trust-ncg,2,4926.8550383200245,ft3
Isensee,trust-ncg,3,4851.086504472725,ft3
Isensee,trust-ncg,4,6905.4123048485235,ft3
Isensee,trust-ncg,5,4891.786361205227,ft3
Isensee,trust-ncg,6,4935.874051302465,ft3
Isensee,trust-ncg,7,6181.858151841576,ft3
Isensee,trust-ncg,8,7428.370718182772,ft3
Isensee,trust-ncg,9,6112.585340274232,ft3
Isensee,trust-ncg,10,4553.138335651478,ft3
Laske,SLSQP,1,276.05406176956444,ft3
Laske,SLSQP,2,276.0540618187999,ft3
Laske,SLSQP,3,276.0540619018465,ft3
Laske,SLSQP,4,276.0540618514618,ft3
Laske,SLSQP,5,276.0540619072301,ft3
Laske,SLSQP,6,276.0540617858158,ft3
Laske,SLSQP,7,276.05406184179515,ft3
Laske,SLSQP,8,276.0540618823824,ft3
Laske,SLSQP,9,276.0540617410885,ft3
Laske,SLSQP,10,276.0540617714123,ft3
Laske,COBYLA,1,295.4321226977266,ft3
Laske,COBYLA,2,317.0217285823529,ft3
Laske,COBYLA,3,306.2878272783993,ft3
Laske,COBYLA,4,306.2824180672884,ft3
Laske,COBYLA,5,308.2603732727273,ft3
Laske,COBYLA,6,299.7365199737692,ft3
Laske,COBYLA,7,298.0020805210678,ft3
Laske,COBYLA,8,313.821651952372,ft3
Laske,COBYLA,9,312.57020117050115,ft3
Laske,COBYLA,10,310.4127534315878,ft3
Laske,fides,1,276.05406161615906,ft3
Laske,fides,2,276.054061528282,ft3
Laske,fides,3,276.05406168021966,ft3
Laske,fides,4,276.05406170261233,ft3
Laske,fides,5,276.05406177221226,ft3
Laske,fides,6,276.0540617017679,ft3
Laske,fides,7,276.05406166780887,ft3
Laske,fides,8,276.05406171891417,ft3
Laske,fides,9,276.05406178354434,ft3
Laske,fides,10,276.0540614897353,ft3
Laske,BFGS,1,276.0540616139592,ft3
Laske,BFGS,2,276.05406165842214,ft3
Laske,BFGS,3,276.0540616792922,ft3
Laske,BFGS,4,276.05406161313994,ft3
Laske,BFGS,5,276.0540614453212,ft3
Laske,BFGS,6,276.0540615366035,ft3
Laske,BFGS,7,276.05406171916763,ft3
Laske,BFGS,8,276.05406168608954,ft3
Laske,BFGS,9,276.05406167464264,ft3
Laske,BFGS,10,276.054061686126,ft3
Laske,dogleg,1,276.05406180318994,ft3
Laske,dogleg,2,276.05406188389384,ft3
Laske,dogleg,3,276.05406173984005,ft3
Laske,dogleg,4,276.0540616978589,ft3
Laske,dogleg,5,276.05406189534773,ft3
Laske,dogleg,6,276.0540616894817,ft3
Laske,dogleg,7,276.05406178992433,ft3
Laske,dogleg,8,276.05442905064024,ft3
Laske,dogleg,9,276.05406177650514,ft3
Laske,dogleg,10,276.0540617944007,ft3
Laske,ipopt,1,276.1441149264143,ft3
Laske,ipopt,2,276.0541192005502,ft3
Laske,ipopt,3,276.0541032385501,ft3
Laske,ipopt,4,276.05406167320257,ft3
Laske,ipopt,5,276.0540621161521,ft3
Laske,ipopt,6,276.05413503411165,ft3
Laske,ipopt,7,276.05406906495915,ft3
Laske,ipopt,8,286.52141251757917,ft3
Laske,ipopt,9,276.05821417515773,ft3
Laske,ipopt,10,276.05406185771113,ft3
Laske,cmaes,1,276.0540614312148,ft3
Laske,cmaes,2,276.0540614882704,ft3
Laske,cmaes,3,276.05406140568437,ft3
Laske,cmaes,4,276.0540614889235,ft3
Laske,cmaes,5,276.05406146368824,ft3
Laske,cmaes,6,276.0540614253637,ft3
Laske,cmaes,7,276.05406152268426,ft3
Laske,cmaes,8,276.05406147792786,ft3
Laske,cmaes,9,276.05406147066134,ft3
Laske,cmaes,10,276.05406148181993,ft3
Laske,pyswarm,1,331.1439042284018,ft3
Laske,pyswarm,2,326.89540691943404,ft3
Laske,pyswarm,3,339.7193218901488,ft3
Laske,pyswarm,4,340.0325563751467,ft3
Laske,pyswarm,5,334.6154307969389,ft3
Laske,pyswarm,6,336.44526012038,ft3
Laske,pyswarm,7,326.54434591098055,ft3
Laske,pyswarm,8,336.1381019403236,ft3
Laske,pyswarm,9,328.5641557344435,ft3
Laske,pyswarm,10,340.8449118383031,ft3
Laske,L-BFGS-B,1,283.3974195717575,ft3
Laske,L-BFGS-B,2,276.0540639812024,ft3
Laske,L-BFGS-B,3,288.99653632110744,ft3
Laske,L-BFGS-B,4,308.8304371427006,ft3
Laske,L-BFGS-B,5,290.1838334163632,ft3
Laske,L-BFGS-B,6,303.12519712891367,ft3
Laske,L-BFGS-B,7,299.3750772081525,ft3
Laske,L-BFGS-B,8,290.18383776063473,ft3
Laske,L-BFGS-B,9,283.7796874769409,ft3
Laske,L-BFGS-B,10,276.0540648354631,ft3
Laske,Nelder-Mead,1,315.7395731852282,ft3
Laske,Nelder-Mead,2,318.14679147994633,ft3
Laske,Nelder-Mead,3,305.66094447927765,ft3
Laske,Nelder-Mead,4,338.79962151088483,ft3
Laske,Nelder-Mead,5,322.4653696305197,ft3
Laske,Nelder-Mead,6,297.2710788390864,ft3
Laske,Nelder-Mead,7,329.4014805781771,ft3
Laske,Nelder-Mead,8,311.4431122433217,ft3
Laske,Nelder-Mead,9,334.05565755323164,ft3
Laske,Nelder-Mead,10,313.3144119321747,ft3
Laske,cg,1,276.0540674165892,ft3
Laske,cg,2,283.8571054883396,ft3
Laske,cg,3,286.8494541367143,ft3
Laske,cg,4,290.1838333402674,ft3
Laske,cg,5,276.054063880142,ft3
Laske,cg,6,276.0540634543999,ft3
Laske,cg,7,303.0889166813496,ft3
Laske,cg,8,293.55969901575713,ft3
Laske,cg,9,276.0540631206344,ft3
Laske,cg,10,276.0540621820579,ft3
Laske,newton-cg,1,276.05406172173736,ft3
Laske,newton-cg,2,276.0540616938534,ft3
Laske,newton-cg,3,276.054061607819,ft3
Laske,newton-cg,4,276.0540617016267,ft3
Laske,newton-cg,5,276.0540617243252,ft3
Laske,newton-cg,6,276.0540616038685,ft3
Laske,newton-cg,7,276.0540616501022,ft3
Laske,newton-cg,8,276.05406180243,ft3
Laske,newton-cg,9,276.05406173277447,ft3
Laske,newton-cg,10,276.05406170472827,ft3
Laske,nlopt_11,1,276.05406160073073,ft3
Laske,nlopt_11,2,276.0540615000147,ft3
Laske,nlopt_11,3,276.0540616487508,ft3
Laske,nlopt_11,4,276.05406162785545,ft3
Laske,nlopt_11,5,276.0540614956313,ft3
Laske,nlopt_11,6,276.0540615713531,ft3
Laske,nlopt_11,7,276.0540616550064,ft3
Laske,nlopt_11,8,276.0540615388345,ft3
Laske,nlopt_11,9,276.0540616128246,ft3
Laske,nlopt_11,10,276.05406164828867,ft3
Laske,nlopt_12,1,276.0540618270727,ft3
Laske,nlopt_12,2,276.05406261957205,ft3
Laske,nlopt_12,3,276.05406202190386,ft3
Laske,nlopt_12,4,276.0540619630046,ft3
Laske,nlopt_12,5,276.0540621987703,ft3
Laske,nlopt_12,6,276.0540618213456,ft3
Laske,nlopt_12,7,276.0540620226112,ft3
Laske,nlopt_12,8,276.05406217317596,ft3
Laske,nlopt_12,9,276.05406187067115,ft3
Laske,nlopt_12,10,276.05406176844264,ft3
Laske,nlopt_13,1,276.0540616978588,ft3
Laske,nlopt_13,2,276.05406166397154,ft3
Laske,nlopt_13,3,276.05406157304054,ft3
Laske,nlopt_13,4,276.0540616436796,ft3
Laske,nlopt_13,5,276.0540615843883,ft3
Laske,nlopt_13,6,276.05406162433593,ft3
Laske,nlopt_13,7,276.05406160454066,ft3
Laske,nlopt_13,8,276.0540616578733,ft3
Laske,nlopt_13,9,276.0540616543887,ft3
Laske,nlopt_13,10,276.0540615677062,ft3
Laske,nlopt_14,1,276.054061654172,ft3
Laske,nlopt_14,2,276.0540616965713,ft3
Laske,nlopt_14,3,276.05406166328896,ft3
Laske,nlopt_14,4,276.0540616826858,ft3
Laske,nlopt_14,5,276.05406163515056,ft3
Laske,nlopt_14,6,276.05406168272475,ft3
Laske,nlopt_14,7,276.05406160701983,ft3
Laske,nlopt_14,8,276.054061485275,ft3
Laske,nlopt_14,9,276.05406169068755,ft3
Laske,nlopt_14,10,276.05406159119843,ft3
Laske,nlopt_15,1,316.9967489840946,ft3
Laske,nlopt_15,2,300.3692597706922,ft3
Laske,nlopt_15,3,303.08961563110506,ft3
Laske,nlopt_15,4,290.18383081050916,ft3
Laske,nlopt_15,5,292.5479118609462,ft3
Laske,nlopt_15,6,290.18383081654,ft3
Laske,nlopt_15,7,312.4475336840736,ft3
Laske,nlopt_15,8,290.1838307637318,ft3
Laske,nlopt_15,9,299.3784580498107,ft3
Laske,nlopt_15,10,308.575973200247,ft3
Laske,nlopt_16,1,276.0540616518923,ft3
Laske,nlopt_16,2,288.6617264862818,ft3
Laske,nlopt_16,3,276.0540615853745,ft3
Laske,nlopt_16,4,281.02682146582356,ft3
Laske,nlopt_16,5,276.0540616622149,ft3
Laske,nlopt_16,6,276.05406167717035,ft3
Laske,nlopt_16,7,299.3750190136121,ft3
Laske,nlopt_16,8,276.0540615450443,ft3
Laske,nlopt_16,9,276.05406172473147,ft3
Laske,nlopt_16,10,276.05406169857184,ft3
Laske,nlopt_18,1,281.0268213864215,ft3
Laske,nlopt_18,2,276.054061712023,ft3
Laske,nlopt_18,3,276.0540617146824,ft3
Laske,nlopt_18,4,276.05406166872234,ft3
Laske,nlopt_18,5,276.05406165810325,ft3
Laske,nlopt_18,6,276.05406171065107,ft3
Laske,nlopt_18,7,276.0540616218266,ft3
Laske,nlopt_18,8,276.0540616932528,ft3
Laske,nlopt_18,9,276.0540617163485,ft3
Laske,nlopt_18,10,276.05406164493087,ft3
Laske,nlopt_21,1,276.0540625875593,ft3
Laske,nlopt_21,2,276.05406315236746,ft3
Laske,nlopt_21,3,276.05406230484556,ft3
Laske,nlopt_21,4,276.0540619579122,ft3
Laske,nlopt_21,5,276.05406221355514,ft3
Laske,nlopt_21,6,276.0540622449295,ft3
Laske,nlopt_21,7,276.05406312202786,ft3
Laske,nlopt_21,8,276.0540622056833,ft3
Laske,nlopt_21,9,276.05406234444115,ft3
Laske,nlopt_21,10,276.05406213158614,ft3
Laske,nlopt_23,1,276.0540627010904,ft3
Laske,nlopt_23,2,276.0540624254573,ft3
Laske,nlopt_23,3,276.05406279922136,ft3
Laske,nlopt_23,4,276.0540622035529,ft3
Laske,nlopt_23,5,276.05406363451544,ft3
Laske,nlopt_23,6,276.05406309305215,ft3
Laske,nlopt_23,7,276.0540620554284,ft3
Laske,nlopt_23,8,276.05406197195293,ft3
Laske,nlopt_23,9,276.05406221811523,ft3
Laske,nlopt_23,10,276.054062316456,ft3
Laske,nlopt_26,1,276.0540626974334,ft3
Laske,nlopt_26,2,276.0540634431674,ft3
Laske,nlopt_26,3,276.05406260781496,ft3
Laske,nlopt_26,4,276.05406405559876,ft3
Laske,nlopt_26,5,276.0540641407557,ft3
Laske,nlopt_26,6,276.05406409780824,ft3
Laske,nlopt_26,7,276.0540632100353,ft3
Laske,nlopt_26,8,276.0540625437322,ft3
Laske,nlopt_26,9,276.0540627406779,ft3
Laske,nlopt_26,10,276.05406286375324,ft3
Laske,nlopt_28,1,289.3890534411905,ft3
Laske,nlopt_28,2,298.3996858124401,ft3
Laske,nlopt_28,3,296.2835243646889,ft3
Laske,nlopt_28,4,289.9960800497146,ft3
Laske,nlopt_28,5,296.56136534505555,ft3
Laske,nlopt_28,6,292.7769118206161,ft3
Laske,nlopt_28,7,288.1051541482484,ft3
Laske,nlopt_28,8,288.1051541482484,ft3
Laske,nlopt_28,9,302.37790213112487,ft3
Laske,nlopt_28,10,287.6928088964832,ft3
Laske,nlopt_29,1,276.05414355140624,ft3
Laske,nlopt_29,2,276.05412279159464,ft3
Laske,nlopt_29,3,276.054125288234,ft3
Laske,nlopt_29,4,276.0542458843165,ft3
Laske,nlopt_29,5,276.05415203106253,ft3
Laske,nlopt_29,6,276.0541252356037,ft3
Laske,nlopt_29,7,276.054118355319,ft3
Laske,nlopt_29,8,276.0541667495622,ft3
Laske,nlopt_29,9,276.054144779793,ft3
Laske,nlopt_29,10,276.0541216998417,ft3
Laske,nlopt_34,1,276.05411369837987,ft3
Laske,nlopt_34,2,276.05419753531385,ft3
Laske,nlopt_34,3,276.0540824926324,ft3
Laske,nlopt_34,4,276.0541152490764,ft3
Laske,nlopt_34,5,276.05409372623865,ft3
Laske,nlopt_34,6,276.0540830657709,ft3
Laske,nlopt_34,7,276.0541550485583,ft3
Laske,nlopt_34,8,276.0540884413358,ft3
Laske,nlopt_34,9,276.05416280487157,ft3
Laske,nlopt_34,10,276.05410203508507,ft3
Laske,nlopt_36,1,276.0540616103244,ft3
Laske,nlopt_36,2,276.0540616811211,ft3
Laske,nlopt_36,3,276.0540615896988,ft3
Laske,nlopt_36,4,276.05406156561287,ft3
Laske,nlopt_36,5,276.0540616280919,ft3
Laske,nlopt_36,6,276.054061514692,ft3
Laske,nlopt_36,7,276.05406153117696,ft3
Laske,nlopt_36,8,276.054061443083,ft3
Laske,nlopt_36,9,276.05406165616637,ft3
Laske,nlopt_36,10,276.0540616052785,ft3
Laske,nlopt_37,1,276.054061627236,ft3
Laske,nlopt_37,2,276.05406155297214,ft3
Laske,nlopt_37,3,276.0540616218966,ft3
Laske,nlopt_37,4,276.0540616118235,ft3
Laske,nlopt_37,5,276.05406170135757,ft3
Laske,nlopt_37,6,276.0540616735216,ft3
Laske,nlopt_37,7,276.0540616878334,ft3
Laske,nlopt_37,8,276.05406157804015,ft3
Laske,nlopt_37,9,276.0540616489587,ft3
Laske,nlopt_37,10,276.0540616829024,ft3
Laske,nlopt_39,1,276.0540623777934,ft3
Laske,nlopt_39,2,276.05406276764285,ft3
Laske,nlopt_39,3,276.05406199797335,ft3
Laske,nlopt_39,4,276.05406224895006,ft3
Laske,nlopt_39,5,276.05406319733504,ft3
Laske,nlopt_39,6,276.0540622179536,ft3
Laske,nlopt_39,7,276.0540645309562,ft3
Laske,nlopt_39,8,276.0540626464169,ft3
Laske,nlopt_39,9,276.05406246109175,ft3
Laske,nlopt_39,10,290.18383097556455,ft3
Laske,tnc,1,317.6141464241792,ft3
Laske,tnc,2,311.4068397913568,ft3
Laske,tnc,3,301.35820146970684,ft3
Laske,tnc,4,312.2132098438895,ft3
Laske,tnc,5,320.05258239512773,ft3
Laske,tnc,6,312.2003110923469,ft3
Laske,tnc,7,313.4588365321458,ft3
Laske,tnc,8,288.3269619219985,ft3
Laske,tnc,9,290.243687975768,ft3
Laske,tnc,10,308.98942549226325,ft3
Laske,trust-krylov,1,276.05406172267215,ft3
Laske,trust-krylov,2,276.05406195853635,ft3
Laske,trust-krylov,3,276.0540617839152,ft3
Laske,trust-krylov,4,283.23263894043816,ft3
Laske,trust-krylov,5,290.1838308887529,ft3
Laske,trust-krylov,6,276.05406171260495,ft3
Laske,trust-krylov,7,276.0540621242376,ft3
Laske,trust-krylov,8,276.0540629296657,ft3
Laske,trust-krylov,9,276.05406179990973,ft3
Laske,trust-krylov,10,276.05406181604286,ft3
Laske,trust-ncg,1,329.68623278894023,ft3
Laske,trust-ncg,2,318.44967753425885,ft3
Laske,trust-ncg,3,309.7259321561404,ft3
Laske,trust-ncg,4,281.02857864599304,ft3
Laske,trust-ncg,5,281.11360104321597,ft3
Laske,trust-ncg,6,290.18383092596,ft3
Laske,trust-ncg,7,299.37152788682357,ft3
Laske,trust-ncg,8,299.3749502668651,ft3
Laske,trust-ncg,9,290.18383088612205,ft3
Laske,trust-ncg,10,276.05406179690084,ft3
Lucarelli,SLSQP,1,1894.994176351863,ft3
Lucarelli,SLSQP,2,1815.4452509341668,ft3
Lucarelli,SLSQP,3,1850.7098483118132,ft3
Lucarelli,SLSQP,4,1935.6627774337546,ft3
Lucarelli,SLSQP,5,1883.8642316765054,ft3
Lucarelli,SLSQP,6,1857.3453312294018,ft3
Lucarelli,SLSQP,7,1850.5829589714622,ft3
Lucarelli,SLSQP,8,1833.0735905227232,ft3
Lucarelli,SLSQP,9,1943.1519788612616,ft3
Lucarelli,SLSQP,10,1926.9669527788596,ft3
Lucarelli,COBYLA,1,3050.5071476110725,ft3
Lucarelli,COBYLA,2,3149.662118580666,ft3
Lucarelli,COBYLA,3,3087.6604840139835,ft3
Lucarelli,COBYLA,4,3126.1370305541814,ft3
Lucarelli,COBYLA,5,2956.801037931766,ft3
Lucarelli,COBYLA,6,2864.10987356187,ft3
Lucarelli,COBYLA,7,2820.2400626555186,ft3
Lucarelli,COBYLA,8,2861.4535915561796,ft3
Lucarelli,COBYLA,9,3042.511308211196,ft3
Lucarelli,COBYLA,10,3043.8872203277233,ft3
Lucarelli,fides,1,2047.3056092375193,ft3
Lucarelli,fides,2,1798.536909451481,ft3
Lucarelli,fides,3,2132.911382742243,ft3
Lucarelli,fides,4,1883.9720109746652,ft3
Lucarelli,fides,5,2433.878890021004,ft3
Lucarelli,fides,6,2143.918408647988,ft3
Lucarelli,fides,7,2052.117175102897,ft3
Lucarelli,fides,8,2438.5562913030585,ft3
Lucarelli,fides,9,2162.620126352023,ft3
Lucarelli,fides,10,2195.704417871596,ft3
Lucarelli,BFGS,1,6654.246025085715,ft3
Lucarelli,BFGS,2,6628.810312875482,ft3
Lucarelli,BFGS,3,6735.27775047388,ft3
Lucarelli,BFGS,4,5881.618481243654,ft3
Lucarelli,BFGS,5,6248.76708492385,ft3
Lucarelli,BFGS,6,7429.5934460072485,ft3
Lucarelli,BFGS,7,6253.6411880460055,ft3
Lucarelli,BFGS,8,6080.438308760656,ft3
Lucarelli,BFGS,9,5775.382661594472,ft3
Lucarelli,BFGS,10,7352.126050547757,ft3
Lucarelli,dogleg,1,5256.261230569647,ft3
Lucarelli,dogleg,2,7287.522490767819,ft3
Lucarelli,dogleg,3,6868.183489241251,ft3
Lucarelli,dogleg,4,6590.5223790873815,ft3
Lucarelli,dogleg,5,6551.756101445689,ft3
Lucarelli,dogleg,6,5643.016741452336,ft3
Lucarelli,dogleg,7,6004.437222902618,ft3
Lucarelli,dogleg,8,5875.677639138041,ft3
Lucarelli,dogleg,9,5031.913401492,ft3
Lucarelli,dogleg,10,6551.344116550549,ft3
Lucarelli,ipopt,1,2337.6694422741098,ft3
Lucarelli,ipopt,2,2834.257801683619,ft3
Lucarelli,ipopt,3,2325.9442073676864,ft3
Lucarelli,ipopt,4,1937.3110856860278,ft3
Lucarelli,ipopt,5,1837.8162555373078,ft3
Lucarelli,ipopt,6,2564.4810410968394,ft3
Lucarelli,ipopt,7,1958.4967439496263,ft3
Lucarelli,ipopt,8,2252.80622290247,ft3
Lucarelli,ipopt,9,1873.099370731437,ft3
Lucarelli,ipopt,10,1918.8366399209367,ft3
Lucarelli,cmaes,1,5824.814659588142,ft3
Lucarelli,cmaes,2,5824.814658946349,ft3
Lucarelli,cmaes,3,5824.814657547413,ft3
Lucarelli,cmaes,4,5824.814656607415,ft3
Lucarelli,cmaes,5,5824.814626764005,ft3
Lucarelli,cmaes,6,5824.8146555469375,ft3
Lucarelli,cmaes,7,98320431.01730776,ft3
Lucarelli,cmaes,8,5650683.782071441,ft3
Lucarelli,cmaes,9,129578273.59165335,ft3
Lucarelli,cmaes,10,78913144.1057541,ft3
Lucarelli,pyswarm,1,4970.205036277021,ft3
Lucarelli,pyswarm,2,4936.40301376164,ft3
Lucarelli,pyswarm,3,5047.0203534466455,ft3
Lucarelli,pyswarm,4,4690.247276860363,ft3
Lucarelli,pyswarm,5,4553.464359156969,ft3
Lucarelli,pyswarm,6,4290.619643668695,ft3
Lucarelli,pyswarm,7,4187.666591103387,ft3
Lucarelli,pyswarm,8,4771.631327323486,ft3
Lucarelli,pyswarm,9,5122.3402229292615,ft3
Lucarelli,pyswarm,10,4636.195242936566,ft3
Lucarelli,L-BFGS-B,1,2364.4913394332107,ft3
Lucarelli,L-BFGS-B,2,2372.3370823938467,ft3
Lucarelli,L-BFGS-B,3,2254.662619217378,ft3
Lucarelli,L-BFGS-B,4,2691.480480950925,ft3
Lucarelli,L-BFGS-B,5,2186.0171553332293,ft3
Lucarelli,L-BFGS-B,6,2209.331287904854,ft3
Lucarelli,L-BFGS-B,7,2514.0319008857978,ft3
Lucarelli,L-BFGS-B,8,2694.3317634292152,ft3
Lucarelli,L-BFGS-B,9,2450.1067976888367,ft3
Lucarelli,L-BFGS-B,10,2582.2826854017,ft3
Lucarelli,Nelder-Mead,1,3101.3977701939966,ft3
Lucarelli,Nelder-Mead,2,2886.248789412708,ft3
Lucarelli,Nelder-Mead,3,3318.346489776532,ft3
Lucarelli,Nelder-Mead,4,3109.2393605433017,ft3
Lucarelli,Nelder-Mead,5,3393.399048543423,ft3
Lucarelli,Nelder-Mead,6,3189.8055261390778,ft3
Lucarelli,Nelder-Mead,7,3304.3180488128874,ft3
Lucarelli,Nelder-Mead,8,3281.721214045101,ft3
Lucarelli,Nelder-Mead,9,3509.060677163757,ft3
Lucarelli,Nelder-Mead,10,2995.2576445525897,ft3
Lucarelli,cg,1,3485.972319071805,ft3
Lucarelli,cg,2,4518.144830924386,ft3
Lucarelli,cg,3,3733.9357468429134,ft3
Lucarelli,cg,4,3327.3675248956097,ft3
Lucarelli,cg,5,4527.124181168197,ft3
Lucarelli,cg,6,3234.8212596749804,ft3
Lucarelli,cg,7,5037.0621871674675,ft3
Lucarelli,cg,8,3352.4205365316643,ft3
Lucarelli,cg,9,3328.738916105292,ft3
Lucarelli,cg,10,3318.8958395531304,ft3
Lucarelli,newton-cg,1,6664.309252810759,ft3
Lucarelli,newton-cg,2,7046.489470232028,ft3
Lucarelli,newton-cg,3,3686.518464583929,ft3
Lucarelli,newton-cg,4,4754.6182201299,ft3
Lucarelli,newton-cg,5,6597.16444516294,ft3
Lucarelli,newton-cg,6,5670.656897131865,ft3
Lucarelli,newton-cg,7,4373.701163023786,ft3
Lucarelli,newton-cg,8,5087.220002867602,ft3
Lucarelli,newton-cg,9,6208.231215243196,ft3
Lucarelli,newton-cg,10,3916.6492942306195,ft3
Lucarelli,nlopt_11,1,2394.5172338088787,ft3
Lucarelli,nlopt_11,2,2284.038289509293,ft3
Lucarelli,nlopt_11,3,2311.9360009300076,ft3
Lucarelli,nlopt_11,4,2245.611623990688,ft3
Lucarelli,nlopt_11,5,2260.1252645697855,ft3
Lucarelli,nlopt_11,6,2664.908147925433,ft3
Lucarelli,nlopt_11,7,2175.8381121297894,ft3
Lucarelli,nlopt_11,8,1852.8876326825382,ft3
Lucarelli,nlopt_11,9,2321.3503553198816,ft3
Lucarelli,nlopt_11,10,2286.7450826431677,ft3
Lucarelli,nlopt_12,1,2059.226643864225,ft3
Lucarelli,nlopt_12,2,2094.9906833878676,ft3
Lucarelli,nlopt_12,3,1913.2159888016643,ft3
Lucarelli,nlopt_12,4,1857.0150835715908,ft3
Lucarelli,nlopt_12,5,2051.5627870020426,ft3
Lucarelli,nlopt_12,6,2050.808970394634,ft3
Lucarelli,nlopt_12,7,2002.6987976891621,ft3
Lucarelli,nlopt_12,8,1813.0573266555982,ft3
Lucarelli,nlopt_12,9,2299.4063191036685,ft3
Lucarelli,nlopt_12,10,2013.9112539678288,ft3
Lucarelli,nlopt_13,1,2818.6664637737076,ft3
Lucarelli,nlopt_13,2,2149.0246000274064,ft3
Lucarelli,nlopt_13,3,2144.142055841387,ft3
Lucarelli,nlopt_13,4,2189.8536580065347,ft3
Lucarelli,nlopt_13,5,2514.441815499481,ft3
Lucarelli,nlopt_13,6,2101.376055809828,ft3
Lucarelli,nlopt_13,7,2231.6305260331824,ft3
Lucarelli,nlopt_13,8,2323.1351746715777,ft3
Lucarelli,nlopt_13,9,2497.2080451699403,ft3
Lucarelli,nlopt_13,10,2215.7467205179496,ft3
Lucarelli,nlopt_14,1,2417.668678329321,ft3
Lucarelli,nlopt_14,2,2917.2537027296326,ft3
Lucarelli,nlopt_14,3,2459.8087202111074,ft3
Lucarelli,nlopt_14,4,2460.293295903479,ft3
Lucarelli,nlopt_14,5,2350.4866968274796,ft3
Lucarelli,nlopt_14,6,2460.606698808366,ft3
Lucarelli,nlopt_14,7,2395.605635340207,ft3
Lucarelli,nlopt_14,8,2699.4992923041236,ft3
Lucarelli,nlopt_14,9,2625.6490640736965,ft3
Lucarelli,nlopt_14,10,2796.3540034731946,ft3
Lucarelli,nlopt_15,1,3452.1363972478725,ft3
Lucarelli,nlopt_15,2,3212.9112461886893,ft3
Lucarelli,nlopt_15,3,3236.9310934255864,ft3
Lucarelli,nlopt_15,4,3153.874630371355,ft3
Lucarelli,nlopt_15,5,2968.0949250707554,ft3
Lucarelli,nlopt_15,6,3546.9676029785796,ft3
Lucarelli,nlopt_15,7,2877.357982029568,ft3
Lucarelli,nlopt_15,8,3122.7322057503934,ft3
Lucarelli,nlopt_15,9,3550.0864100658296,ft3
Lucarelli,nlopt_15,10,2933.2949151927946,ft3
Lucarelli,nlopt_16,1,1864.4911022596318,ft3
Lucarelli,nlopt_16,2,2473.0550902421214,ft3
Lucarelli,nlopt_16,3,2243.339638937642,ft3
Lucarelli,nlopt_16,4,2533.462043862305,ft3
Lucarelli,nlopt_16,5,2486.1424048249273,ft3
Lucarelli,nlopt_16,6,2293.3351531675553,ft3
Lucarelli,nlopt_16,7,2424.0969540634546,ft3
Lucarelli,nlopt_16,8,2568.6532581878737,ft3
Lucarelli,nlopt_16,9,2402.839097057324,ft3
Lucarelli,nlopt_16,10,3099.2283705211803,ft3
Lucarelli,nlopt_18,1,2332.3327517992525,ft3
Lucarelli,nlopt_18,2,2256.731092154264,ft3
Lucarelli,nlopt_18,3,2414.3344435648078,ft3
Lucarelli,nlopt_18,4,2703.7515713681164,ft3
Lucarelli,nlopt_18,5,2706.749600045761,ft3
Lucarelli,nlopt_18,6,2191.775638478865,ft3
Lucarelli,nlopt_18,7,2951.990744023036,ft3
Lucarelli,nlopt_18,8,2846.788221415515,ft3
Lucarelli,nlopt_18,9,2984.782173332105,ft3
Lucarelli,nlopt_18,10,2391.9490857208157,ft3
Lucarelli,nlopt_21,1,2866.505710998109,ft3
Lucarelli,nlopt_21,2,3015.5734810699055,ft3
Lucarelli,nlopt_21,3,2749.4217550307476,ft3
Lucarelli,nlopt_21,4,3080.3123604599346,ft3
Lucarelli,nlopt_21,5,3087.167766818204,ft3
Lucarelli,nlopt_21,6,2578.922067534631,ft3
Lucarelli,nlopt_21,7,2811.2515752882928,ft3
Lucarelli,nlopt_21,8,2951.375944737043,ft3
Lucarelli,nlopt_21,9,3075.136217129673,ft3
Lucarelli,nlopt_21,10,3023.2426826546434,ft3
Lucarelli,nlopt_23,1,3327.566131390792,ft3
Lucarelli,nlopt_23,2,4445.277835361042,ft3
Lucarelli,nlopt_23,3,3154.8292036943603,ft3
Lucarelli,nlopt_23,4,3842.7404925121064,ft3
Lucarelli,nlopt_23,5,3114.015844273218,ft3
Lucarelli,nlopt_23,6,3298.3532917258763,ft3
Lucarelli,nlopt_23,7,4445.277835361042,ft3
Lucarelli,nlopt_23,8,4445.277835361042,ft3
Lucarelli,nlopt_23,9,3331.0255623277017,ft3
Lucarelli,nlopt_23,10,2911.5440305518687,ft3
Lucarelli,nlopt_26,1,5852.771812624435,ft3
Lucarelli,nlopt_26,2,4555.356105621383,ft3
Lucarelli,nlopt_26,3,5624.4273899201735,ft3
Lucarelli,nlopt_26,4,4637.100723901454,ft3
Lucarelli,nlopt_26,5,5871.821294184302,ft3
Lucarelli,nlopt_26,6,3761.348611054296,ft3
Lucarelli,nlopt_26,7,5860.680386522401,ft3
Lucarelli,nlopt_26,8,5371.13827820905,ft3
Lucarelli,nlopt_26,9,6654.49143486102,ft3
Lucarelli,nlopt_26,10,4665.11105625826,ft3
Lucarelli,nlopt_28,1,2413.578424702317,ft3
Lucarelli,nlopt_28,2,2634.5780813238543,ft3
Lucarelli,nlopt_28,3,2444.126961946953,ft3
Lucarelli,nlopt_28,4,2597.764180580544,ft3
Lucarelli,nlopt_28,5,2668.617719538678,ft3
Lucarelli,nlopt_28,6,2828.6558322222304,ft3
Lucarelli,nlopt_28,7,2558.0158910239647,ft3
Lucarelli,nlopt_28,8,2608.710418318601,ft3
Lucarelli,nlopt_28,9,2494.4980832645165,ft3
Lucarelli,nlopt_28,10,2859.070482584943,ft3
Lucarelli,nlopt_29,1,1693.3997510163772,ft3
Lucarelli,nlopt_29,2,1698.3084749733807,ft3
Lucarelli,nlopt_29,3,1686.4285571571631,ft3
Lucarelli,nlopt_29,4,1719.0703225236443,ft3
Lucarelli,nlopt_29,5,1696.476611586769,ft3
Lucarelli,nlopt_29,6,1717.3531967688602,ft3
Lucarelli,nlopt_29,7,1724.4920468827063,ft3
Lucarelli,nlopt_29,8,1710.8302929221916,ft3
Lucarelli,nlopt_29,9,1732.1750968549386,ft3
Lucarelli,nlopt_29,10,1692.5127002492166,ft3
Lucarelli,nlopt_34,1,1715.3532839635513,ft3
Lucarelli,nlopt_34,2,1731.8877122156148,ft3
Lucarelli,nlopt_34,3,1742.9066704050695,ft3
Lucarelli,nlopt_34,4,1707.933631805324,ft3
Lucarelli,nlopt_34,5,1707.782927603723,ft3
Lucarelli,nlopt_34,6,1747.6024755110911,ft3
Lucarelli,nlopt_34,7,1722.8569997168443,ft3
Lucarelli,nlopt_34,8,1743.7189364608112,ft3
Lucarelli,nlopt_34,9,1703.2607536381659,ft3
Lucarelli,nlopt_34,10,1727.8290450004222,ft3
Lucarelli,nlopt_36,1,2288.1007162026617,ft3
Lucarelli,nlopt_36,2,2401.6677421570776,ft3
Lucarelli,nlopt_36,3,2012.852387603872,ft3
Lucarelli,nlopt_36,4,2569.501490306803,ft3
Lucarelli,nlopt_36,5,2322.954569881479,ft3
Lucarelli,nlopt_36,6,2253.2198045581504,ft3
Lucarelli,nlopt_36,7,2245.6909493695875,ft3
Lucarelli,nlopt_36,8,2033.3686550564307,ft3
Lucarelli,nlopt_36,9,1992.7816154781444,ft3
Lucarelli,nlopt_36,10,2688.5025442458937,ft3
Lucarelli,nlopt_37,1,2040.8984646663114,ft3
Lucarelli,nlopt_37,2,2202.7467885321066,ft3
Lucarelli,nlopt_37,3,2336.846641906708,ft3
Lucarelli,nlopt_37,4,2024.180964739616,ft3
Lucarelli,nlopt_37,5,1980.1935038895863,ft3
Lucarelli,nlopt_37,6,2048.8047761321495,ft3
Lucarelli,nlopt_37,7,2109.704626033608,ft3
Lucarelli,nlopt_37,8,2317.160803561009,ft3
Lucarelli,nlopt_37,9,2550.3792397103693,ft3
Lucarelli,nlopt_37,10,2196.0369406924015,ft3
Lucarelli,nlopt_39,1,3539.4161036895953,ft3
Lucarelli,nlopt_39,2,4354.266014192102,ft3
Lucarelli,nlopt_39,3,4092.0440840104748,ft3
Lucarelli,nlopt_39,4,3430.9564354168156,ft3
Lucarelli,nlopt_39,5,3213.0895688985033,ft3
Lucarelli,nlopt_39,6,3593.3234567472614,ft3
Lucarelli,nlopt_39,7,4352.278585327403,ft3
Lucarelli,nlopt_39,8,4445.277835361042,ft3
Lucarelli,nlopt_39,9,3485.3222993850827,ft3
Lucarelli,nlopt_39,10,3376.127980913881,ft3
Lucarelli,tnc,1,2931.9115299278524,ft3
Lucarelli,tnc,2,3209.45491815197,ft3
Lucarelli,tnc,3,3023.5292444077922,ft3
Lucarelli,tnc,4,3052.5395779804007,ft3
Lucarelli,tnc,5,3413.7986624745777,ft3
Lucarelli,tnc,6,3544.2995409773453,ft3
Lucarelli,tnc,7,3173.5012422062496,ft3
Lucarelli,tnc,8,3333.0519448527216,ft3
Lucarelli,tnc,9,3127.8697773156587,ft3
Lucarelli,tnc,10,3089.0322578390123,ft3
Lucarelli,trust-krylov,1,1973.8112377436992,ft3
Lucarelli,trust-krylov,2,1936.5207356913236,ft3
Lucarelli,trust-krylov,3,1903.0954288169935,ft3
Lucarelli,trust-krylov,4,1953.105515576647,ft3
Lucarelli,trust-krylov,5,2033.2508875535539,ft3
Lucarelli,trust-krylov,6,2174.564677404906,ft3
Lucarelli,trust-krylov,7,2073.048027796259,ft3
Lucarelli,trust-krylov,8,2060.412745519927,ft3
Lucarelli,trust-krylov,9,2018.0875410254953,ft3
Lucarelli,trust-krylov,10,1969.8757891344196,ft3
Lucarelli,trust-ncg,1,2242.943106745585,ft3
Lucarelli,trust-ncg,2,2083.3580203234583,ft3
Lucarelli,trust-ncg,3,2542.6126975683205,ft3
Lucarelli,trust-ncg,4,2091.1816536163797,ft3
Lucarelli,trust-ncg,5,2518.7520230090636,ft3
Lucarelli,trust-ncg,6,2373.4300686831616,ft3
Lucarelli,trust-ncg,7,2130.032318130111,ft3
Lucarelli,trust-ncg,8,2272.657606988819,ft3
Lucarelli,trust-ncg,9,2051.1789362677464,ft3
Lucarelli,trust-ncg,10,2456.2450388869693,ft3
Okuonghae,SLSQP,1,374.123906122471,ft3
Okuonghae,SLSQP,2,374.3931069314363,ft3
Okuonghae,SLSQP,3,373.81042596207243,ft3
Okuonghae,SLSQP,4,374.0084957795251,ft3
Okuonghae,SLSQP,5,374.17550465144336,ft3
Okuonghae,SLSQP,6,373.9730893904439,ft3
Okuonghae,SLSQP,7,374.09479090658823,ft3
Okuonghae,SLSQP,8,374.43161170667884,ft3
Okuonghae,SLSQP,9,374.1990297125875,ft3
Okuonghae,SLSQP,10,373.9834309246385,ft3
Okuonghae,COBYLA,1,453.4347252205604,ft3
Okuonghae,COBYLA,2,448.44865189275765,ft3
Okuonghae,COBYLA,3,449.5358927786675,ft3
Okuonghae,COBYLA,4,455.7093561227667,ft3
Okuonghae,COBYLA,5,454.4538939064901,ft3
Okuonghae,COBYLA,6,451.8669995420931,ft3
Okuonghae,COBYLA,7,455.2563798801273,ft3
Okuonghae,COBYLA,8,453.68429156104077,ft3
Okuonghae,COBYLA,9,446.432589716197,ft3
Okuonghae,COBYLA,10,449.76248435990493,ft3
Okuonghae,fides,1,373.5557958598997,ft3
Okuonghae,fides,2,373.55303837376647,ft3
Okuonghae,fides,3,373.5523731093897,ft3
Okuonghae,fides,4,373.5550725517761,ft3
Okuonghae,fides,5,373.54790896468336,ft3
Okuonghae,fides,6,373.5496357535329,ft3
Okuonghae,fides,7,373.55776861647837,ft3
Okuonghae,fides,8,373.5488133368412,ft3
Okuonghae,fides,9,373.5512180041138,ft3
Okuonghae,fides,10,373.5491349946892,ft3
Okuonghae,BFGS,1,386.82431029426965,ft3
Okuonghae,BFGS,2,375.9811091567715,ft3
Okuonghae,BFGS,3,379.46695835090685,ft3
Okuonghae,BFGS,4,401.1045330742319,ft3
Okuonghae,BFGS,5,377.0358984911471,ft3
Okuonghae,BFGS,6,377.6593640226868,ft3
Okuonghae,BFGS,7,377.3408856238579,ft3
Okuonghae,BFGS,8,380.13057522033216,ft3
Okuonghae,BFGS,9,381.1880170359574,ft3
Okuonghae,BFGS,10,383.686067330195,ft3
Okuonghae,dogleg,1,517.3673211951073,ft3
Okuonghae,dogleg,2,522.5010886173415,ft3
Okuonghae,dogleg,3,561.6288280038524,ft3
Okuonghae,dogleg,4,540.452243868098,ft3
Okuonghae,dogleg,5,574.9448881159385,ft3
Okuonghae,dogleg,6,538.7559377685561,ft3
Okuonghae,dogleg,7,513.5444025656162,ft3
Okuonghae,dogleg,8,532.9075981662041,ft3
Okuonghae,dogleg,9,544.915626929286,ft3
Okuonghae,dogleg,10,548.4900182758495,ft3
Okuonghae,ipopt,1,373.5760952232611,ft3
Okuonghae,ipopt,2,373.56805386234845,ft3
Okuonghae,ipopt,3,373.5735561636122,ft3
Okuonghae,ipopt,4,373.57695047683717,ft3
Okuonghae,ipopt,5,373.59585864603395,ft3
Okuonghae,ipopt,6,373.5927801117981,ft3
Okuonghae,ipopt,7,373.5976407103505,ft3
Okuonghae,ipopt,8,373.5792528628988,ft3
Okuonghae,ipopt,9,373.5791554144423,ft3
Okuonghae,ipopt,10,373.5738430326713,ft3
Okuonghae,cmaes,1,373.5476648264737,ft3
Okuonghae,cmaes,2,373.5477207228715,ft3
Okuonghae,cmaes,3,373.54768895865135,ft3
Okuonghae,cmaes,4,373.54773819369956,ft3
Okuonghae,cmaes,5,373.5477320627871,ft3
Okuonghae,cmaes,6,373.54770287885054,ft3
Okuonghae,cmaes,7,373.5477357552383,ft3
Okuonghae,cmaes,8,373.5476726194951,ft3
Okuonghae,cmaes,9,373.5477118663455,ft3
Okuonghae,cmaes,10,373.5477107643868,ft3
Okuonghae,pyswarm,1,444.24423262192744,ft3
Okuonghae,pyswarm,2,437.6559957739727,ft3
Okuonghae,pyswarm,3,440.1937398717171,ft3
Okuonghae,pyswarm,4,426.2369569264478,ft3
Okuonghae,pyswarm,5,446.9337351719492,ft3
Okuonghae,pyswarm,6,437.2530249754332,ft3
Okuonghae,pyswarm,7,440.43023594109775,ft3
Okuonghae,pyswarm,8,444.62392432960576,ft3
Okuonghae,pyswarm,9,427.67951446880534,ft3
Okuonghae,pyswarm,10,443.0884413363296,ft3
Okuonghae,L-BFGS-B,1,373.7967076324484,ft3
Okuonghae,L-BFGS-B,2,373.7049196487235,ft3
Okuonghae,L-BFGS-B,3,373.7211633871685,ft3
Okuonghae,L-BFGS-B,4,373.77339086322576,ft3
Okuonghae,L-BFGS-B,5,373.7422578977191,ft3
Okuonghae,L-BFGS-B,6,373.7259262537576,ft3
Okuonghae,L-BFGS-B,7,373.6085708672269,ft3
Okuonghae,L-BFGS-B,8,373.66231212361424,ft3
Okuonghae,L-BFGS-B,9,373.55001309687754,ft3
Okuonghae,L-BFGS-B,10,373.61854852317913,ft3
Okuonghae,Nelder-Mead,1,387.7197238174155,ft3
Okuonghae,Nelder-Mead,2,387.5071860656517,ft3
Okuonghae,Nelder-Mead,3,382.9909873974579,ft3
Okuonghae,Nelder-Mead,4,395.75671973060105,ft3
Okuonghae,Nelder-Mead,5,387.27826670370234,ft3
Okuonghae,Nelder-Mead,6,378.3744764260527,ft3
Okuonghae,Nelder-Mead,7,410.43900205625505,ft3
Okuonghae,Nelder-Mead,8,377.4649308574295,ft3
Okuonghae,Nelder-Mead,9,391.0609781512908,ft3
Okuonghae,Nelder-Mead,10,376.5287279763325,ft3
Okuonghae,cg,1,377.2181726132957,ft3
Okuonghae,cg,2,377.4503229494684,ft3
Okuonghae,cg,3,377.1622207966465,ft3
Okuonghae,cg,4,377.2705620067974,ft3
Okuonghae,cg,5,377.23988199375174,ft3
Okuonghae,cg,6,377.2647060389368,ft3
Okuonghae,cg,7,376.9203957835239,ft3
Okuonghae,cg,8,376.44107107832065,ft3
Okuonghae,cg,9,375.5045354957099,ft3
Okuonghae,cg,10,377.3775276086612,ft3
Okuonghae,newton-cg,1,377.1109739262692,ft3
Okuonghae,newton-cg,2,377.0843748788522,ft3
Okuonghae,newton-cg,3,377.1674583311099,ft3
Okuonghae,newton-cg,4,377.8882108829368,ft3
Okuonghae,newton-cg,5,377.0526190090541,ft3
Okuonghae,newton-cg,6,377.80190963526627,ft3
Okuonghae,newton-cg,7,377.4250343085839,ft3
Okuonghae,newton-cg,8,377.07603551563943,ft3
Okuonghae,newton-cg,9,377.7641265537078,ft3
Okuonghae,newton-cg,10,377.96720656209493,ft3
Okuonghae,nlopt_11,1,373.54928474278216,ft3
Okuonghae,nlopt_11,2,373.55008852098206,ft3
Okuonghae,nlopt_11,3,373.55234803308053,ft3
Okuonghae,nlopt_11,4,373.5489454769381,ft3
Okuonghae,nlopt_11,5,373.54889745377716,ft3
Okuonghae,nlopt_11,6,373.551755860019,ft3
Okuonghae,nlopt_11,7,373.55401241358055,ft3
Okuonghae,nlopt_11,8,373.55143338306954,ft3
Okuonghae,nlopt_11,9,373.55278654513097,ft3
Okuonghae,nlopt_11,10,373.55011592034606,ft3
Okuonghae,nlopt_12,1,373.6816990618713,ft3
Okuonghae,nlopt_12,2,373.93258998116994,ft3
Okuonghae,nlopt_12,3,373.96461445634833,ft3
Okuonghae,nlopt_12,4,374.0141188094397,ft3
Okuonghae,nlopt_12,5,373.6302266588176,ft3
Okuonghae,nlopt_12,6,373.687796753971,ft3
Okuonghae,nlopt_12,7,373.8327103652002,ft3
Okuonghae,nlopt_12,8,373.93117422849963,ft3
Okuonghae,nlopt_12,9,373.7738333595376,ft3
Okuonghae,nlopt_12,10,373.60351843568344,ft3
Okuonghae,nlopt_13,1,373.55218776087094,ft3
Okuonghae,nlopt_13,2,373.5499940858648,ft3
Okuonghae,nlopt_13,3,373.55085696372277,ft3
Okuonghae,nlopt_13,4,373.5501584934822,ft3
Okuonghae,nlopt_13,5,373.558644313746,ft3
Okuonghae,nlopt_13,6,373.54979443202683,ft3
Okuonghae,nlopt_13,7,373.55345472664766,ft3
Okuonghae,nlopt_13,8,373.55046940593843,ft3
Okuonghae,nlopt_13,9,373.5525921440261,ft3
Okuonghae,nlopt_13,10,373.5499879714091,ft3
Okuonghae,nlopt_14,1,373.54954185752706,ft3
Okuonghae,nlopt_14,2,373.5507003760462,ft3
Okuonghae,nlopt_14,3,373.5510104257109,ft3
Okuonghae,nlopt_14,4,373.5496260009374,ft3
Okuonghae,nlopt_14,5,373.5497805076788,ft3
Okuonghae,nlopt_14,6,373.55666570214476,ft3
Okuonghae,nlopt_14,7,373.5489077053022,ft3
Okuonghae,nlopt_14,8,373.55001347469005,ft3
Okuonghae,nlopt_14,9,373.5497950896114,ft3
Okuonghae,nlopt_14,10,373.5501202136326,ft3
Okuonghae,nlopt_15,1,421.6957216317289,ft3
Okuonghae,nlopt_15,2,421.3566851636258,ft3
Okuonghae,nlopt_15,3,429.4892648661077,ft3
Okuonghae,nlopt_15,4,384.03101572267957,ft3
Okuonghae,nlopt_15,5,389.6923644189409,ft3
Okuonghae,nlopt_15,6,399.840404432141,ft3
Okuonghae,nlopt_15,7,384.08169884986023,ft3
Okuonghae,nlopt_15,8,421.0615608600003,ft3
Okuonghae,nlopt_15,9,420.0429396854465,ft3
Okuonghae,nlopt_15,10,386.5040479357053,ft3
Okuonghae,nlopt_16,1,373.66265011370245,ft3
Okuonghae,nlopt_16,2,373.5542736722579,ft3
Okuonghae,nlopt_16,3,375.9094441988238,ft3
Okuonghae,nlopt_16,4,373.5898004824927,ft3
Okuonghae,nlopt_16,5,373.5520839042144,ft3
Okuonghae,nlopt_16,6,373.56935474124776,ft3
Okuonghae,nlopt_16,7,373.60457461125833,ft3
Okuonghae,nlopt_16,8,375.4346740827401,ft3
Okuonghae,nlopt_16,9,373.5661778372897,ft3
Okuonghae,nlopt_16,10,375.5957506796179,ft3
Okuonghae,nlopt_18,1,376.0891430166172,ft3
Okuonghae,nlopt_18,2,375.50802005130606,ft3
Okuonghae,nlopt_18,3,376.1054046053022,ft3
Okuonghae,nlopt_18,4,373.58336031912825,ft3
Okuonghae,nlopt_18,5,373.5855353780989,ft3
Okuonghae,nlopt_18,6,373.5670139870647,ft3
Okuonghae,nlopt_18,7,373.592744936384,ft3
Okuonghae,nlopt_18,8,376.1223866575884,ft3
Okuonghae,nlopt_18,9,373.5887661753925,ft3
Okuonghae,nlopt_18,10,373.69537355959613,ft3
Okuonghae,nlopt_21,1,374.8160360517605,ft3
Okuonghae,nlopt_21,2,375.0211695851783,ft3
Okuonghae,nlopt_21,3,375.0052992032691,ft3
Okuonghae,nlopt_21,4,375.02460505798007,ft3
Okuonghae,nlopt_21,5,375.19556772105557,ft3
Okuonghae,nlopt_21,6,375.0021546971615,ft3
Okuonghae,nlopt_21,7,374.6572610961216,ft3
Okuonghae,nlopt_21,8,374.752416709176,ft3
Okuonghae,nlopt_21,9,374.6878373926282,ft3
Okuonghae,nlopt_21,10,375.0509233756594,ft3
Okuonghae,nlopt_23,1,375.05702777292174,ft3
Okuonghae,nlopt_23,2,375.25089806162043,ft3
Okuonghae,nlopt_23,3,376.2081208984819,ft3
Okuonghae,nlopt_23,4,375.1000269828362,ft3
Okuonghae,nlopt_23,5,375.0623645596601,ft3
Okuonghae,nlopt_23,6,376.40446477729427,ft3
Okuonghae,nlopt_23,7,374.85669242475194,ft3
Okuonghae,nlopt_23,8,376.2334636755696,ft3
Okuonghae,nlopt_23,9,376.3165794076433,ft3
Okuonghae,nlopt_23,10,374.6473936934928,ft3
Okuonghae,nlopt_26,1,376.2109238170129,ft3
Okuonghae,nlopt_26,2,374.7227208715133,ft3
Okuonghae,nlopt_26,3,376.24468757578643,ft3
Okuonghae,nlopt_26,4,374.569660873584,ft3
Okuonghae,nlopt_26,5,376.0244429684418,ft3
Okuonghae,nlopt_26,6,374.5364115456226,ft3
Okuonghae,nlopt_26,7,376.50136381938364,ft3
Okuonghae,nlopt_26,8,374.3942696324742,ft3
Okuonghae,nlopt_26,9,375.1622254089979,ft3
Okuonghae,nlopt_26,10,374.2283296781678,ft3
Okuonghae,nlopt_28,1,376.1695522393085,ft3
Okuonghae,nlopt_28,2,379.11329512646495,ft3
Okuonghae,nlopt_28,3,377.32067458067,ft3
Okuonghae,nlopt_28,4,379.0397007085998,ft3
Okuonghae,nlopt_28,5,380.73746204587235,ft3
Okuonghae,nlopt_28,6,377.08385792658254,ft3
Okuonghae,nlopt_28,7,378.9500095775051,ft3
Okuonghae,nlopt_28,8,376.9945521200652,ft3
Okuonghae,nlopt_28,9,376.26604195229925,ft3
Okuonghae,nlopt_28,10,377.42574625772363,ft3
Okuonghae,nlopt_29,1,374.51386603992063,ft3
Okuonghae,nlopt_29,2,373.8390878539154,ft3
Okuonghae,nlopt_29,3,374.1221733173997,ft3
Okuonghae,nlopt_29,4,373.9658584754076,ft3
Okuonghae,nlopt_29,5,374.2018891297918,ft3
Okuonghae,nlopt_29,6,374.364380390333,ft3
Okuonghae,nlopt_29,7,375.1752243386222,ft3
Okuonghae,nlopt_29,8,374.0755866102542,ft3
Okuonghae,nlopt_29,9,373.9724911934469,ft3
Okuonghae,nlopt_29,10,374.2098738737484,ft3
Okuonghae,nlopt_34,1,375.3322945664812,ft3
Okuonghae,nlopt_34,2,375.78200515973174,ft3
Okuonghae,nlopt_34,3,375.4408432145922,ft3
Okuonghae,nlopt_34,4,375.33039318826536,ft3
Okuonghae,nlopt_34,5,374.6579544826818,ft3
Okuonghae,nlopt_34,6,376.48407583455344,ft3
Okuonghae,nlopt_34,7,376.1611841798419,ft3
Okuonghae,nlopt_34,8,376.4582926903879,ft3
Okuonghae,nlopt_34,9,374.53363054466706,ft3
Okuonghae,nlopt_34,10,375.3409766687583,ft3
Okuonghae,nlopt_36,1,373.5518688106514,ft3
Okuonghae,nlopt_36,2,373.5494619257795,ft3
Okuonghae,nlopt_36,3,373.5496895407906,ft3
Okuonghae,nlopt_36,4,373.55000318045313,ft3
Okuonghae,nlopt_36,5,373.55026642786845,ft3
Okuonghae,nlopt_36,6,373.5502694174327,ft3
Okuonghae,nlopt_36,7,373.55200677727044,ft3
Okuonghae,nlopt_36,8,373.55001294914587,ft3
Okuonghae,nlopt_36,9,373.55938735178154,ft3
Okuonghae,nlopt_36,10,373.5497885749882,ft3
Okuonghae,nlopt_37,1,373.55060268954225,ft3
Okuonghae,nlopt_37,2,373.5492411764081,ft3
Okuonghae,nlopt_37,3,373.54849614894795,ft3
Okuonghae,nlopt_37,4,373.5501453791586,ft3
Okuonghae,nlopt_37,5,373.55195626199173,ft3
Okuonghae,nlopt_37,6,373.5528260200979,ft3
Okuonghae,nlopt_37,7,373.5500103197074,ft3
Okuonghae,nlopt_37,8,373.5506170981959,ft3
Okuonghae,nlopt_37,9,373.5498076361186,ft3
Okuonghae,nlopt_37,10,373.5498096642585,ft3
Okuonghae,nlopt_39,1,376.56909016637354,ft3
Okuonghae,nlopt_39,2,376.3528395275826,ft3
Okuonghae,nlopt_39,3,376.3528395275826,ft3
Okuonghae,nlopt_39,4,376.29910764931014,ft3
Okuonghae,nlopt_39,5,375.4121614473553,ft3
Okuonghae,nlopt_39,6,376.5863071366001,ft3
Okuonghae,nlopt_39,7,376.2340567872076,ft3
Okuonghae,nlopt_39,8,374.9579708278066,ft3
Okuonghae,nlopt_39,9,375.06989988089344,ft3
Okuonghae,nlopt_39,10,376.21246434808336,ft3
Okuonghae,tnc,1,415.1558395733861,ft3
Okuonghae,tnc,2,393.52748217821335,ft3
Okuonghae,tnc,3,392.0681566920764,ft3
Okuonghae,tnc,4,402.79083480685813,ft3
Okuonghae,tnc,5,391.5381979651892,ft3
Okuonghae,tnc,6,405.58246163468556,ft3
Okuonghae,tnc,7,394.89153242350204,ft3
Okuonghae,tnc,8,407.73829190496156,ft3
Okuonghae,tnc,9,394.31810673860105,ft3
Okuonghae,tnc,10,387.9510979476237,ft3
Okuonghae,trust-krylov,1,373.8874695054275,ft3
Okuonghae,trust-krylov,2,373.8948658078077,ft3
Okuonghae,trust-krylov,3,374.01907842773545,ft3
Okuonghae,trust-krylov,4,373.9169370907832,ft3
Okuonghae,trust-krylov,5,373.8502085588792,ft3
Okuonghae,trust-krylov,6,373.933906808996,ft3
Okuonghae,trust-krylov,7,373.94412714781083,ft3
Okuonghae,trust-krylov,8,374.0174257210847,ft3
Okuonghae,trust-krylov,9,373.99550098240314,ft3
Okuonghae,trust-krylov,10,373.9597049443645,ft3
Okuonghae,trust-ncg,1,374.7941602175423,ft3
Okuonghae,trust-ncg,2,375.02686389158777,ft3
Okuonghae,trust-ncg,3,376.13565942212597,ft3
Okuonghae,trust-ncg,4,376.18859878501235,ft3
Okuonghae,trust-ncg,5,375.0417764841057,ft3
Okuonghae,trust-ncg,6,376.0033361419527,ft3
Okuonghae,trust-ncg,7,374.8421203668907,ft3
Okuonghae,trust-ncg,8,375.07756278405725,ft3
Okuonghae,trust-ncg,9,375.09823559037767,ft3
Okuonghae,trust-ncg,10,374.7848182319015,ft3
Oliveira,SLSQP,1,8750.15573113525,ft3
Oliveira,SLSQP,2,9191.377059119022,ft3
Oliveira,SLSQP,3,9747.050825723672,ft3
Oliveira,SLSQP,4,8699.012773716506,ft3
Oliveira,SLSQP,5,8690.432153604692,ft3
Oliveira,SLSQP,6,8087.476563777761,ft3
Oliveira,SLSQP,7,8723.636683436303,ft3
Oliveira,SLSQP,8,8798.974928782716,ft3
Oliveira,SLSQP,9,10169.74066028815,ft3
Oliveira,SLSQP,10,11993.54697000399,ft3
Oliveira,COBYLA,1,8789.224645449192,ft3
Oliveira,COBYLA,2,9021.112474316003,ft3
Oliveira,COBYLA,3,8868.696101384461,ft3
Oliveira,COBYLA,4,9153.691338281667,ft3
Oliveira,COBYLA,5,8400.636119735469,ft3
Oliveira,COBYLA,6,9095.070858817739,ft3
Oliveira,COBYLA,7,8510.63078231635,ft3
Oliveira,COBYLA,8,8464.2177392848,ft3
Oliveira,COBYLA,9,9298.94993460844,ft3
Oliveira,COBYLA,10,8414.239506382733,ft3
Oliveira,fides,1,7905.242040818311,ft3
Oliveira,fides,2,7905.476315650505,ft3
Oliveira,fides,3,7905.463065939131,ft3
Oliveira,fides,4,7905.187392258853,ft3
Oliveira,fides,5,7905.924786552308,ft3
Oliveira,fides,6,7905.449718091234,ft3
Oliveira,fides,7,7905.772962156155,ft3
Oliveira,fides,8,7905.782736034027,ft3
Oliveira,fides,9,7905.503192649459,ft3
Oliveira,fides,10,7905.6131465681465,ft3
Oliveira,BFGS,1,12160.566625861915,ft3
Oliveira,BFGS,2,9837.47802131108,ft3
Oliveira,BFGS,3,9753.265896193481,ft3
Oliveira,BFGS,4,10015.026681394063,ft3
Oliveira,BFGS,5,9918.120591396804,ft3
Oliveira,BFGS,6,10588.125911309864,ft3
Oliveira,BFGS,7,8991.503603042445,ft3
Oliveira,BFGS,8,9542.515641683136,ft3
Oliveira,BFGS,9,9153.769160783148,ft3
Oliveira,BFGS,10,8861.0861492258,ft3
Oliveira,dogleg,1,17412.689399307124,ft3
Oliveira,dogleg,2,24708.856088943674,ft3
Oliveira,dogleg,3,64169.649210391195,ft3
Oliveira,dogleg,4,20705.83157625096,ft3
Oliveira,dogleg,5,17276.60757957296,ft3
Oliveira,dogleg,6,40469.48970425264,ft3
Oliveira,dogleg,7,15508.647262712764,ft3
Oliveira,dogleg,8,38727.87418961217,ft3
Oliveira,dogleg,9,17412.689399307124,ft3
Oliveira,dogleg,10,21627.433035436403,ft3
Oliveira,ipopt,1,7929.205848592961,ft3
Oliveira,ipopt,2,7908.55973485775,ft3
Oliveira,ipopt,3,7907.035308802762,ft3
Oliveira,ipopt,4,7919.453178544311,ft3
Oliveira,ipopt,5,7916.201220966947,ft3
Oliveira,ipopt,6,7940.605616550653,ft3
Oliveira,ipopt,7,7908.974614593015,ft3
Oliveira,ipopt,8,7926.752408358785,ft3
Oliveira,ipopt,9,7910.594404770408,ft3
Oliveira,ipopt,10,7906.221715210651,ft3
Oliveira,cmaes,1,7905.716665392569,ft3
Oliveira,cmaes,2,7905.0645432455085,ft3
Oliveira,cmaes,3,7906.070590002084,ft3
Oliveira,cmaes,4,7905.840534301437,ft3
Oliveira,cmaes,5,7906.133850770685,ft3
Oliveira,cmaes,6,7905.033178017344,ft3
Oliveira,cmaes,7,7905.066052448506,ft3
Oliveira,cmaes,8,7904.991183956798,ft3
Oliveira,cmaes,9,7905.33482238785,ft3
Oliveira,cmaes,10,7904.949981922734,ft3
Oliveira,pyswarm,1,8849.170210088912,ft3
Oliveira,pyswarm,2,7998.814092550108,ft3
Oliveira,pyswarm,3,8282.519614070887,ft3
Oliveira,pyswarm,4,8443.909499244028,ft3
Oliveira,pyswarm,5,9042.055094407546,ft3
Oliveira,pyswarm,6,9223.120846433783,ft3
Oliveira,pyswarm,7,8491.236328112916,ft3
Oliveira,pyswarm,8,8859.237642164286,ft3
Oliveira,pyswarm,9,8892.590698309059,ft3
Oliveira,pyswarm,10,8460.564704392043,ft3
Oliveira,L-BFGS-B,1,7906.314242991404,ft3
Oliveira,L-BFGS-B,2,7909.0744056497215,ft3
Oliveira,L-BFGS-B,3,7907.201723207597,ft3
Oliveira,L-BFGS-B,4,7906.075363697302,ft3
Oliveira,L-BFGS-B,5,7907.014235200211,ft3
Oliveira,L-BFGS-B,6,7905.602376968975,ft3
Oliveira,L-BFGS-B,7,7906.447458273756,ft3
Oliveira,L-BFGS-B,8,7908.429634002623,ft3
Oliveira,L-BFGS-B,9,7905.854513687226,ft3
Oliveira,L-BFGS-B,10,7911.760887689478,ft3
Oliveira,Nelder-Mead,1,7907.472340173422,ft3
Oliveira,Nelder-Mead,2,7908.175964037188,ft3
Oliveira,Nelder-Mead,3,7908.437229540682,ft3
Oliveira,Nelder-Mead,4,7906.481437076864,ft3
Oliveira,Nelder-Mead,5,7906.8946206422,ft3
Oliveira,Nelder-Mead,6,7908.321371073247,ft3
Oliveira,Nelder-Mead,7,7906.326701682636,ft3
Oliveira,Nelder-Mead,8,7906.55155132354,ft3
Oliveira,Nelder-Mead,9,7907.821725668794,ft3
Oliveira,Nelder-Mead,10,7905.7574572251215,ft3
Oliveira,cg,1,7936.161320315329,ft3
Oliveira,cg,2,7915.458364448993,ft3
Oliveira,cg,3,7923.873702223893,ft3
Oliveira,cg,4,7983.1635355578655,ft3
Oliveira,cg,5,7993.247497371713,ft3
Oliveira,cg,6,7992.053590537345,ft3
Oliveira,cg,7,7957.8578694544185,ft3
Oliveira,cg,8,8172.920667713777,ft3
Oliveira,cg,9,7987.668793386285,ft3
Oliveira,cg,10,8040.444758364292,ft3
Oliveira,newton-cg,1,18332.484576216415,ft3
Oliveira,newton-cg,2,32811.11897946603,ft3
Oliveira,newton-cg,3,11580.93563783222,ft3
Oliveira,newton-cg,4,9991.08114939096,ft3
Oliveira,newton-cg,5,12501.451829175481,ft3
Oliveira,newton-cg,6,14542.402465396133,ft3
Oliveira,newton-cg,7,15388.61644447735,ft3
Oliveira,newton-cg,8,15636.489718886696,ft3
Oliveira,newton-cg,9,10779.626332200007,ft3
Oliveira,newton-cg,10,10306.98270902142,ft3
Oliveira,nlopt_11,1,7906.3361844068295,ft3
Oliveira,nlopt_11,2,7906.405802825645,ft3
Oliveira,nlopt_11,3,7905.434256656237,ft3
Oliveira,nlopt_11,4,7906.195088127818,ft3
Oliveira,nlopt_11,5,7906.370593183703,ft3
Oliveira,nlopt_11,6,7906.44231849774,ft3
Oliveira,nlopt_11,7,7906.403095869072,ft3
Oliveira,nlopt_11,8,7905.988216447496,ft3
Oliveira,nlopt_11,9,7905.859773148626,ft3
Oliveira,nlopt_11,10,7906.485588736204,ft3
Oliveira,nlopt_12,1,7907.417414370723,ft3
Oliveira,nlopt_12,2,7914.754945309056,ft3
Oliveira,nlopt_12,3,7914.716650646653,ft3
Oliveira,nlopt_12,4,7919.428465592421,ft3
Oliveira,nlopt_12,5,7914.38414319221,ft3
Oliveira,nlopt_12,6,7909.959368308851,ft3
Oliveira,nlopt_12,7,7910.594157047178,ft3
Oliveira,nlopt_12,8,7912.781098565437,ft3
Oliveira,nlopt_12,9,7908.902336802085,ft3
Oliveira,nlopt_12,10,7907.974156054379,ft3
Oliveira,nlopt_13,1,7906.384341644781,ft3
Oliveira,nlopt_13,2,7907.032757330314,ft3
Oliveira,nlopt_13,3,7906.9308227745505,ft3
Oliveira,nlopt_13,4,7906.2739859634385,ft3
Oliveira,nlopt_13,5,7906.622441101837,ft3
Oliveira,nlopt_13,6,7906.258211848968,ft3
Oliveira,nlopt_13,7,7905.92340413653,ft3
Oliveira,nlopt_13,8,7906.376338831492,ft3
Oliveira,nlopt_13,9,7906.273468193488,ft3
Oliveira,nlopt_13,10,7906.350745837543,ft3
Oliveira,nlopt_14,1,7906.725515006816,ft3
Oliveira,nlopt_14,2,7906.252995821259,ft3
Oliveira,nlopt_14,3,7906.254122359166,ft3
Oliveira,nlopt_14,4,7906.895711164528,ft3
Oliveira,nlopt_14,5,7906.411780153327,ft3
Oliveira,nlopt_14,6,7906.5892269190035,ft3
Oliveira,nlopt_14,7,7907.0459243463765,ft3
Oliveira,nlopt_14,8,7906.2775429542025,ft3
Oliveira,nlopt_14,9,7905.3801927600525,ft3
Oliveira,nlopt_14,10,7906.6929399602495,ft3
Oliveira,nlopt_15,1,7946.785700671014,ft3
Oliveira,nlopt_15,2,8053.490006940003,ft3
Oliveira,nlopt_15,3,7965.893725196465,ft3
Oliveira,nlopt_15,4,7940.232192846541,ft3
Oliveira,nlopt_15,5,8041.2980759668135,ft3
Oliveira,nlopt_15,6,7978.338181073622,ft3
Oliveira,nlopt_15,7,8017.704747382951,ft3
Oliveira,nlopt_15,8,7965.97948579796,ft3
Oliveira,nlopt_15,9,8019.945906756695,ft3
Oliveira,nlopt_15,10,7938.95729607472,ft3
Oliveira,nlopt_16,1,7913.998610813388,ft3
Oliveira,nlopt_16,2,7919.173204931292,ft3
Oliveira,nlopt_16,3,7928.453146726486,ft3
Oliveira,nlopt_16,4,7908.359452523865,ft3
Oliveira,nlopt_16,5,7915.050674219136,ft3
Oliveira,nlopt_16,6,7914.294903704797,ft3
Oliveira,nlopt_16,7,7913.584105161519,ft3
Oliveira,nlopt_16,8,7917.974888142197,ft3
Oliveira,nlopt_16,9,7912.806052175389,ft3
Oliveira,nlopt_16,10,7915.650354682853,ft3
Oliveira,nlopt_18,1,7911.181198456409,ft3
Oliveira,nlopt_18,2,7907.008693642454,ft3
Oliveira,nlopt_18,3,7909.206019636098,ft3
Oliveira,nlopt_18,4,7908.266457412644,ft3
Oliveira,nlopt_18,5,7912.112762276933,ft3
Oliveira,nlopt_18,6,7907.394083938318,ft3
Oliveira,nlopt_18,7,7907.890314142468,ft3
Oliveira,nlopt_18,8,7910.5059639863575,ft3
Oliveira,nlopt_18,9,7911.57852108704,ft3
Oliveira,nlopt_18,10,7906.971961245593,ft3
Oliveira,nlopt_21,1,7909.663969391036,ft3
Oliveira,nlopt_21,2,7908.2126023497,ft3
Oliveira,nlopt_21,3,7908.214205843468,ft3
Oliveira,nlopt_21,4,7907.533917274591,ft3
Oliveira,nlopt_21,5,7909.755491485317,ft3
Oliveira,nlopt_21,6,7908.186155588818,ft3
Oliveira,nlopt_21,7,7909.879863089263,ft3
Oliveira,nlopt_21,8,7910.481193621167,ft3
Oliveira,nlopt_21,9,7908.656647004229,ft3
Oliveira,nlopt_21,10,7907.88017882154,ft3
Oliveira,nlopt_23,1,7909.969569772694,ft3
Oliveira,nlopt_23,2,7914.409518444589,ft3
Oliveira,nlopt_23,3,7910.984961806246,ft3
Oliveira,nlopt_23,4,7925.629109520413,ft3
Oliveira,nlopt_23,5,7918.026415940394,ft3
Oliveira,nlopt_23,6,7915.735212539081,ft3
Oliveira,nlopt_23,7,7927.387894087899,ft3
Oliveira,nlopt_23,8,7920.549859445124,ft3
Oliveira,nlopt_23,9,7918.748190184321,ft3
Oliveira,nlopt_23,10,7909.081154564319,ft3
Oliveira,nlopt_26,1,8724.55597245861,ft3
Oliveira,nlopt_26,2,7925.737212099667,ft3
Oliveira,nlopt_26,3,8733.760882229073,ft3
Oliveira,nlopt_26,4,8709.79771654005,ft3
Oliveira,nlopt_26,5,8745.924233543035,ft3
Oliveira,nlopt_26,6,8468.430457975464,ft3
Oliveira,nlopt_26,7,8823.682151920355,ft3
Oliveira,nlopt_26,8,7974.686784833594,ft3
Oliveira,nlopt_26,9,7919.66574723773,ft3
Oliveira,nlopt_26,10,7936.141930915151,ft3
Oliveira,nlopt_28,1,7905.255401610305,ft3
Oliveira,nlopt_28,2,7904.994956170992,ft3
Oliveira,nlopt_28,3,7905.827977035388,ft3
Oliveira,nlopt_28,4,7905.331274816815,ft3
Oliveira,nlopt_28,5,7905.866156307827,ft3
Oliveira,nlopt_28,6,7905.747969480619,ft3
Oliveira,nlopt_28,7,7905.859998892299,ft3
Oliveira,nlopt_28,8,7905.959417574342,ft3
Oliveira,nlopt_28,9,7905.433467002326,ft3
Oliveira,nlopt_28,10,7905.81119988413,ft3
Oliveira,nlopt_29,1,7907.33528654063,ft3
Oliveira,nlopt_29,2,7906.292007842546,ft3
Oliveira,nlopt_29,3,7906.591791021965,ft3
Oliveira,nlopt_29,4,7906.251612703602,ft3
Oliveira,nlopt_29,5,7906.479800749963,ft3
Oliveira,nlopt_29,6,7906.366308693294,ft3
Oliveira,nlopt_29,7,7906.990043028896,ft3
Oliveira,nlopt_29,8,7907.21569880021,ft3
Oliveira,nlopt_29,9,7907.673358105834,ft3
Oliveira,nlopt_29,10,7906.910063353348,ft3
Oliveira,nlopt_34,1,7918.202541205789,ft3
Oliveira,nlopt_34,2,7911.475549881977,ft3
Oliveira,nlopt_34,3,7919.781256233843,ft3
Oliveira,nlopt_34,4,7921.009750937674,ft3
Oliveira,nlopt_34,5,7914.481863653369,ft3
Oliveira,nlopt_34,6,7910.552914428722,ft3
Oliveira,nlopt_34,7,7918.518674439489,ft3
Oliveira,nlopt_34,8,7918.768787137821,ft3
Oliveira,nlopt_34,9,7919.570479166471,ft3
Oliveira,nlopt_34,10,7952.743929338101,ft3
Oliveira,nlopt_36,1,7905.334181424936,ft3
Oliveira,nlopt_36,2,7906.178601550289,ft3
Oliveira,nlopt_36,3,7906.116783255204,ft3
Oliveira,nlopt_36,4,7905.249494022281,ft3
Oliveira,nlopt_36,5,7906.695265260003,ft3
Oliveira,nlopt_36,6,7906.124137011092,ft3
Oliveira,nlopt_36,7,7905.830793023412,ft3
Oliveira,nlopt_36,8,7906.007727528427,ft3
Oliveira,nlopt_36,9,7906.125072468758,ft3
Oliveira,nlopt_36,10,7906.263919921265,ft3
Oliveira,nlopt_37,1,7905.896963819737,ft3
Oliveira,nlopt_37,2,7906.254840955943,ft3
Oliveira,nlopt_37,3,7906.463604486215,ft3
Oliveira,nlopt_37,4,7906.758645420497,ft3
Oliveira,nlopt_37,5,7906.253128763811,ft3
Oliveira,nlopt_37,6,7906.611283263992,ft3
Oliveira,nlopt_37,7,7906.1734203483065,ft3
Oliveira,nlopt_37,8,7905.401365554468,ft3
Oliveira,nlopt_37,9,7905.823828437316,ft3
Oliveira,nlopt_37,10,7906.335104917619,ft3
Oliveira,nlopt_39,1,7921.345926726945,ft3
Oliveira,nlopt_39,2,7913.885210451958,ft3
Oliveira,nlopt_39,3,7917.492066988213,ft3
Oliveira,nlopt_39,4,7908.375217452575,ft3
Oliveira,nlopt_39,5,7917.277998061964,ft3
Oliveira,nlopt_39,6,7914.955166317205,ft3
Oliveira,nlopt_39,7,7919.123241572239,ft3
Oliveira,nlopt_39,8,7915.355420291658,ft3
Oliveira,nlopt_39,9,7915.777086064366,ft3
Oliveira,nlopt_39,10,7906.8621155833935,ft3
Oliveira,tnc,1,8063.119658196717,ft3
Oliveira,tnc,2,8242.759022879707,ft3
Oliveira,tnc,3,8218.212749239869,ft3
Oliveira,tnc,4,7954.166359419272,ft3
Oliveira,tnc,5,8444.753920276018,ft3
Oliveira,tnc,6,8330.86762531011,ft3
Oliveira,tnc,7,8023.347330934024,ft3
Oliveira,tnc,8,8651.029595135255,ft3
Oliveira,tnc,9,8488.512012284806,ft3
Oliveira,tnc,10,8090.829294905468,ft3
Oliveira,trust-krylov,1,11311.58229671578,ft3
Oliveira,trust-krylov,2,9760.000286386412,ft3
Oliveira,trust-krylov,3,10404.525586003012,ft3
Oliveira,trust-krylov,4,9780.340495781498,ft3
Oliveira,trust-krylov,5,10207.754115888541,ft3
Oliveira,trust-krylov,6,10586.996968419386,ft3
Oliveira,trust-krylov,7,11135.000781661513,ft3
Oliveira,trust-krylov,8,10356.936572335992,ft3
Oliveira,trust-krylov,9,10260.558611962724,ft3
Oliveira,trust-krylov,10,11418.98954784192,ft3
Oliveira,trust-ncg,1,9992.253986906937,ft3
Oliveira,trust-ncg,2,10430.823420592047,ft3
Oliveira,trust-ncg,3,10408.791239036747,ft3
Oliveira,trust-ncg,4,11028.254158322825,ft3
Oliveira,trust-ncg,5,10408.368725677003,ft3
Oliveira,trust-ncg,6,10373.625969556128,ft3
Oliveira,trust-ncg,7,9772.978940379988,ft3
Oliveira,trust-ncg,8,10421.875180530275,ft3
Oliveira,trust-ncg,9,10814.616433198546,ft3
Oliveira,trust-ncg,10,10360.481157031925,ft3
Perelson,SLSQP,1,222.2807690383981,ft3
Perelson,SLSQP,2,222.28076909040203,ft3
Perelson,SLSQP,3,222.28076912497562,ft3
Perelson,SLSQP,4,222.2807690820871,ft3
Perelson,SLSQP,5,222.28076907922102,ft3
Perelson,SLSQP,6,222.28076912874562,ft3
Perelson,SLSQP,7,222.28076905111624,ft3
Perelson,SLSQP,8,222.28076913422163,ft3
Perelson,SLSQP,9,222.280769071736,ft3
Perelson,SLSQP,10,222.28076911047515,ft3
Perelson,COBYLA,1,222.28076926722287,ft3
Perelson,COBYLA,2,222.2807692118652,ft3
Perelson,COBYLA,3,222.28076923018247,ft3
Perelson,COBYLA,4,222.28076923114153,ft3
Perelson,COBYLA,5,222.28076924607007,ft3
Perelson,COBYLA,6,222.28076924725784,ft3
Perelson,COBYLA,7,222.28076924614354,ft3
Perelson,COBYLA,8,222.28076924537376,ft3
Perelson,COBYLA,9,222.28076923996937,ft3
Perelson,COBYLA,10,222.28076924810836,ft3
Perelson,fides,1,222.28076941475547,ft3
Perelson,fides,2,222.28076940971303,ft3
Perelson,fides,3,222.28076941336516,ft3
Perelson,fides,4,222.28076938883467,ft3
Perelson,fides,5,222.28076941886567,ft3
Perelson,fides,6,222.28076941794154,ft3
Perelson,fides,7,222.28076940254405,ft3
Perelson,fides,8,222.2807694245099,ft3
Perelson,fides,9,222.28076940962862,ft3
Perelson,fides,10,222.28076941034598,ft3
Perelson,BFGS,1,222.28076901752857,ft3
Perelson,BFGS,2,222.2807689519846,ft3
Perelson,BFGS,3,222.2807690320934,ft3
Perelson,BFGS,4,222.2807690132521,ft3
Perelson,BFGS,5,222.28076903566907,ft3
Perelson,BFGS,6,222.28076902736666,ft3
Perelson,BFGS,7,222.28076905764524,ft3
Perelson,BFGS,8,222.28076903150333,ft3
Perelson,BFGS,9,222.28076902294617,ft3
Perelson,BFGS,10,222.28076895037586,ft3
Perelson,dogleg,1,222.28076905785082,ft3
Perelson,dogleg,2,222.2807690302741,ft3
Perelson,dogleg,3,222.28076902199763,ft3
Perelson,dogleg,4,222.28076896866028,ft3
Perelson,dogleg,5,222.28076902892036,ft3
Perelson,dogleg,6,222.28076901090185,ft3
Perelson,dogleg,7,222.28076889729678,ft3
Perelson,dogleg,8,222.28076899809827,ft3
Perelson,dogleg,9,222.2807690124534,ft3
Perelson,dogleg,10,222.2807690771459,ft3
Perelson,ipopt,1,222.28076904958155,ft3
Perelson,ipopt,2,222.28076898804548,ft3
Perelson,ipopt,3,222.2807690099966,ft3
Perelson,ipopt,4,222.28076908629612,ft3
Perelson,ipopt,5,222.2807690382472,ft3
Perelson,ipopt,6,222.2807689807645,ft3
Perelson,ipopt,7,222.28076904836053,ft3
Perelson,ipopt,8,222.28076906351103,ft3
Perelson,ipopt,9,222.2807690000935,ft3
Perelson,ipopt,10,222.28076905613352,ft3
Perelson,cmaes,1,222.28076906297377,ft3
Perelson,cmaes,2,222.28076894957013,ft3
Perelson,cmaes,3,222.28076904773656,ft3
Perelson,cmaes,4,222.28076909814922,ft3
Perelson,cmaes,5,222.28076909879653,ft3
Perelson,cmaes,6,222.2807690601865,ft3
Perelson,cmaes,7,222.28076906661894,ft3
Perelson,cmaes,8,222.28076908293826,ft3
Perelson,cmaes,9,222.28076908123862,ft3
Perelson,cmaes,10,222.28076902144622,ft3
Perelson,pyswarm,1,222.28076901770862,ft3
Perelson,pyswarm,2,222.28076903360412,ft3
Perelson,pyswarm,3,222.28076902526044,ft3
Perelson,pyswarm,4,222.28076905079504,ft3
Perelson,pyswarm,5,222.2807690542249,ft3
Perelson,pyswarm,6,222.28076907159897,ft3
Perelson,pyswarm,7,222.280769022772,ft3
Perelson,pyswarm,8,222.28076908093942,ft3
Perelson,pyswarm,9,222.28076905437953,ft3
Perelson,pyswarm,10,222.2807690776138,ft3
Perelson,L-BFGS-B,1,222.28076915365378,ft3
Perelson,L-BFGS-B,2,222.2807691478753,ft3
Perelson,L-BFGS-B,3,222.2807691236675,ft3
Perelson,L-BFGS-B,4,222.2807691236675,ft3
Perelson,L-BFGS-B,5,222.28076913727506,ft3
Perelson,L-BFGS-B,6,222.2807691314687,ft3
Perelson,L-BFGS-B,7,222.28076911407933,ft3
Perelson,L-BFGS-B,8,222.2807691402243,ft3
Perelson,L-BFGS-B,9,222.28076913508227,ft3
Perelson,L-BFGS-B,10,222.28076906556942,ft3
Perelson,Nelder-Mead,1,222.28076921233637,ft3
Perelson,Nelder-Mead,2,222.28076920736305,ft3
Perelson,Nelder-Mead,3,222.28076922412896,ft3
Perelson,Nelder-Mead,4,222.28076917218624,ft3
Perelson,Nelder-Mead,5,222.28076919833094,ft3
Perelson,Nelder-Mead,6,222.280769226084,ft3
Perelson,Nelder-Mead,7,222.2807691808046,ft3
Perelson,Nelder-Mead,8,222.2807692065951,ft3
Perelson,Nelder-Mead,9,222.28076919891097,ft3
Perelson,Nelder-Mead,10,222.28076919589233,ft3
Perelson,cg,1,222.28076894086794,ft3
Perelson,cg,2,222.28076904260803,ft3
Perelson,cg,3,222.28076899840175,ft3
Perelson,cg,4,222.28076903019843,ft3
Perelson,cg,5,222.28076898765968,ft3
Perelson,cg,6,222.28076906949337,ft3
Perelson,cg,7,222.28076900278742,ft3
Perelson,cg,8,222.2807690247802,ft3
Perelson,cg,9,222.28076904115267,ft3
Perelson,cg,10,222.28076902048443,ft3
Perelson,newton-cg,1,222.2807689931919,ft3
Perelson,newton-cg,2,222.28076905672972,ft3
Perelson,newton-cg,3,222.2807690421614,ft3
Perelson,newton-cg,4,222.2807690379894,ft3
Perelson,newton-cg,5,222.28076907337777,ft3
Perelson,newton-cg,6,222.28076907706742,ft3
Perelson,newton-cg,7,222.28076903600925,ft3
Perelson,newton-cg,8,222.28076903389277,ft3
Perelson,newton-cg,9,222.28076901604595,ft3
Perelson,newton-cg,10,222.28076907626647,ft3
Perelson,nlopt_11,1,222.28076939235143,ft3
Perelson,nlopt_11,2,222.28076935847798,ft3
Perelson,nlopt_11,3,222.28076938305045,ft3
Perelson,nlopt_11,4,222.2807693776317,ft3
Perelson,nlopt_11,5,222.28076939474005,ft3
Perelson,nlopt_11,6,222.2807693818399,ft3
Perelson,nlopt_11,7,222.28076936852608,ft3
Perelson,nlopt_11,8,222.28076936531042,ft3
Perelson,nlopt_11,9,222.28076937658273,ft3
Perelson,nlopt_11,10,222.2807693912411,ft3
Perelson,nlopt_12,1,222.2807690443357,ft3
Perelson,nlopt_12,2,222.28076896293035,ft3
Perelson,nlopt_12,3,222.28076896551642,ft3
Perelson,nlopt_12,4,222.28076898723148,ft3
Perelson,nlopt_12,5,222.2807690355387,ft3
Perelson,nlopt_12,6,222.28076896437977,ft3
Perelson,nlopt_12,7,222.2807690371772,ft3
Perelson,nlopt_12,8,222.28076899774916,ft3
Perelson,nlopt_12,9,222.2807689820064,ft3
Perelson,nlopt_12,10,222.2807690160016,ft3
Perelson,nlopt_13,1,222.28076936488154,ft3
Perelson,nlopt_13,2,222.28076938052277,ft3
Perelson,nlopt_13,3,222.28076939673372,ft3
Perelson,nlopt_13,4,222.28076939072665,ft3
Perelson,nlopt_13,5,222.28076937945752,ft3
Perelson,nlopt_13,6,222.28076939872813,ft3
Perelson,nlopt_13,7,222.28076940068806,ft3
Perelson,nlopt_13,8,222.28076938216896,ft3
Perelson,nlopt_13,9,222.28076937835962,ft3
Perelson,nlopt_13,10,222.2807693939667,ft3
Perelson,nlopt_14,1,222.2807693831653,ft3
Perelson,nlopt_14,2,222.28076937507186,ft3
Perelson,nlopt_14,3,222.2807693942138,ft3
Perelson,nlopt_14,4,222.28076939984103,ft3
Perelson,nlopt_14,5,222.28076938447632,ft3
Perelson,nlopt_14,6,222.28076937680325,ft3
Perelson,nlopt_14,7,222.28076933118874,ft3
Perelson,nlopt_14,8,222.28076938771164,ft3
Perelson,nlopt_14,9,222.28076939256715,ft3
Perelson,nlopt_14,10,222.280769361579,ft3
Perelson,nlopt_15,1,222.28076942220412,ft3
Perelson,nlopt_15,2,222.28076940606613,ft3
Perelson,nlopt_15,3,222.28076943661668,ft3
Perelson,nlopt_15,4,222.28076938127023,ft3
Perelson,nlopt_15,5,222.28076940823505,ft3
Perelson,nlopt_15,6,222.2807694319629,ft3
Perelson,nlopt_15,7,222.2807694097652,ft3
Perelson,nlopt_15,8,222.2807694232188,ft3
Perelson,nlopt_15,9,222.2807694171231,ft3
Perelson,nlopt_15,10,222.28076943192372,ft3
Perelson,nlopt_16,1,222.2807694078818,ft3
Perelson,nlopt_16,2,222.28076941487802,ft3
Perelson,nlopt_16,3,222.2807694102153,ft3
Perelson,nlopt_16,4,222.2807694028437,ft3
Perelson,nlopt_16,5,222.28076940502393,ft3
Perelson,nlopt_16,6,222.28076940660372,ft3
Perelson,nlopt_16,7,222.28076940999367,ft3
Perelson,nlopt_16,8,222.28076940431163,ft3
Perelson,nlopt_16,9,222.28076940470189,ft3
Perelson,nlopt_16,10,222.28076941899167,ft3
Perelson,nlopt_18,1,222.28076940736747,ft3
Perelson,nlopt_18,2,222.28076942473322,ft3
Perelson,nlopt_18,3,222.28076938639916,ft3
Perelson,nlopt_18,4,222.28076942883797,ft3
Perelson,nlopt_18,5,222.2807694290488,ft3
Perelson,nlopt_18,6,222.28076942212132,ft3
Perelson,nlopt_18,7,222.28076942244115,ft3
Perelson,nlopt_18,8,222.2807694340422,ft3
Perelson,nlopt_18,9,222.28076942147092,ft3
Perelson,nlopt_18,10,222.280769421082,ft3
Perelson,nlopt_21,1,222.28076940052867,ft3
Perelson,nlopt_21,2,222.28076939444807,ft3
Perelson,nlopt_21,3,222.28076936387166,ft3
Perelson,nlopt_21,4,222.28076938763343,ft3
Perelson,nlopt_21,5,222.2807693927635,ft3
Perelson,nlopt_21,6,222.28076938390495,ft3
Perelson,nlopt_21,7,222.28076935926703,ft3
Perelson,nlopt_21,8,222.28076938549447,ft3
Perelson,nlopt_21,9,222.2807693820942,ft3
Perelson,nlopt_21,10,222.28076940523502,ft3
Perelson,nlopt_23,1,222.28076937785193,ft3
Perelson,nlopt_23,2,222.2807694083336,ft3
Perelson,nlopt_23,3,222.2807694014221,ft3
Perelson,nlopt_23,4,222.28076940665554,ft3
Perelson,nlopt_23,5,222.28076940291973,ft3
Perelson,nlopt_23,6,222.28076940346492,ft3
Perelson,nlopt_23,7,222.28076936939806,ft3
Perelson,nlopt_23,8,222.28076940875926,ft3
Perelson,nlopt_23,9,222.28076940610316,ft3
Perelson,nlopt_23,10,222.28076938431002,ft3
Perelson,nlopt_26,1,222.28076906225155,ft3
Perelson,nlopt_26,2,222.28076904651215,ft3
Perelson,nlopt_26,3,222.2807689320702,ft3
Perelson,nlopt_26,4,222.2807690245715,ft3
Perelson,nlopt_26,5,222.280769029987,ft3
Perelson,nlopt_26,6,222.28076901885635,ft3
Perelson,nlopt_26,7,222.28076903045627,ft3
Perelson,nlopt_26,8,222.28076904153832,ft3
Perelson,nlopt_26,9,222.28076905976906,ft3
Perelson,nlopt_26,10,222.280769041529,ft3
Perelson,nlopt_28,1,222.28076898542776,ft3
Perelson,nlopt_28,2,222.28076902800507,ft3
Perelson,nlopt_28,3,222.28076899943116,ft3
Perelson,nlopt_28,4,222.28076893297305,ft3
Perelson,nlopt_28,5,222.28076895983037,ft3
Perelson,nlopt_28,6,222.28076900734308,ft3
Perelson,nlopt_28,7,222.280768973146,ft3
Perelson,nlopt_28,8,222.2807688157153,ft3
Perelson,nlopt_28,9,222.2807689894319,ft3
Perelson,nlopt_28,10,222.28076888170045,ft3
Perelson,nlopt_29,1,222.28076896646442,ft3
Perelson,nlopt_29,2,222.28076898349045,ft3
Perelson,nlopt_29,3,222.28076890058128,ft3
Perelson,nlopt_29,4,222.28076898910766,ft3
Perelson,nlopt_29,5,222.2807689727132,ft3
Perelson,nlopt_29,6,222.28076898255122,ft3
Perelson,nlopt_29,7,222.280769015662,ft3
Perelson,nlopt_29,8,222.2807688395803,ft3
Perelson,nlopt_29,9,222.2807689518156,ft3
Perelson,nlopt_29,10,222.28076899859113,ft3
Perelson,nlopt_34,1,222.2807691280035,ft3
Perelson,nlopt_34,2,222.28076914970063,ft3
Perelson,nlopt_34,3,222.28076910847074,ft3
Perelson,nlopt_34,4,222.28076908140784,ft3
Perelson,nlopt_34,5,222.28076897931828,ft3
Perelson,nlopt_34,6,222.28076913170048,ft3
Perelson,nlopt_34,7,222.28076917261086,ft3
Perelson,nlopt_34,8,222.28076905938073,ft3
Perelson,nlopt_34,9,222.28076909318804,ft3
Perelson,nlopt_34,10,222.28076911817269,ft3
Perelson,nlopt_36,1,222.28076915145343,ft3
Perelson,nlopt_36,2,222.28076917084314,ft3
Perelson,nlopt_36,3,222.2807691525415,ft3
Perelson,nlopt_36,4,222.28076920805842,ft3
Perelson,nlopt_36,5,222.28076917769033,ft3
Perelson,nlopt_36,6,222.2807691773755,ft3
Perelson,nlopt_36,7,222.2807692133438,ft3
Perelson,nlopt_36,8,222.28076920159907,ft3
Perelson,nlopt_36,9,222.2807691957488,ft3
Perelson,nlopt_36,10,222.28076915522914,ft3
Perelson,nlopt_37,1,222.28076920377353,ft3
Perelson,nlopt_37,2,222.2807691760158,ft3
Perelson,nlopt_37,3,222.2807692037143,ft3
Perelson,nlopt_37,4,222.28076922862252,ft3
Perelson,nlopt_37,5,222.28076921232602,ft3
Perelson,nlopt_37,6,222.2807691890652,ft3
Perelson,nlopt_37,7,222.2807691546316,ft3
Perelson,nlopt_37,8,222.28076913882722,ft3
Perelson,nlopt_37,9,222.28076918554441,ft3
Perelson,nlopt_37,10,222.28076916387178,ft3
Perelson,nlopt_39,1,222.2807694046777,ft3
Perelson,nlopt_39,2,222.28076939955722,ft3
Perelson,nlopt_39,3,222.2807694012988,ft3
Perelson,nlopt_39,4,222.28076938763004,ft3
Perelson,nlopt_39,5,222.2807694032985,ft3
Perelson,nlopt_39,6,222.28076933944277,ft3
Perelson,nlopt_39,7,222.28076940585444,ft3
Perelson,nlopt_39,8,222.28076939889382,ft3
Perelson,nlopt_39,9,222.28076938306714,ft3
Perelson,nlopt_39,10,222.28076940783376,ft3
Perelson,tnc,1,222.28076909540115,ft3
Perelson,tnc,2,222.28076910706483,ft3
Perelson,tnc,3,222.28076905308342,ft3
Perelson,tnc,4,222.28076901576912,ft3
Perelson,tnc,5,222.2807690840076,ft3
Perelson,tnc,6,222.2807690632034,ft3
Perelson,tnc,7,222.28076907997908,ft3
Perelson,tnc,8,222.28076909587872,ft3
Perelson,tnc,9,222.28076902491048,ft3
Perelson,tnc,10,222.2807691160193,ft3
Perelson,trust-krylov,1,222.280769076941,ft3
Perelson,trust-krylov,2,222.28076898216608,ft3
Perelson,trust-krylov,3,222.28076904391867,ft3
Perelson,trust-krylov,4,222.28076906225772,ft3
Perelson,trust-krylov,5,222.28076906265935,ft3
Perelson,trust-krylov,6,222.2807690512855,ft3
Perelson,trust-krylov,7,222.2807690488567,ft3
Perelson,trust-krylov,8,222.28076905106346,ft3
Perelson,trust-krylov,9,222.28076906838476,ft3
Perelson,trust-krylov,10,222.28076901018204,ft3
Perelson,trust-ncg,1,222.28076897745848,ft3
Perelson,trust-ncg,2,222.28076902985887,ft3
Perelson,trust-ncg,3,222.28076905406823,ft3
Perelson,trust-ncg,4,222.28076907314366,ft3
Perelson,trust-ncg,5,222.2807691238889,ft3
Perelson,trust-ncg,6,222.28076911039017,ft3
Perelson,trust-ncg,7,222.28076908709448,ft3
Perelson,trust-ncg,8,222.28076909808325,ft3
Perelson,trust-ncg,9,222.28076910182395,ft3
Perelson,trust-ncg,10,222.28076903297995,ft3
Rahman,SLSQP,1,21.15348994665523,ft3
Rahman,SLSQP,2,21.153486732044705,ft3
Rahman,SLSQP,3,21.153486883183305,ft3
Rahman,SLSQP,4,21.153488460858483,ft3
Rahman,SLSQP,5,21.153487883892304,ft3
Rahman,SLSQP,6,21.153486410374676,ft3
Rahman,SLSQP,7,21.15348955119377,ft3
Rahman,SLSQP,8,21.153488214302975,ft3
Rahman,SLSQP,9,21.15348779792078,ft3
Rahman,SLSQP,10,21.153487634636917,ft3
Rahman,COBYLA,1,21.180568465460123,ft3
Rahman,COBYLA,2,21.172370662519846,ft3
Rahman,COBYLA,3,21.168282508804975,ft3
Rahman,COBYLA,4,21.167598259913213,ft3
Rahman,COBYLA,5,21.171911670744137,ft3
Rahman,COBYLA,6,21.163210819402615,ft3
Rahman,COBYLA,7,21.172856988048444,ft3
Rahman,COBYLA,8,21.17385632579054,ft3
Rahman,COBYLA,9,21.170449053917483,ft3
Rahman,COBYLA,10,21.169159682009237,ft3
Rahman,fides,1,21.153486720019153,ft3
Rahman,fides,2,21.153487746417074,ft3
Rahman,fides,3,21.153486982861647,ft3
Rahman,fides,4,21.153487273889944,ft3
Rahman,fides,5,21.153488531039038,ft3
Rahman,fides,6,21.153486467567124,ft3
Rahman,fides,7,21.153487755466053,ft3
Rahman,fides,8,21.15348749434633,ft3
Rahman,fides,9,21.1534886722837,ft3
Rahman,fides,10,21.15348841178995,ft3
Rahman,BFGS,1,21.15348770263167,ft3
Rahman,BFGS,2,21.153486648547933,ft3
Rahman,BFGS,3,21.15348708122652,ft3
Rahman,BFGS,4,21.153487030587076,ft3
Rahman,BFGS,5,21.1534870368719,ft3
Rahman,BFGS,6,21.153487211830388,ft3
Rahman,BFGS,7,21.15348702975274,ft3
Rahman,BFGS,8,21.153487256867056,ft3
Rahman,BFGS,9,21.153486673835687,ft3
Rahman,BFGS,10,21.153486818394775,ft3
Rahman,dogleg,1,21.24289325841426,ft3
Rahman,dogleg,2,21.240262521632364,ft3
Rahman,dogleg,3,21.202554374645928,ft3
Rahman,dogleg,4,21.216574017666158,ft3
Rahman,dogleg,5,21.208554383747032,ft3
Rahman,dogleg,6,21.206461059905767,ft3
Rahman,dogleg,7,21.226932534306755,ft3
Rahman,dogleg,8,21.199684094440993,ft3
Rahman,dogleg,9,21.19830463950562,ft3
Rahman,dogleg,10,21.18354834262255,ft3
Rahman,ipopt,1,21.153486361820672,ft3
Rahman,ipopt,2,21.153486472257086,ft3
Rahman,ipopt,3,21.15348634349723,ft3
Rahman,ipopt,4,21.153487715011348,ft3
Rahman,ipopt,5,21.15348624305081,ft3
Rahman,ipopt,6,21.15348717086258,ft3
Rahman,ipopt,7,21.153486396345855,ft3
Rahman,ipopt,8,21.153486983317215,ft3
Rahman,ipopt,9,21.153488000675583,ft3
Rahman,ipopt,10,21.153486434479124,ft3
Rahman,cmaes,1,21.153486293506177,ft3
Rahman,cmaes,2,21.15348620513018,ft3
Rahman,cmaes,3,21.153486176661897,ft3
Rahman,cmaes,4,21.15348616606266,ft3
Rahman,cmaes,5,21.15348612504524,ft3
Rahman,cmaes,6,21.15348622444433,ft3
Rahman,cmaes,7,21.153486256299644,ft3
Rahman,cmaes,8,21.153486199736278,ft3
Rahman,cmaes,9,21.15348617072879,ft3
Rahman,cmaes,10,21.153486082226337,ft3
Rahman,pyswarm,1,21.15690466485209,ft3
Rahman,pyswarm,2,21.15773072213959,ft3
Rahman,pyswarm,3,21.15490759109545,ft3
Rahman,pyswarm,4,21.15463109606937,ft3
Rahman,pyswarm,5,21.15671691756424,ft3
Rahman,pyswarm,6,21.154890822041253,ft3
Rahman,pyswarm,7,21.16100450556271,ft3
Rahman,pyswarm,8,21.154328921487185,ft3
Rahman,pyswarm,9,21.154004686371767,ft3
Rahman,pyswarm,10,21.15437439620526,ft3
Rahman,L-BFGS-B,1,21.153486320256714,ft3
Rahman,L-BFGS-B,2,21.153486307909933,ft3
Rahman,L-BFGS-B,3,21.153486295540798,ft3
Rahman,L-BFGS-B,4,21.153486319157665,ft3
Rahman,L-BFGS-B,5,21.153486289798252,ft3
Rahman,L-BFGS-B,6,21.153486309957398,ft3
Rahman,L-BFGS-B,7,21.153486283366412,ft3
Rahman,L-BFGS-B,8,21.153486357256522,ft3
Rahman,L-BFGS-B,9,21.153486256394594,ft3
Rahman,L-BFGS-B,10,21.153486256394594,ft3
Rahman,Nelder-Mead,1,21.153486696858284,ft3
Rahman,Nelder-Mead,2,21.153487354407943,ft3
Rahman,Nelder-Mead,3,21.1534899186306,ft3
Rahman,Nelder-Mead,4,21.15348665509447,ft3
Rahman,Nelder-Mead,5,21.15349338115946,ft3
Rahman,Nelder-Mead,6,21.153489800507,ft3
Rahman,Nelder-Mead,7,21.153492866231108,ft3
Rahman,Nelder-Mead,8,21.153487657553512,ft3
Rahman,Nelder-Mead,9,21.15348661163399,ft3
Rahman,Nelder-Mead,10,21.153495723993355,ft3
Rahman,cg,1,21.153753505966172,ft3
Rahman,cg,2,21.153558993741445,ft3
Rahman,cg,3,21.153841037635967,ft3
Rahman,cg,4,21.1536265560895,ft3
Rahman,cg,5,21.15358105536276,ft3
Rahman,cg,6,21.153532785501675,ft3
Rahman,cg,7,21.153540207478315,ft3
Rahman,cg,8,21.153676559296972,ft3
Rahman,cg,9,21.153633216009858,ft3
Rahman,cg,10,21.15375037460022,ft3
Rahman,newton-cg,1,21.154462862969794,ft3
Rahman,newton-cg,2,21.153773104858235,ft3
Rahman,newton-cg,3,21.154741074578485,ft3
Rahman,newton-cg,4,21.154518965047753,ft3
Rahman,newton-cg,5,21.154097403539563,ft3
Rahman,newton-cg,6,21.154165806023343,ft3
Rahman,newton-cg,7,21.154884001816608,ft3
Rahman,newton-cg,8,21.156380891249302,ft3
Rahman,newton-cg,9,21.15503784060998,ft3
Rahman,newton-cg,10,21.155226718789834,ft3
Rahman,nlopt_11,1,21.153486339087067,ft3
Rahman,nlopt_11,2,21.15348633841396,ft3
Rahman,nlopt_11,3,21.15348634323366,ft3
Rahman,nlopt_11,4,21.15348633790354,ft3
Rahman,nlopt_11,5,21.153486337763596,ft3
Rahman,nlopt_11,6,21.153486336942976,ft3
Rahman,nlopt_11,7,21.153486337730964,ft3
Rahman,nlopt_11,8,21.15348634055379,ft3
Rahman,nlopt_11,9,21.153486339565173,ft3
Rahman,nlopt_11,10,21.153486335964857,ft3
Rahman,nlopt_12,1,21.153487336429194,ft3
Rahman,nlopt_12,2,21.153487283348817,ft3
Rahman,nlopt_12,3,21.153487254160705,ft3
Rahman,nlopt_12,4,21.153487330656343,ft3
Rahman,nlopt_12,5,21.153486421259664,ft3
Rahman,nlopt_12,6,21.15348697076969,ft3
Rahman,nlopt_12,7,21.15348715041275,ft3
Rahman,nlopt_12,8,21.153486755872276,ft3
Rahman,nlopt_12,9,21.15348760952151,ft3
Rahman,nlopt_12,10,21.15348668854503,ft3
Rahman,nlopt_13,1,21.1534863416708,ft3
Rahman,nlopt_13,2,21.15348633971358,ft3
Rahman,nlopt_13,3,21.15348634252084,ft3
Rahman,nlopt_13,4,21.15348633451974,ft3
Rahman,nlopt_13,5,21.153486341208605,ft3
Rahman,nlopt_13,6,21.153486340832938,ft3
Rahman,nlopt_13,7,21.153486343024515,ft3
Rahman,nlopt_13,8,21.15348633815348,ft3
Rahman,nlopt_13,9,21.153486338063857,ft3
Rahman,nlopt_13,10,21.153486341641646,ft3
Rahman,nlopt_14,1,21.153486342293363,ft3
Rahman,nlopt_14,2,21.15348634234872,ft3
Rahman,nlopt_14,3,21.153486338879365,ft3
Rahman,nlopt_14,4,21.15348634091758,ft3
Rahman,nlopt_14,5,21.153486341556953,ft3
Rahman,nlopt_14,6,21.1534863427599,ft3
Rahman,nlopt_14,7,21.1534863397816,ft3
Rahman,nlopt_14,8,21.153486341747453,ft3
Rahman,nlopt_14,9,21.15348634100037,ft3
Rahman,nlopt_14,10,21.1534863393987,ft3
Rahman,nlopt_15,1,21.153531695636186,ft3
Rahman,nlopt_15,2,21.153855175285745,ft3
Rahman,nlopt_15,3,21.1541392168498,ft3
Rahman,nlopt_15,4,21.153678997716472,ft3
Rahman,nlopt_15,5,21.153527285308662,ft3
Rahman,nlopt_15,6,21.15393382445615,ft3
Rahman,nlopt_15,7,21.15372785740433,ft3
Rahman,nlopt_15,8,21.153596519849433,ft3
Rahman,nlopt_15,9,21.153699285597174,ft3
Rahman,nlopt_15,10,21.153496073784314,ft3
Rahman,nlopt_16,1,21.15349174844287,ft3
Rahman,nlopt_16,2,21.153489245419802,ft3
Rahman,nlopt_16,3,21.153489453828808,ft3
Rahman,nlopt_16,4,21.153491253089737,ft3
Rahman,nlopt_16,5,21.153489611123828,ft3
Rahman,nlopt_16,6,21.153490007406337,ft3
Rahman,nlopt_16,7,21.153491232583786,ft3
Rahman,nlopt_16,8,21.153490293665534,ft3
Rahman,nlopt_16,9,21.15349355917414,ft3
Rahman,nlopt_16,10,21.153492110058465,ft3
Rahman,nlopt_18,1,21.153486408511046,ft3
Rahman,nlopt_18,2,21.153486392694084,ft3
Rahman,nlopt_18,3,21.15348634232901,ft3
Rahman,nlopt_18,4,21.1534865881012,ft3
Rahman,nlopt_18,5,21.153486365415983,ft3
Rahman,nlopt_18,6,21.153486344240623,ft3
Rahman,nlopt_18,7,21.153486357129097,ft3
Rahman,nlopt_18,8,21.153486349092628,ft3
Rahman,nlopt_18,9,21.15348640108217,ft3
Rahman,nlopt_18,10,21.153486386305556,ft3
Rahman,nlopt_21,1,21.153507761203677,ft3
Rahman,nlopt_21,2,21.15349686495114,ft3
Rahman,nlopt_21,3,21.153530589134185,ft3
Rahman,nlopt_21,4,21.153498478398674,ft3
Rahman,nlopt_21,5,21.153516579654443,ft3
Rahman,nlopt_21,6,21.153501507922922,ft3
Rahman,nlopt_21,7,21.15350118532145,ft3
Rahman,nlopt_21,8,21.153507034756537,ft3
Rahman,nlopt_21,9,21.153518175500395,ft3
Rahman,nlopt_21,10,21.15350811314118,ft3
Rahman,nlopt_23,1,21.153645932010342,ft3
Rahman,nlopt_23,2,21.153550154337456,ft3
Rahman,nlopt_23,3,21.153598245355774,ft3
Rahman,nlopt_23,4,21.153542138915927,ft3
Rahman,nlopt_23,5,21.15355079617217,ft3
Rahman,nlopt_23,6,21.153620659416628,ft3
Rahman,nlopt_23,7,21.153511497164224,ft3
Rahman,nlopt_23,8,21.153582207671313,ft3
Rahman,nlopt_23,9,21.153542080370855,ft3
Rahman,nlopt_23,10,21.153541514192117,ft3
Rahman,nlopt_26,1,21.153552890939945,ft3
Rahman,nlopt_26,2,21.153562193953718,ft3
Rahman,nlopt_26,3,21.153531203861338,ft3
Rahman,nlopt_26,4,21.153550873861356,ft3
Rahman,nlopt_26,5,21.15353598547376,ft3
Rahman,nlopt_26,6,21.15357448225877,ft3
Rahman,nlopt_26,7,21.153622305259148,ft3
Rahman,nlopt_26,8,21.15350874635133,ft3
Rahman,nlopt_26,9,21.153587258151084,ft3
Rahman,nlopt_26,10,21.153550444656506,ft3
Rahman,nlopt_28,1,21.15348626503421,ft3
Rahman,nlopt_28,2,21.15348625450176,ft3
Rahman,nlopt_28,3,21.153486241754106,ft3
Rahman,nlopt_28,4,21.15348619733169,ft3
Rahman,nlopt_28,5,21.153486288515712,ft3
Rahman,nlopt_28,6,21.153486262763906,ft3
Rahman,nlopt_28,7,21.153486220327057,ft3
Rahman,nlopt_28,8,21.153486250635883,ft3
Rahman,nlopt_28,9,21.153486261474058,ft3
Rahman,nlopt_28,10,21.153486270902068,ft3
Rahman,nlopt_29,1,21.153486283726952,ft3
Rahman,nlopt_29,2,21.15348633648773,ft3
Rahman,nlopt_29,3,21.153486310430335,ft3
Rahman,nlopt_29,4,21.15348633026656,ft3
Rahman,nlopt_29,5,21.153486309405725,ft3
Rahman,nlopt_29,6,21.15348652628174,ft3
Rahman,nlopt_29,7,21.153486373476856,ft3
Rahman,nlopt_29,8,21.15348635021648,ft3
Rahman,nlopt_29,9,21.153486343627122,ft3
Rahman,nlopt_29,10,21.15348633029895,ft3
Rahman,nlopt_34,1,21.153544943006764,ft3
Rahman,nlopt_34,2,21.15349951275746,ft3
Rahman,nlopt_34,3,21.15354727801082,ft3
Rahman,nlopt_34,4,21.153511445066744,ft3
Rahman,nlopt_34,5,21.153514859265115,ft3
Rahman,nlopt_34,6,21.15350738676658,ft3
Rahman,nlopt_34,7,21.153503202730022,ft3
Rahman,nlopt_34,8,21.15351010157156,ft3
Rahman,nlopt_34,9,21.153489208002174,ft3
Rahman,nlopt_34,10,21.153516547859432,ft3
Rahman,nlopt_36,1,21.153486337098183,ft3
Rahman,nlopt_36,2,21.15348633635459,ft3
Rahman,nlopt_36,3,21.15348633806643,ft3
Rahman,nlopt_36,4,21.153486339407518,ft3
Rahman,nlopt_36,5,21.153486338917595,ft3
Rahman,nlopt_36,6,21.15348633464614,ft3
Rahman,nlopt_36,7,21.153486341157734,ft3
Rahman,nlopt_36,8,21.153486337101803,ft3
Rahman,nlopt_36,9,21.153486338020436,ft3
Rahman,nlopt_36,10,21.15348633770538,ft3
Rahman,nlopt_37,1,21.153486340743193,ft3
Rahman,nlopt_37,2,21.153486337702258,ft3
Rahman,nlopt_37,3,21.153486337462805,ft3
Rahman,nlopt_37,4,21.15348633342774,ft3
Rahman,nlopt_37,5,21.15348633821839,ft3
Rahman,nlopt_37,6,21.153486338573767,ft3
Rahman,nlopt_37,7,21.153486339223132,ft3
Rahman,nlopt_37,8,21.153486338084296,ft3
Rahman,nlopt_37,9,21.153486339775597,ft3
Rahman,nlopt_37,10,21.15348634101001,ft3
Rahman,nlopt_39,1,21.15353662232513,ft3
Rahman,nlopt_39,2,21.153522199887686,ft3
Rahman,nlopt_39,3,21.153547356055597,ft3
Rahman,nlopt_39,4,21.15356580356006,ft3
Rahman,nlopt_39,5,21.153536453582337,ft3
Rahman,nlopt_39,6,21.153589214531415,ft3
Rahman,nlopt_39,7,21.153633566418165,ft3
Rahman,nlopt_39,8,21.15351310349779,ft3
Rahman,nlopt_39,9,21.153688009722064,ft3
Rahman,nlopt_39,10,21.153646954979905,ft3
Rahman,tnc,1,21.154761097717813,ft3
Rahman,tnc,2,21.15509805851022,ft3
Rahman,tnc,3,21.154300824466404,ft3
Rahman,tnc,4,21.154628353158742,ft3
Rahman,tnc,5,21.155136984037085,ft3
Rahman,tnc,6,21.156996194990892,ft3
Rahman,tnc,7,21.154934725529873,ft3
Rahman,tnc,8,21.15473940526543,ft3
Rahman,tnc,9,21.154564275378434,ft3
Rahman,tnc,10,21.15568554744719,ft3
Rahman,trust-krylov,1,21.153486821759532,ft3
Rahman,trust-krylov,2,21.153487270413212,ft3
Rahman,trust-krylov,3,21.15348689735048,ft3
Rahman,trust-krylov,4,21.153486913441714,ft3
Rahman,trust-krylov,5,21.153488106782905,ft3
Rahman,trust-krylov,6,21.15348642895979,ft3
Rahman,trust-krylov,7,21.153486480792115,ft3
Rahman,trust-krylov,8,21.153488025987105,ft3
Rahman,trust-krylov,9,21.15348662934227,ft3
Rahman,trust-krylov,10,21.15348700207524,ft3
Rahman,trust-ncg,1,21.153487589107257,ft3
Rahman,trust-ncg,2,21.153488183195464,ft3
Rahman,trust-ncg,3,21.15348761889722,ft3
Rahman,trust-ncg,4,21.153487722003668,ft3
Rahman,trust-ncg,5,21.153488091992273,ft3
Rahman,trust-ncg,6,21.15348771748043,ft3
Rahman,trust-ncg,7,21.15348723704411,ft3
Rahman,trust-ncg,8,21.15348656145273,ft3
Rahman,trust-ncg,9,21.15348738262741,ft3
Rahman,trust-ncg,10,21.153488876407412,ft3
Raia,SLSQP,1,348.56655203408667,ft3
Raia,SLSQP,2,346.0549624301505,ft3
Raia,SLSQP,3,345.42432606723867,ft3
Raia,SLSQP,4,346.8127410373131,ft3
Raia,SLSQP,5,345.51528092875674,ft3
Raia,SLSQP,6,345.46396464291297,ft3
Raia,SLSQP,7,349.087415156422,ft3
Raia,SLSQP,8,347.81881206903967,ft3
Raia,SLSQP,9,346.81506715949513,ft3
Raia,SLSQP,10,346.3063978615478,ft3
Raia,COBYLA,1,427.5895878455786,ft3
Raia,COBYLA,2,438.3436956183406,ft3
Raia,COBYLA,3,450.42257072118264,ft3
Raia,COBYLA,4,440.8228384433699,ft3
Raia,COBYLA,5,438.08153127093374,ft3
Raia,COBYLA,6,442.5363713466489,ft3
Raia,COBYLA,7,438.88848654271527,ft3
Raia,COBYLA,8,456.0818482382997,ft3
Raia,COBYLA,9,452.4885581844819,ft3
Raia,COBYLA,10,456.7743304399935,ft3
Raia,fides,1,345.30977193041974,ft3
Raia,fides,2,345.30977197470816,ft3
Raia,fides,3,345.3097719078179,ft3
Raia,fides,4,345.3097719622074,ft3
Raia,fides,5,345.30977196514846,ft3
Raia,fides,6,345.30977198824377,ft3
Raia,fides,7,345.309772035972,ft3
Raia,fides,8,345.3097719156548,ft3
Raia,fides,9,345.30977200358546,ft3
Raia,fides,10,345.3097720078687,ft3
Raia,BFGS,1,529.671292751187,ft3
Raia,BFGS,2,451.186593163071,ft3
Raia,BFGS,3,479.7470315892226,ft3
Raia,BFGS,4,346.0808936639359,ft3
Raia,BFGS,5,481.8955418132556,ft3
Raia,BFGS,6,421.6587846035771,ft3
Raia,BFGS,7,501.80645864397553,ft3
Raia,BFGS,8,553.3106289015575,ft3
Raia,BFGS,9,391.7498440914749,ft3
Raia,BFGS,10,437.33203529434,ft3
Raia,dogleg,1,790.3373350466148,ft3
Raia,dogleg,2,757.9026156982653,ft3
Raia,dogleg,3,887.0974402843576,ft3
Raia,dogleg,4,873.2003473228777,ft3
Raia,dogleg,5,845.9107517152896,ft3
Raia,dogleg,6,786.8360767447311,ft3
Raia,dogleg,7,835.7644250361674,ft3
Raia,dogleg,8,836.9136257418567,ft3
Raia,dogleg,9,805.8105923384695,ft3
Raia,dogleg,10,796.0067696648864,ft3
Raia,ipopt,1,345.3102706974927,ft3
Raia,ipopt,2,349.1154323684047,ft3
Raia,ipopt,3,345.3148280960386,ft3
Raia,ipopt,4,345.31146339157533,ft3
Raia,ipopt,5,345.31757132443033,ft3
Raia,ipopt,6,349.4417787101546,ft3
Raia,ipopt,7,345.31717310377206,ft3
Raia,ipopt,8,345.31248855879045,ft3
Raia,ipopt,9,345.3130331963948,ft3
Raia,ipopt,10,345.3101969198792,ft3
Raia,cmaes,1,345.3097704902547,ft3
Raia,cmaes,2,345.30976866253627,ft3
Raia,cmaes,3,345.30976901066134,ft3
Raia,cmaes,4,345.30977797513674,ft3
Raia,cmaes,5,345.30977010636775,ft3
Raia,cmaes,6,345.3097697893632,ft3
Raia,cmaes,7,345.3097707888138,ft3
Raia,cmaes,8,345.30977183295454,ft3
Raia,cmaes,9,345.3097691771129,ft3
Raia,cmaes,10,345.30976798015496,ft3
Raia,pyswarm,1,573.1934915315512,ft3
Raia,pyswarm,2,550.1197671209048,ft3
Raia,pyswarm,3,560.5859254259378,ft3
Raia,pyswarm,4,568.790684850249,ft3
Raia,pyswarm,5,553.9634354718385,ft3
Raia,pyswarm,6,564.9539395732297,ft3
Raia,pyswarm,7,571.0106700849652,ft3
Raia,pyswarm,8,556.5837247647911,ft3
Raia,pyswarm,9,559.1399287986204,ft3
Raia,pyswarm,10,555.5878646889948,ft3
Raia,L-BFGS-B,1,346.6102322418218,ft3
Raia,L-BFGS-B,2,345.31450269884596,ft3
Raia,L-BFGS-B,3,345.34128112964123,ft3
Raia,L-BFGS-B,4,345.31183273946414,ft3
Raia,L-BFGS-B,5,345.3205151545391,ft3
Raia,L-BFGS-B,6,349.1084773908245,ft3
Raia,L-BFGS-B,7,347.4636418052391,ft3
Raia,L-BFGS-B,8,347.4714113209063,ft3
Raia,L-BFGS-B,9,345.3107307425621,ft3
Raia,L-BFGS-B,10,345.30995869456626,ft3
Raia,Nelder-Mead,1,509.375560574425,ft3
Raia,Nelder-Mead,2,498.3680230796865,ft3
Raia,Nelder-Mead,3,496.7150542532007,ft3
Raia,Nelder-Mead,4,495.72350379126425,ft3
Raia,Nelder-Mead,5,496.3878892598513,ft3
Raia,Nelder-Mead,6,487.5918278397941,ft3
Raia,Nelder-Mead,7,509.70447364198003,ft3
Raia,Nelder-Mead,8,477.7051779495902,ft3
Raia,Nelder-Mead,9,497.12477466203194,ft3
Raia,Nelder-Mead,10,509.10226232671755,ft3
Raia,cg,1,411.24495204777753,ft3
Raia,cg,2,385.65565322216685,ft3
Raia,cg,3,394.79162115820833,ft3
Raia,cg,4,398.43365770293497,ft3
Raia,cg,5,360.84253000870314,ft3
Raia,cg,6,392.6739158179291,ft3
Raia,cg,7,391.74896489961753,ft3
Raia,cg,8,395.5816959012154,ft3
Raia,cg,9,411.5030575766004,ft3
Raia,cg,10,383.70079933102693,ft3
Raia,newton-cg,1,345.31745974881403,ft3
Raia,newton-cg,2,345.712239077404,ft3
Raia,newton-cg,3,345.31873369855737,ft3
Raia,newton-cg,4,349.43939727896367,ft3
Raia,newton-cg,5,350.90632485738206,ft3
Raia,newton-cg,6,345.46296448823017,ft3
Raia,newton-cg,7,345.3573328854773,ft3
Raia,newton-cg,8,345.52603249053317,ft3
Raia,newton-cg,9,345.3456551123681,ft3
Raia,newton-cg,10,345.3190565260552,ft3
Raia,nlopt_11,1,345.30977190397334,ft3
Raia,nlopt_11,2,345.30977189805753,ft3
Raia,nlopt_11,3,345.30977189065925,ft3
Raia,nlopt_11,4,345.3097719449004,ft3
Raia,nlopt_11,5,345.30977184418947,ft3
Raia,nlopt_11,6,345.3097718582479,ft3
Raia,nlopt_11,7,345.3097718470407,ft3
Raia,nlopt_11,8,345.30977192431726,ft3
Raia,nlopt_11,9,345.30977183459015,ft3
Raia,nlopt_11,10,345.30977180810345,ft3
Raia,nlopt_12,1,345.3478967045518,ft3
Raia,nlopt_12,2,348.9774897299156,ft3
Raia,nlopt_12,3,349.4085433768528,ft3
Raia,nlopt_12,4,345.3253824814176,ft3
Raia,nlopt_12,5,351.9196075860285,ft3
Raia,nlopt_12,6,351.9345893463996,ft3
Raia,nlopt_12,7,350.81227132833914,ft3
Raia,nlopt_12,8,348.7432489702815,ft3
Raia,nlopt_12,9,347.4654451235997,ft3
Raia,nlopt_12,10,364.4298799175571,ft3
Raia,nlopt_13,1,345.3097719090636,ft3
Raia,nlopt_13,2,348.7346610481462,ft3
Raia,nlopt_13,3,345.30977196635683,ft3
Raia,nlopt_13,4,347.4622620729007,ft3
Raia,nlopt_13,5,345.31117677540357,ft3
Raia,nlopt_13,6,345.30980226857685,ft3
Raia,nlopt_13,7,345.3097754534082,ft3
Raia,nlopt_13,8,345.30977193075245,ft3
Raia,nlopt_13,9,345.30977187563286,ft3
Raia,nlopt_13,10,345.3098424882956,ft3
Raia,nlopt_14,1,345.3098416286137,ft3
Raia,nlopt_14,2,345.3097719518128,ft3
Raia,nlopt_14,3,345.30977187661733,ft3
Raia,nlopt_14,4,345.30977198950023,ft3
Raia,nlopt_14,5,345.30977193821695,ft3
Raia,nlopt_14,6,345.3101235423068,ft3
Raia,nlopt_14,7,348.73401818739865,ft3
Raia,nlopt_14,8,345.309771839295,ft3
Raia,nlopt_14,9,349.10663863381626,ft3
Raia,nlopt_14,10,349.4375750857623,ft3
Raia,nlopt_15,1,378.0108088153929,ft3
Raia,nlopt_15,2,390.2823929409657,ft3
Raia,nlopt_15,3,356.35958079685497,ft3
Raia,nlopt_15,4,354.28495507125814,ft3
Raia,nlopt_15,5,392.76892371087473,ft3
Raia,nlopt_15,6,345.31594578987267,ft3
Raia,nlopt_15,7,359.45109924304086,ft3
Raia,nlopt_15,8,345.31592056332147,ft3
Raia,nlopt_15,9,369.67594670269324,ft3
Raia,nlopt_15,10,371.67823609088373,ft3
Raia,nlopt_16,1,413.0830495766013,ft3
Raia,nlopt_16,2,349.44765389501083,ft3
Raia,nlopt_16,3,361.8003121113951,ft3
Raia,nlopt_16,4,360.85045726118875,ft3
Raia,nlopt_16,5,397.21743984891907,ft3
Raia,nlopt_16,6,398.3077461390784,ft3
Raia,nlopt_16,7,382.34114019343366,ft3
Raia,nlopt_16,8,359.44894055465994,ft3
Raia,nlopt_16,9,391.84749727434735,ft3
Raia,nlopt_16,10,391.84663001301624,ft3
Raia,nlopt_18,1,345.3099916678913,ft3
Raia,nlopt_18,2,349.9728232370824,ft3
Raia,nlopt_18,3,351.8922461386399,ft3
Raia,nlopt_18,4,349.4429868434512,ft3
Raia,nlopt_18,5,345.3097719641123,ft3
Raia,nlopt_18,6,359.44592295592514,ft3
Raia,nlopt_18,7,350.2814192072159,ft3
Raia,nlopt_18,8,349.43839472670123,ft3
Raia,nlopt_18,9,351.8919099952002,ft3
Raia,nlopt_18,10,350.2380924177755,ft3
Raia,nlopt_21,1,351.9057254047426,ft3
Raia,nlopt_21,2,348.9882653728778,ft3
Raia,nlopt_21,3,345.3356697353062,ft3
Raia,nlopt_21,4,348.7431890403998,ft3
Raia,nlopt_21,5,346.62098806150254,ft3
Raia,nlopt_21,6,349.1393210413481,ft3
Raia,nlopt_21,7,345.3168130358048,ft3
Raia,nlopt_21,8,349.455285294445,ft3
Raia,nlopt_21,9,348.7496157461495,ft3
Raia,nlopt_21,10,349.0266962522073,ft3
Raia,nlopt_23,1,350.2815256533867,ft3
Raia,nlopt_23,2,362.2211907408352,ft3
Raia,nlopt_23,3,351.8953625937336,ft3
Raia,nlopt_23,4,350.8268038519613,ft3
Raia,nlopt_23,5,358.19271813844114,ft3
Raia,nlopt_23,6,349.1322192622888,ft3
Raia,nlopt_23,7,351.89253422753893,ft3
Raia,nlopt_23,8,346.61290449401395,ft3
Raia,nlopt_23,9,371.0301907864195,ft3
Raia,nlopt_23,10,350.8066996294507,ft3
Raia,nlopt_26,1,399.5770942578554,ft3
Raia,nlopt_26,2,382.1279960571725,ft3
Raia,nlopt_26,3,423.340327665181,ft3
Raia,nlopt_26,4,401.23174981930254,ft3
Raia,nlopt_26,5,433.1793141870161,ft3
Raia,nlopt_26,6,379.9421565515117,ft3
Raia,nlopt_26,7,354.6830726716179,ft3
Raia,nlopt_26,8,400.56819653943705,ft3
Raia,nlopt_26,9,410.0680558683866,ft3
Raia,nlopt_26,10,418.9680312589387,ft3
Raia,nlopt_28,1,438.0761508651474,ft3
Raia,nlopt_28,2,442.8394122897472,ft3
Raia,nlopt_28,3,423.56538604153536,ft3
Raia,nlopt_28,4,447.850024167484,ft3
Raia,nlopt_28,5,454.8741035807251,ft3
Raia,nlopt_28,6,436.47211074673,ft3
Raia,nlopt_28,7,438.85998470531536,ft3
Raia,nlopt_28,8,442.66170377160296,ft3
Raia,nlopt_28,9,444.1271106934023,ft3
Raia,nlopt_28,10,456.9522421891496,ft3
Raia,nlopt_29,1,345.3117928253881,ft3
Raia,nlopt_29,2,345.3212753547065,ft3
Raia,nlopt_29,3,345.3383662507379,ft3
Raia,nlopt_29,4,349.3105670420654,ft3
Raia,nlopt_29,5,345.3137366344564,ft3
Raia,nlopt_29,6,345.3391963676488,ft3
Raia,nlopt_29,7,345.5609832661262,ft3
Raia,nlopt_29,8,345.3270412066041,ft3
Raia,nlopt_29,9,345.32419657335123,ft3
Raia,nlopt_29,10,345.3259567088134,ft3
Raia,nlopt_34,1,420.15038544273386,ft3
Raia,nlopt_34,2,379.31664354701775,ft3
Raia,nlopt_34,3,354.8968611074594,ft3
Raia,nlopt_34,4,428.31949923440163,ft3
Raia,nlopt_34,5,360.08143788036125,ft3
Raia,nlopt_34,6,351.94028953125155,ft3
Raia,nlopt_34,7,395.4472411314292,ft3
Raia,nlopt_34,8,364.6295227361149,ft3
Raia,nlopt_34,9,425.73997054578837,ft3
Raia,nlopt_34,10,351.9299047205348,ft3
Raia,nlopt_36,1,345.30977190267345,ft3
Raia,nlopt_36,2,345.30977182786853,ft3
Raia,nlopt_36,3,345.3097717764044,ft3
Raia,nlopt_36,4,345.30977192247144,ft3
Raia,nlopt_36,5,345.3097720597533,ft3
Raia,nlopt_36,6,345.30977193082447,ft3
Raia,nlopt_36,7,345.30977188092265,ft3
Raia,nlopt_36,8,345.30977186755945,ft3
Raia,nlopt_36,9,345.30977182822363,ft3
Raia,nlopt_36,10,345.3097717790836,ft3
Raia,nlopt_37,1,345.3097719193089,ft3
Raia,nlopt_37,2,345.3097718922546,ft3
Raia,nlopt_37,3,345.3097719367081,ft3
Raia,nlopt_37,4,345.30977182051413,ft3
Raia,nlopt_37,5,345.3097718340581,ft3
Raia,nlopt_37,6,345.30977192353583,ft3
Raia,nlopt_37,7,345.3097718913576,ft3
Raia,nlopt_37,8,345.30977193492635,ft3
Raia,nlopt_37,9,345.3097719074369,ft3
Raia,nlopt_37,10,345.30977192290476,ft3
Raia,nlopt_39,1,351.8929148489295,ft3
Raia,nlopt_39,2,360.6664567141239,ft3
Raia,nlopt_39,3,350.29192895378213,ft3
Raia,nlopt_39,4,348.72843806268247,ft3
Raia,nlopt_39,5,351.8935916203742,ft3
Raia,nlopt_39,6,359.47971868473064,ft3
Raia,nlopt_39,7,351.14832509438526,ft3
Raia,nlopt_39,8,345.3229996632864,ft3
Raia,nlopt_39,9,349.12623771216147,ft3
Raia,nlopt_39,10,346.59998428270455,ft3
Raia,tnc,1,380.82004155514954,ft3
Raia,tnc,2,396.3880880878295,ft3
Raia,tnc,3,390.8050087791235,ft3
Raia,tnc,4,395.0373813530997,ft3
Raia,tnc,5,384.82072012229963,ft3
Raia,tnc,6,393.3711654436879,ft3
Raia,tnc,7,404.1305188116257,ft3
Raia,tnc,8,392.3218556024909,ft3
Raia,tnc,9,396.05423569469247,ft3
Raia,tnc,10,391.6359361518851,ft3
Raia,trust-krylov,1,351.9036611132731,ft3
Raia,trust-krylov,2,345.3115612389446,ft3
Raia,trust-krylov,3,348.7527179076642,ft3
Raia,trust-krylov,4,345.3148781517656,ft3
Raia,trust-krylov,5,345.3157246443799,ft3
Raia,trust-krylov,6,345.31657924611574,ft3
Raia,trust-krylov,7,351.9748564869099,ft3
Raia,trust-krylov,8,347.4575629336373,ft3
Raia,trust-krylov,9,349.9733763307874,ft3
Raia,trust-krylov,10,351.9117798992358,ft3
Raia,trust-ncg,1,402.23392222257604,ft3
Raia,trust-ncg,2,364.331752633255,ft3
Raia,trust-ncg,3,377.80628174300074,ft3
Raia,trust-ncg,4,399.2065414534757,ft3
Raia,trust-ncg,5,377.35650223144677,ft3
Raia,trust-ncg,6,345.3353076578229,ft3
Raia,trust-ncg,7,351.9136232750095,ft3
Raia,trust-ncg,8,435.1128714378577,ft3
Raia,trust-ncg,9,408.9582267106781,ft3
Raia,trust-ncg,10,420.3417104629814,ft3
Raimundez,SLSQP,1,1106.83172977753,ft3
Raimundez,SLSQP,2,1238.5587077365697,ft3
Raimundez,SLSQP,3,1112.1347095130461,ft3
Raimundez,SLSQP,4,1123.8636373320862,ft3
Raimundez,SLSQP,5,1200.586498886937,ft3
Raimundez,SLSQP,6,1092.5024280940922,ft3
Raimundez,SLSQP,7,1083.1824733644075,ft3
Raimundez,SLSQP,8,1269.9199209461515,ft3
Raimundez,SLSQP,9,1402.906145046451,ft3
Raimundez,SLSQP,10,1419.557679523493,ft3
Raimundez,COBYLA,1,21053.254122042945,ft3
Raimundez,COBYLA,2,22118.947785460718,ft3
Raimundez,COBYLA,3,20820.460247654082,ft3
Raimundez,COBYLA,4,20574.926834389207,ft3
Raimundez,COBYLA,5,22507.17127317857,ft3
Raimundez,COBYLA,6,24576.297555957146,ft3
Raimundez,COBYLA,7,20507.341713177673,ft3
Raimundez,COBYLA,8,24481.64318843116,ft3
Raimundez,COBYLA,9,21758.508027146745,ft3
Raimundez,COBYLA,10,23425.156688049905,ft3
Raimundez,fides,1,801.2003151235856,ft3
Raimundez,fides,2,777.0433914146234,ft3
Raimundez,fides,3,787.2481977821942,ft3
Raimundez,fides,4,742.55678797261,ft3
Raimundez,fides,5,726.3830188606797,ft3
Raimundez,fides,6,985.2099648324033,ft3
Raimundez,fides,7,959.1467022967427,ft3
Raimundez,fides,8,669.3387926480322,ft3
Raimundez,fides,9,743.3593470996601,ft3
Raimundez,fides,10,668.7833016709689,ft3
Raimundez,BFGS,1,62867.39901065646,ft3
Raimundez,BFGS,2,61401.02363518185,ft3
Raimundez,BFGS,3,61556.1722277229,ft3
Raimundez,BFGS,4,63787.07973938751,ft3
Raimundez,BFGS,5,62739.27488892936,ft3
Raimundez,BFGS,6,32683.392700058357,ft3
Raimundez,BFGS,7,59494.63711935293,ft3
Raimundez,BFGS,8,62571.50034135764,ft3
Raimundez,BFGS,9,63247.869735068256,ft3
Raimundez,BFGS,10,29018.054047999594,ft3
Raimundez,dogleg,1,65742.47735756954,ft3
Raimundez,dogleg,2,67412.44098292853,ft3
Raimundez,dogleg,3,66705.6301711372,ft3
Raimundez,dogleg,4,67570.3473408874,ft3
Raimundez,dogleg,5,67680.29145086049,ft3
Raimundez,dogleg,6,69358.8676769973,ft3
Raimundez,dogleg,7,68258.31639312571,ft3
Raimundez,dogleg,8,65150.263222661175,ft3
Raimundez,dogleg,9,66026.50613031082,ft3
Raimundez,dogleg,10,67650.87908981995,ft3
Raimundez,ipopt,1,761.0711667269575,ft3
Raimundez,ipopt,2,731.7485869590776,ft3
Raimundez,ipopt,3,1014.0789918088943,ft3
Raimundez,ipopt,4,750.2641111345665,ft3
Raimundez,ipopt,5,670.5484005052873,ft3
Raimundez,ipopt,6,761.1274672198031,ft3
Raimundez,ipopt,7,692.4347518897818,ft3
Raimundez,ipopt,8,943.9351462840975,ft3
Raimundez,ipopt,9,744.8683507081016,ft3
Raimundez,ipopt,10,737.3514379151939,ft3
Raimundez,cmaes,1,110378.42154303101,ft3
Raimundez,cmaes,2,270993.90187229525,ft3
Raimundez,cmaes,3,171109.7548863212,ft3
Raimundez,cmaes,4,110858.19189625992,ft3
Raimundez,cmaes,5,110080.1352195169,ft3
Raimundez,cmaes,6,5439909.610749298,ft3
Raimundez,cmaes,7,110038.34321635093,ft3
Raimundez,cmaes,8,5692263.127969717,ft3
Raimundez,cmaes,9,109725.71988805845,ft3
Raimundez,cmaes,10,3231175.4081361024,ft3
Raimundez,pyswarm,1,27580.52775225319,ft3
Raimundez,pyswarm,2,29602.212546957417,ft3
Raimundez,pyswarm,3,62346.5628104139,ft3
Raimundez,pyswarm,4,62812.77664973759,ft3
Raimundez,pyswarm,5,26011.25931815992,ft3
Raimundez,pyswarm,6,25218.429353339267,ft3
Raimundez,pyswarm,7,27546.42108601136,ft3
Raimundez,pyswarm,8,25002.99717399994,ft3
Raimundez,pyswarm,9,62709.84224743042,ft3
Raimundez,pyswarm,10,29064.719861523976,ft3
Raimundez,L-BFGS-B,1,3380.7221891965396,ft3
Raimundez,L-BFGS-B,2,9625.636480830968,ft3
Raimundez,L-BFGS-B,3,14495.417767957058,ft3
Raimundez,L-BFGS-B,4,4469.806650630177,ft3
Raimundez,L-BFGS-B,5,6396.02221697354,ft3
Raimundez,L-BFGS-B,6,21679.40073896073,ft3
Raimundez,L-BFGS-B,7,6682.126397645317,ft3
Raimundez,L-BFGS-B,8,5824.397670536095,ft3
Raimundez,L-BFGS-B,9,14187.272404328522,ft3
Raimundez,L-BFGS-B,10,5167.643377253434,ft3
Raimundez,Nelder-Mead,1,60335.54940859174,ft3
Raimundez,Nelder-Mead,2,26002.55601124738,ft3
Raimundez,Nelder-Mead,3,21436.12432379311,ft3
Raimundez,Nelder-Mead,4,26578.296798438696,ft3
Raimundez,Nelder-Mead,5,24367.149390167953,ft3
Raimundez,Nelder-Mead,6,24528.35209616153,ft3
Raimundez,Nelder-Mead,7,61360.33495770625,ft3
Raimundez,Nelder-Mead,8,60742.81200079096,ft3
Raimundez,Nelder-Mead,9,24464.820937788012,ft3
Raimundez,Nelder-Mead,10,23394.576094357042,ft3
Raimundez,cg,1,27117.42793760199,ft3
Raimundez,cg,2,59468.53823899445,ft3
Raimundez,cg,3,61574.54403216725,ft3
Raimundez,cg,4,25314.083217985884,ft3
Raimundez,cg,5,43102.49314017939,ft3
Raimundez,cg,6,58786.66901116123,ft3
Raimundez,cg,7,60828.90584055186,ft3
Raimundez,cg,8,57755.166982158975,ft3
Raimundez,cg,9,49591.29595658275,ft3
Raimundez,cg,10,24918.821664357787,ft3
Raimundez,newton-cg,1,106825.17283785516,ft3
Raimundez,newton-cg,2,642523.8126964786,ft3
Raimundez,newton-cg,3,128897.93874618488,ft3
Raimundez,newton-cg,4,64193.6113509284,ft3
Raimundez,newton-cg,5,180139.39943865762,ft3
Raimundez,newton-cg,6,108752.8069650218,ft3
Raimundez,newton-cg,7,109763.45973240452,ft3
Raimundez,newton-cg,8,110133.57500207002,ft3
Raimundez,newton-cg,9,109811.65454253813,ft3
Raimundez,newton-cg,10,65301.58187029032,ft3
Raimundez,nlopt_11,1,3320.257694236282,ft3
Raimundez,nlopt_11,2,2580.2663822394015,ft3
Raimundez,nlopt_11,3,3091.9698430429585,ft3
Raimundez,nlopt_11,4,2501.6645271220386,ft3
Raimundez,nlopt_11,5,1033.4066584333598,ft3
Raimundez,nlopt_11,6,2360.477218190418,ft3
Raimundez,nlopt_11,7,2057.787484494,ft3
Raimundez,nlopt_11,8,2293.0996207915837,ft3
Raimundez,nlopt_11,9,3240.810795152645,ft3
Raimundez,nlopt_11,10,3902.6343963860904,ft3
Raimundez,nlopt_12,1,108446.5288501408,ft3
Raimundez,nlopt_12,2,174744.1129596437,ft3
Raimundez,nlopt_12,3,109308.40801412564,ft3
Raimundez,nlopt_12,4,148691.27148478277,ft3
Raimundez,nlopt_12,5,110178.60015967446,ft3
Raimundez,nlopt_12,6,109199.11828518282,ft3
Raimundez,nlopt_12,7,7776745.716391287,ft3
Raimundez,nlopt_12,8,110061.1527111437,ft3
Raimundez,nlopt_12,9,149027.72749967573,ft3
Raimundez,nlopt_12,10,73528.4112128184,ft3
Raimundez,nlopt_13,1,9479.040954282977,ft3
Raimundez,nlopt_13,2,11851.422132847154,ft3
Raimundez,nlopt_13,3,11325.857498856565,ft3
Raimundez,nlopt_13,4,11722.649079215036,ft3
Raimundez,nlopt_13,5,6700.1765783544015,ft3
Raimundez,nlopt_13,6,12653.056200483965,ft3
Raimundez,nlopt_13,7,11385.52818153775,ft3
Raimundez,nlopt_13,8,13091.518768939772,ft3
Raimundez,nlopt_13,9,7346.472574120265,ft3
Raimundez,nlopt_13,10,9325.369220806539,ft3
Raimundez,nlopt_14,1,6031.410520557933,ft3
Raimundez,nlopt_14,2,12659.61158626176,ft3
Raimundez,nlopt_14,3,5546.208161973197,ft3
Raimundez,nlopt_14,4,12062.324471531292,ft3
Raimundez,nlopt_14,5,4299.106733606252,ft3
Raimundez,nlopt_14,6,12978.831806202297,ft3
Raimundez,nlopt_14,7,3118.977003775853,ft3
Raimundez,nlopt_14,8,7236.546226836367,ft3
Raimundez,nlopt_14,9,10852.503726715717,ft3
Raimundez,nlopt_14,10,6315.422773085405,ft3
Raimundez,nlopt_15,1,20989.656765779422,ft3
Raimundez,nlopt_15,2,23410.662267080428,ft3
Raimundez,nlopt_15,3,24114.72295904401,ft3
Raimundez,nlopt_15,4,17140.967475483776,ft3
Raimundez,nlopt_15,5,20230.304021859705,ft3
Raimundez,nlopt_15,6,16894.452661705724,ft3
Raimundez,nlopt_15,7,24735.38854640097,ft3
Raimundez,nlopt_15,8,22886.63412255953,ft3
Raimundez,nlopt_15,9,19020.24143045289,ft3
Raimundez,nlopt_15,10,58135.82638622625,ft3
Raimundez,nlopt_16,1,59815.541007604734,ft3
Raimundez,nlopt_16,2,60251.07434045116,ft3
Raimundez,nlopt_16,3,59599.297703694676,ft3
Raimundez,nlopt_16,4,59324.01763069501,ft3
Raimundez,nlopt_16,5,60328.26082652275,ft3
Raimundez,nlopt_16,6,61591.473677624585,ft3
Raimundez,nlopt_16,7,23259.157681427787,ft3
Raimundez,nlopt_16,8,19856.494090418542,ft3
Raimundez,nlopt_16,9,60740.004140514124,ft3
Raimundez,nlopt_16,10,61779.66635960414,ft3
Raimundez,nlopt_18,1,58204.053347225796,ft3
Raimundez,nlopt_18,2,14628.096202237004,ft3
Raimundez,nlopt_18,3,57449.0869335321,ft3
Raimundez,nlopt_18,4,17586.875813271814,ft3
Raimundez,nlopt_18,5,58515.51187314341,ft3
Raimundez,nlopt_18,6,58186.6618987926,ft3
Raimundez,nlopt_18,7,58880.20624093288,ft3
Raimundez,nlopt_18,8,59213.227745723176,ft3
Raimundez,nlopt_18,9,15641.031526327652,ft3
Raimundez,nlopt_18,10,22055.159901498777,ft3
Raimundez,nlopt_21,1,49299.973324193656,ft3
Raimundez,nlopt_21,2,15543.011702161026,ft3
Raimundez,nlopt_21,3,26078.49166230344,ft3
Raimundez,nlopt_21,4,23952.04299908896,ft3
Raimundez,nlopt_21,5,55813.194213941926,ft3
Raimundez,nlopt_21,6,20322.24874614719,ft3
Raimundez,nlopt_21,7,23010.530909416368,ft3
Raimundez,nlopt_21,8,19173.92431969593,ft3
Raimundez,nlopt_21,9,9662.396451941713,ft3
Raimundez,nlopt_21,10,57688.69556679021,ft3
Raimundez,nlopt_23,1,57436.93365872597,ft3
Raimundez,nlopt_23,2,1014.2633424463405,ft3
Raimundez,nlopt_23,3,21467.363128027082,ft3
Raimundez,nlopt_23,4,19470.840727933642,ft3
Raimundez,nlopt_23,5,60286.905655610484,ft3
Raimundez,nlopt_23,6,58365.969428607976,ft3
Raimundez,nlopt_23,7,16584.88251963093,ft3
Raimundez,nlopt_23,8,58268.152317929365,ft3
Raimundez,nlopt_23,9,56935.62637594121,ft3
Raimundez,nlopt_23,10,60266.62696152229,ft3
Raimundez,nlopt_26,1,175895.33462420315,ft3
Raimundez,nlopt_26,2,63346.337145127654,ft3
Raimundez,nlopt_26,3,107587.57264866527,ft3
Raimundez,nlopt_26,4,109272.63625484389,ft3
Raimundez,nlopt_26,5,107266.65766067496,ft3
Raimundez,nlopt_26,6,107565.83095895796,ft3
Raimundez,nlopt_26,7,109927.42951592043,ft3
Raimundez,nlopt_26,8,109544.03496739188,ft3
Raimundez,nlopt_26,9,109498.35130203323,ft3
Raimundez,nlopt_26,10,129163.43131467167,ft3
Raimundez,nlopt_28,1,59205.980179446415,ft3
Raimundez,nlopt_28,2,64181.936767293824,ft3
Raimundez,nlopt_28,3,61270.36241264156,ft3
Raimundez,nlopt_28,4,58626.715463454704,ft3
Raimundez,nlopt_28,5,26784.629512985077,ft3
Raimundez,nlopt_28,6,60291.261705324796,ft3
Raimundez,nlopt_28,7,59023.596034543196,ft3
Raimundez,nlopt_28,8,59447.21437571979,ft3
Raimundez,nlopt_28,9,58783.56930874716,ft3
Raimundez,nlopt_28,10,61839.92323966479,ft3
Raimundez,nlopt_29,1,53997.01435966336,ft3
Raimundez,nlopt_29,2,56045.58972459924,ft3
Raimundez,nlopt_29,3,56863.230984407004,ft3
Raimundez,nlopt_29,4,56769.0798546141,ft3
Raimundez,nlopt_29,5,54181.41852935178,ft3
Raimundez,nlopt_29,6,57376.78964222054,ft3
Raimundez,nlopt_29,7,54170.649129003315,ft3
Raimundez,nlopt_29,8,18199.44250369957,ft3
Raimundez,nlopt_29,9,103959.29226564271,ft3
Raimundez,nlopt_29,10,54271.14824900264,ft3
Raimundez,nlopt_34,1,109702.46189592179,ft3
Raimundez,nlopt_34,2,114122.52603147115,ft3
Raimundez,nlopt_34,3,61912.92448640912,ft3
Raimundez,nlopt_34,4,63629.793639182455,ft3
Raimundez,nlopt_34,5,109764.03689694483,ft3
Raimundez,nlopt_34,6,68927.89254334793,ft3
Raimundez,nlopt_34,7,108863.7433169001,ft3
Raimundez,nlopt_34,8,109962.48741999974,ft3
Raimundez,nlopt_34,9,11291642.111968767,ft3
Raimundez,nlopt_34,10,4117296.669947748,ft3
Raimundez,nlopt_36,1,1516.2999080544664,ft3
Raimundez,nlopt_36,2,1738.687071701844,ft3
Raimundez,nlopt_36,3,909.8220332672382,ft3
Raimundez,nlopt_36,4,2858.3251642219047,ft3
Raimundez,nlopt_36,5,2134.7381908599496,ft3
Raimundez,nlopt_36,6,2313.8868375721004,ft3
Raimundez,nlopt_36,7,3316.4974822940358,ft3
Raimundez,nlopt_36,8,2245.4032064831345,ft3
Raimundez,nlopt_36,9,2843.443408239712,ft3
Raimundez,nlopt_36,10,2191.910966848754,ft3
Raimundez,nlopt_37,1,1395.2866213638624,ft3
Raimundez,nlopt_37,2,3333.7563797882517,ft3
Raimundez,nlopt_37,3,1389.91560612805,ft3
Raimundez,nlopt_37,4,3220.3791371404523,ft3
Raimundez,nlopt_37,5,1469.3358110319775,ft3
Raimundez,nlopt_37,6,2461.824482723447,ft3
Raimundez,nlopt_37,7,2534.5920450372014,ft3
Raimundez,nlopt_37,8,2734.1287008879253,ft3
Raimundez,nlopt_37,9,1020.8931510253448,ft3
Raimundez,nlopt_37,10,1656.7015036023874,ft3
Raimundez,nlopt_39,1,56612.34858649177,ft3
Raimundez,nlopt_39,2,56361.64873546519,ft3
Raimundez,nlopt_39,3,60652.903410777304,ft3
Raimundez,nlopt_39,4,21297.51059135016,ft3
Raimundez,nlopt_39,5,57663.1622080002,ft3
Raimundez,nlopt_39,6,25792.260038834407,ft3
Raimundez,nlopt_39,7,1182.9036230464756,ft3
Raimundez,nlopt_39,8,58979.9029262017,ft3
Raimundez,nlopt_39,9,61194.06998732594,ft3
Raimundez,nlopt_39,10,12099.588315690926,ft3
Raimundez,tnc,1,17484.353671022163,ft3
Raimundez,tnc,2,21034.120664793638,ft3
Raimundez,tnc,3,22227.27254628277,ft3
Raimundez,tnc,4,20081.38179441489,ft3
Raimundez,tnc,5,27938.38997114029,ft3
Raimundez,tnc,6,19794.09582098215,ft3
Raimundez,tnc,7,18970.07148037741,ft3
Raimundez,tnc,8,20298.431612239827,ft3
Raimundez,tnc,9,21253.870696826212,ft3
Raimundez,tnc,10,23308.053488169164,ft3
Raimundez,trust-krylov,1,66809.86192816502,ft3
Raimundez,trust-krylov,2,67402.46401329158,ft3
Raimundez,trust-krylov,3,66226.91809657204,ft3
Raimundez,trust-krylov,4,73617.85244927632,ft3
Raimundez,trust-krylov,5,65902.81792467381,ft3
Raimundez,trust-krylov,6,66322.97220858552,ft3
Raimundez,trust-krylov,7,65596.16821629959,ft3
Raimundez,trust-krylov,8,67139.4324802955,ft3
Raimundez,trust-krylov,9,65947.8027436213,ft3
Raimundez,trust-krylov,10,72739.07032409414,ft3
Raimundez,trust-ncg,1,67127.54778167132,ft3
Raimundez,trust-ncg,2,67160.00016885447,ft3
Raimundez,trust-ncg,3,65587.29857467618,ft3
Raimundez,trust-ncg,4,66830.68008558494,ft3
Raimundez,trust-ncg,5,68123.67731101126,ft3
Raimundez,trust-ncg,6,67742.12060879813,ft3
Raimundez,trust-ncg,7,70480.83659582937,ft3
Raimundez,trust-ncg,8,65351.02287191628,ft3
Raimundez,trust-ncg,9,67075.09054628658,ft3
Raimundez,trust-ncg,10,69295.01421565778,ft3
SalazarCavazos,SLSQP,1,366.8615730219513,ft3
SalazarCavazos,SLSQP,2,366.86158161393814,ft3
SalazarCavazos,SLSQP,3,366.8615816181542,ft3
SalazarCavazos,SLSQP,4,366.86158295191274,ft3
SalazarCavazos,SLSQP,5,366.8615818695781,ft3
SalazarCavazos,SLSQP,6,366.8615741063678,ft3
SalazarCavazos,SLSQP,7,366.8615772315541,ft3
SalazarCavazos,SLSQP,8,366.8615730787545,ft3
SalazarCavazos,SLSQP,9,366.86157303705966,ft3
SalazarCavazos,SLSQP,10,366.86158191318464,ft3
SalazarCavazos,COBYLA,1,366.8720333768813,ft3
SalazarCavazos,COBYLA,2,366.8729179158942,ft3
SalazarCavazos,COBYLA,3,366.87442906232485,ft3
SalazarCavazos,COBYLA,4,366.87156886808043,ft3
SalazarCavazos,COBYLA,5,366.8672522216763,ft3
SalazarCavazos,COBYLA,6,366.86994345324985,ft3
SalazarCavazos,COBYLA,7,366.8700639556412,ft3
SalazarCavazos,COBYLA,8,366.8660620957176,ft3
SalazarCavazos,COBYLA,9,366.8660620957176,ft3
SalazarCavazos,COBYLA,10,366.8746693890846,ft3
SalazarCavazos,fides,1,366.8615730337196,ft3
SalazarCavazos,fides,2,366.86157301226604,ft3
SalazarCavazos,fides,3,366.86157305491633,ft3
SalazarCavazos,fides,4,366.86158158907153,ft3
SalazarCavazos,fides,5,366.8615730060051,ft3
SalazarCavazos,fides,6,366.8615816979692,ft3
SalazarCavazos,fides,7,366.8615768567097,ft3
SalazarCavazos,fides,8,366.8615730012467,ft3
SalazarCavazos,fides,9,366.86157309808823,ft3
SalazarCavazos,fides,10,366.8615730198951,ft3
SalazarCavazos,BFGS,1,366.8694990322582,ft3
SalazarCavazos,BFGS,2,366.8663079943968,ft3
SalazarCavazos,BFGS,3,366.87118288556906,ft3
SalazarCavazos,BFGS,4,366.8648958187262,ft3
SalazarCavazos,BFGS,5,366.8649183514779,ft3
SalazarCavazos,BFGS,6,366.8655031522662,ft3
SalazarCavazos,BFGS,7,366.8655520602568,ft3
SalazarCavazos,BFGS,8,366.86438005189683,ft3
SalazarCavazos,BFGS,9,366.86779348013647,ft3
SalazarCavazos,BFGS,10,366.8683708348262,ft3
SalazarCavazos,dogleg,1,373.75704897018136,ft3
SalazarCavazos,dogleg,2,374.5332826187087,ft3
SalazarCavazos,dogleg,3,376.72435956543546,ft3
SalazarCavazos,dogleg,4,379.0536677555448,ft3
SalazarCavazos,dogleg,5,379.25472504206306,ft3
SalazarCavazos,dogleg,6,379.2714535007133,ft3
SalazarCavazos,dogleg,7,371.29456663953664,ft3
SalazarCavazos,dogleg,8,375.135799180883,ft3
SalazarCavazos,dogleg,9,376.0185238288358,ft3
SalazarCavazos,dogleg,10,376.38073932320384,ft3
SalazarCavazos,ipopt,1,366.8615763821011,ft3
SalazarCavazos,ipopt,2,366.8615976284834,ft3
SalazarCavazos,ipopt,3,366.86158352754575,ft3
SalazarCavazos,ipopt,4,366.8615749834055,ft3
SalazarCavazos,ipopt,5,366.86159391401577,ft3
SalazarCavazos,ipopt,6,366.8615804908897,ft3
SalazarCavazos,ipopt,7,366.86158388068833,ft3
SalazarCavazos,ipopt,8,366.86157327489997,ft3
SalazarCavazos,ipopt,9,366.8615830575785,ft3
SalazarCavazos,ipopt,10,366.86158319324954,ft3
SalazarCavazos,cmaes,1,366.861577382011,ft3
SalazarCavazos,cmaes,2,366.86157395671194,ft3
SalazarCavazos,cmaes,3,366.8615734549613,ft3
SalazarCavazos,cmaes,4,366.8615731805305,ft3
SalazarCavazos,cmaes,5,366.8615735331753,ft3
SalazarCavazos,cmaes,6,366.8615732467613,ft3
SalazarCavazos,cmaes,7,366.861573236537,ft3
SalazarCavazos,cmaes,8,366.86157335749533,ft3
SalazarCavazos,cmaes,9,366.8615732726609,ft3
SalazarCavazos,cmaes,10,366.8615732352471,ft3
SalazarCavazos,pyswarm,1,366.93384325089346,ft3
SalazarCavazos,pyswarm,2,366.8655414949049,ft3
SalazarCavazos,pyswarm,3,366.8651807863206,ft3
SalazarCavazos,pyswarm,4,366.8866291987894,ft3
SalazarCavazos,pyswarm,5,367.0156548816464,ft3
SalazarCavazos,pyswarm,6,366.86834503520754,ft3
SalazarCavazos,pyswarm,7,366.8767201456448,ft3
SalazarCavazos,pyswarm,8,366.87384670011954,ft3
SalazarCavazos,pyswarm,9,366.91272356594874,ft3
SalazarCavazos,pyswarm,10,366.88649724781885,ft3
SalazarCavazos,L-BFGS-B,1,366.8615829312134,ft3
SalazarCavazos,L-BFGS-B,2,366.86157699453565,ft3
SalazarCavazos,L-BFGS-B,3,366.8615816800063,ft3
SalazarCavazos,L-BFGS-B,4,366.8615815853685,ft3
SalazarCavazos,L-BFGS-B,5,366.86157300975054,ft3
SalazarCavazos,L-BFGS-B,6,366.8615829327316,ft3
SalazarCavazos,L-BFGS-B,7,366.86158374529305,ft3
SalazarCavazos,L-BFGS-B,8,366.86157300404994,ft3
SalazarCavazos,L-BFGS-B,9,366.8615816871553,ft3
SalazarCavazos,L-BFGS-B,10,366.8615829323988,ft3
SalazarCavazos,Nelder-Mead,1,366.86159570184645,ft3
SalazarCavazos,Nelder-Mead,2,366.8615806095312,ft3
SalazarCavazos,Nelder-Mead,3,366.8615912899684,ft3
SalazarCavazos,Nelder-Mead,4,366.861584243262,ft3
SalazarCavazos,Nelder-Mead,5,366.8615834700639,ft3
SalazarCavazos,Nelder-Mead,6,366.86157897412835,ft3
SalazarCavazos,Nelder-Mead,7,366.8615961327191,ft3
SalazarCavazos,Nelder-Mead,8,366.8615957493612,ft3
SalazarCavazos,Nelder-Mead,9,366.8615961131964,ft3
SalazarCavazos,Nelder-Mead,10,366.86159604717307,ft3
SalazarCavazos,cg,1,366.8680895290854,ft3
SalazarCavazos,cg,2,366.8681199662848,ft3
SalazarCavazos,cg,3,366.87347336012766,ft3
SalazarCavazos,cg,4,366.88083726058045,ft3
SalazarCavazos,cg,5,366.86706005911645,ft3
SalazarCavazos,cg,6,366.8658790402798,ft3
SalazarCavazos,cg,7,366.8714495187696,ft3
SalazarCavazos,cg,8,366.8685228389496,ft3
SalazarCavazos,cg,9,366.86379172795057,ft3
SalazarCavazos,cg,10,366.87004779716204,ft3
SalazarCavazos,newton-cg,1,366.91813802612336,ft3
SalazarCavazos,newton-cg,2,366.8744200720535,ft3
SalazarCavazos,newton-cg,3,366.90925753968577,ft3
SalazarCavazos,newton-cg,4,366.88102937721743,ft3
SalazarCavazos,newton-cg,5,366.9159020606926,ft3
SalazarCavazos,newton-cg,6,366.8886922456976,ft3
SalazarCavazos,newton-cg,7,366.87682366652234,ft3
SalazarCavazos,newton-cg,8,367.012374135407,ft3
SalazarCavazos,newton-cg,9,366.982421264723,ft3
SalazarCavazos,newton-cg,10,366.9135566402025,ft3
SalazarCavazos,nlopt_11,1,366.86157386996047,ft3
SalazarCavazos,nlopt_11,2,366.8615821069123,ft3
SalazarCavazos,nlopt_11,3,366.8615730014858,ft3
SalazarCavazos,nlopt_11,4,366.8615730027278,ft3
SalazarCavazos,nlopt_11,5,366.8615730141556,ft3
SalazarCavazos,nlopt_11,6,366.86157301050434,ft3
SalazarCavazos,nlopt_11,7,366.86157303329173,ft3
SalazarCavazos,nlopt_11,8,366.86157300484996,ft3
SalazarCavazos,nlopt_11,9,366.8615730052387,ft3
SalazarCavazos,nlopt_11,10,366.86157300566157,ft3
SalazarCavazos,nlopt_12,1,366.8616704602608,ft3
SalazarCavazos,nlopt_12,2,366.861680326557,ft3
SalazarCavazos,nlopt_12,3,366.86167922266856,ft3
SalazarCavazos,nlopt_12,4,366.8616631110553,ft3
SalazarCavazos,nlopt_12,5,366.8616359062474,ft3
SalazarCavazos,nlopt_12,6,366.8616717619735,ft3
SalazarCavazos,nlopt_12,7,366.8616481147269,ft3
SalazarCavazos,nlopt_12,8,366.861622117354,ft3
SalazarCavazos,nlopt_12,9,366.86165830507247,ft3
SalazarCavazos,nlopt_12,10,366.8617247681651,ft3
SalazarCavazos,nlopt_13,1,366.8615730039228,ft3
SalazarCavazos,nlopt_13,2,366.86157300060796,ft3
SalazarCavazos,nlopt_13,3,366.86157309847863,ft3
SalazarCavazos,nlopt_13,4,366.8615730062991,ft3
SalazarCavazos,nlopt_13,5,366.8615730461589,ft3
SalazarCavazos,nlopt_13,6,366.86157300329177,ft3
SalazarCavazos,nlopt_13,7,366.8615730069055,ft3
SalazarCavazos,nlopt_13,8,366.8615765459382,ft3
SalazarCavazos,nlopt_13,9,366.861573001773,ft3
SalazarCavazos,nlopt_13,10,366.86157300488355,ft3
SalazarCavazos,nlopt_14,1,366.8615740455711,ft3
SalazarCavazos,nlopt_14,2,366.86157302691043,ft3
SalazarCavazos,nlopt_14,3,366.8615730035654,ft3
SalazarCavazos,nlopt_14,4,366.86157300506716,ft3
SalazarCavazos,nlopt_14,5,366.8615730290318,ft3
SalazarCavazos,nlopt_14,6,366.86157300522035,ft3
SalazarCavazos,nlopt_14,7,366.86157304096406,ft3
SalazarCavazos,nlopt_14,8,366.86157300116184,ft3
SalazarCavazos,nlopt_14,9,366.86157300055237,ft3
SalazarCavazos,nlopt_14,10,366.8615730002506,ft3
SalazarCavazos,nlopt_15,1,366.86157300286084,ft3
SalazarCavazos,nlopt_15,2,366.8615730090754,ft3
SalazarCavazos,nlopt_15,3,366.86158160048626,ft3
SalazarCavazos,nlopt_15,4,366.8615815820734,ft3
SalazarCavazos,nlopt_15,5,366.8615729977137,ft3
SalazarCavazos,nlopt_15,6,366.8615821746421,ft3
SalazarCavazos,nlopt_15,7,366.86157300534137,ft3
SalazarCavazos,nlopt_15,8,366.8615817733816,ft3
SalazarCavazos,nlopt_15,9,366.8615823330553,ft3
SalazarCavazos,nlopt_15,10,366.86157300320826,ft3
SalazarCavazos,nlopt_16,1,366.86157712703374,ft3
SalazarCavazos,nlopt_16,2,366.8615770074463,ft3
SalazarCavazos,nlopt_16,3,366.86158157025335,ft3
SalazarCavazos,nlopt_16,4,366.8615817804674,ft3
SalazarCavazos,nlopt_16,5,366.8615795014729,ft3
SalazarCavazos,nlopt_16,6,366.86158161030176,ft3
SalazarCavazos,nlopt_16,7,366.8615774470705,ft3
SalazarCavazos,nlopt_16,8,366.86158192789185,ft3
SalazarCavazos,nlopt_16,9,366.86157300677655,ft3
SalazarCavazos,nlopt_16,10,366.86157710123246,ft3
SalazarCavazos,nlopt_18,1,366.8615828901575,ft3
SalazarCavazos,nlopt_18,2,366.86158157583327,ft3
SalazarCavazos,nlopt_18,3,366.86157299802977,ft3
SalazarCavazos,nlopt_18,4,366.86157301961015,ft3
SalazarCavazos,nlopt_18,5,366.8615730028581,ft3
SalazarCavazos,nlopt_18,6,366.86157301050866,ft3
SalazarCavazos,nlopt_18,7,366.86157370614103,ft3
SalazarCavazos,nlopt_18,8,366.86158157655166,ft3
SalazarCavazos,nlopt_18,9,366.8615730454198,ft3
SalazarCavazos,nlopt_18,10,366.8615815825239,ft3
SalazarCavazos,nlopt_21,1,366.86159008255777,ft3
SalazarCavazos,nlopt_21,2,366.86160169579375,ft3
SalazarCavazos,nlopt_21,3,366.86160111963824,ft3
SalazarCavazos,nlopt_21,4,366.86160219967195,ft3
SalazarCavazos,nlopt_21,5,366.86160189953546,ft3
SalazarCavazos,nlopt_21,6,366.86158735408054,ft3
SalazarCavazos,nlopt_21,7,366.8616022132928,ft3
SalazarCavazos,nlopt_21,8,366.86159988670937,ft3
SalazarCavazos,nlopt_21,9,366.86160007801493,ft3
SalazarCavazos,nlopt_21,10,366.8616018730188,ft3
SalazarCavazos,nlopt_23,1,366.8616070771608,ft3
SalazarCavazos,nlopt_23,2,366.86160274087746,ft3
SalazarCavazos,nlopt_23,3,366.86160476656363,ft3
SalazarCavazos,nlopt_23,4,366.8616047443854,ft3
SalazarCavazos,nlopt_23,5,366.8617046252273,ft3
SalazarCavazos,nlopt_23,6,366.8616310592836,ft3
SalazarCavazos,nlopt_23,7,366.86161951478596,ft3
SalazarCavazos,nlopt_23,8,366.86160712547473,ft3
SalazarCavazos,nlopt_23,9,366.8615991983098,ft3
SalazarCavazos,nlopt_23,10,366.8616020983869,ft3
SalazarCavazos,nlopt_26,1,366.8622262738005,ft3
SalazarCavazos,nlopt_26,2,366.8629570795812,ft3
SalazarCavazos,nlopt_26,3,366.8635686484161,ft3
SalazarCavazos,nlopt_26,4,366.8621791393849,ft3
SalazarCavazos,nlopt_26,5,366.8626842926396,ft3
SalazarCavazos,nlopt_26,6,366.86291491687837,ft3
SalazarCavazos,nlopt_26,7,366.8631110843896,ft3
SalazarCavazos,nlopt_26,8,366.86259322909655,ft3
SalazarCavazos,nlopt_26,9,366.86351170806483,ft3
SalazarCavazos,nlopt_26,10,366.86258433445516,ft3
SalazarCavazos,nlopt_28,1,366.86158272873024,ft3
SalazarCavazos,nlopt_28,2,366.86157980393364,ft3
SalazarCavazos,nlopt_28,3,366.8615782012249,ft3
SalazarCavazos,nlopt_28,4,366.86157720141256,ft3
SalazarCavazos,nlopt_28,5,366.8615779536215,ft3
SalazarCavazos,nlopt_28,6,366.8615807617788,ft3
SalazarCavazos,nlopt_28,7,366.8615836217444,ft3
SalazarCavazos,nlopt_28,8,366.86157816026207,ft3
SalazarCavazos,nlopt_28,9,366.86157441354027,ft3
SalazarCavazos,nlopt_28,10,366.8615782825898,ft3
SalazarCavazos,nlopt_29,1,366.8616568002354,ft3
SalazarCavazos,nlopt_29,2,366.8616005385127,ft3
SalazarCavazos,nlopt_29,3,366.8616133703543,ft3
SalazarCavazos,nlopt_29,4,366.86161870536495,ft3
SalazarCavazos,nlopt_29,5,366.8616253412215,ft3
SalazarCavazos,nlopt_29,6,366.86162316516254,ft3
SalazarCavazos,nlopt_29,7,366.8616248192144,ft3
SalazarCavazos,nlopt_29,8,366.86161719811207,ft3
SalazarCavazos,nlopt_29,9,366.8616176006328,ft3
SalazarCavazos,nlopt_29,10,366.8616045048374,ft3
SalazarCavazos,nlopt_34,1,366.8615846116055,ft3
SalazarCavazos,nlopt_34,2,366.86158436203175,ft3
SalazarCavazos,nlopt_34,3,366.86159882247165,ft3
SalazarCavazos,nlopt_34,4,366.8615897480466,ft3
SalazarCavazos,nlopt_34,5,366.86158710980993,ft3
SalazarCavazos,nlopt_34,6,366.8615946936714,ft3
SalazarCavazos,nlopt_34,7,366.86158212850665,ft3
SalazarCavazos,nlopt_34,8,366.8615991207813,ft3
SalazarCavazos,nlopt_34,9,366.86158293078904,ft3
SalazarCavazos,nlopt_34,10,366.86159890449954,ft3
SalazarCavazos,nlopt_36,1,366.8615730023507,ft3
SalazarCavazos,nlopt_36,2,366.8615731480492,ft3
SalazarCavazos,nlopt_36,3,366.86157312548414,ft3
SalazarCavazos,nlopt_36,4,366.86158157203215,ft3
SalazarCavazos,nlopt_36,5,366.86157301712734,ft3
SalazarCavazos,nlopt_36,6,366.861573044563,ft3
SalazarCavazos,nlopt_36,7,366.86157301171977,ft3
SalazarCavazos,nlopt_36,8,366.86157300732816,ft3
SalazarCavazos,nlopt_36,9,366.8615730045109,ft3
SalazarCavazos,nlopt_36,10,366.8615730291886,ft3
SalazarCavazos,nlopt_37,1,366.86157705653187,ft3
SalazarCavazos,nlopt_37,2,366.86157817901176,ft3
SalazarCavazos,nlopt_37,3,366.86157383418856,ft3
SalazarCavazos,nlopt_37,4,366.86157300869905,ft3
SalazarCavazos,nlopt_37,5,366.8615730065035,ft3
SalazarCavazos,nlopt_37,6,366.8615730064252,ft3
SalazarCavazos,nlopt_37,7,366.8615730144312,ft3
SalazarCavazos,nlopt_37,8,366.8615730063924,ft3
SalazarCavazos,nlopt_37,9,366.86157300631265,ft3
SalazarCavazos,nlopt_37,10,366.86158160582454,ft3
SalazarCavazos,nlopt_39,1,366.86159969098736,ft3
SalazarCavazos,nlopt_39,2,366.86160730068383,ft3
SalazarCavazos,nlopt_39,3,366.8616204834008,ft3
SalazarCavazos,nlopt_39,4,366.86160700391906,ft3
SalazarCavazos,nlopt_39,5,366.8616016664132,ft3
SalazarCavazos,nlopt_39,6,366.86160105329026,ft3
SalazarCavazos,nlopt_39,7,366.8616309403851,ft3
SalazarCavazos,nlopt_39,8,366.8616926846069,ft3
SalazarCavazos,nlopt_39,9,366.86160618608506,ft3
SalazarCavazos,nlopt_39,10,366.86159937095715,ft3
SalazarCavazos,tnc,1,366.86321917051225,ft3
SalazarCavazos,tnc,2,366.8693052066699,ft3
SalazarCavazos,tnc,3,366.910572198929,ft3
SalazarCavazos,tnc,4,366.8989290158514,ft3
SalazarCavazos,tnc,5,366.86272928995214,ft3
SalazarCavazos,tnc,6,366.86167139815745,ft3
SalazarCavazos,tnc,7,366.86829162462016,ft3
SalazarCavazos,tnc,8,366.8694037560275,ft3
SalazarCavazos,tnc,9,366.86960134730055,ft3
SalazarCavazos,tnc,10,366.8661770759933,ft3
SalazarCavazos,trust-krylov,1,374.01529828342956,ft3
SalazarCavazos,trust-krylov,2,374.08858381942395,ft3
SalazarCavazos,trust-krylov,3,374.67785618148974,ft3
SalazarCavazos,trust-krylov,4,384.6274570945165,ft3
SalazarCavazos,trust-krylov,5,381.00141434697485,ft3
SalazarCavazos,trust-krylov,6,372.9891914070023,ft3
SalazarCavazos,trust-krylov,7,379.3058536168539,ft3
SalazarCavazos,trust-krylov,8,378.1158948357474,ft3
SalazarCavazos,trust-krylov,9,374.5062140978267,ft3
SalazarCavazos,trust-krylov,10,376.00443921371414,ft3
SalazarCavazos,trust-ncg,1,387.46337179747377,ft3
SalazarCavazos,trust-ncg,2,376.1004700854341,ft3
SalazarCavazos,trust-ncg,3,375.10875451947385,ft3
SalazarCavazos,trust-ncg,4,383.489581785798,ft3
SalazarCavazos,trust-ncg,5,370.8483575353466,ft3
SalazarCavazos,trust-ncg,6,377.6896161293813,ft3
SalazarCavazos,trust-ncg,7,372.4452137171108,ft3
SalazarCavazos,trust-ncg,8,369.2740740117478,ft3
SalazarCavazos,trust-ncg,9,372.2938239111001,ft3
SalazarCavazos,trust-ncg,10,379.80932615920017,ft3
Schwen,SLSQP,1,952.421823200122,ft3
Schwen,SLSQP,2,952.4246698938555,ft3
Schwen,SLSQP,3,952.4234972882902,ft3
Schwen,SLSQP,4,952.4306738214203,ft3
Schwen,SLSQP,5,952.4218547801423,ft3
Schwen,SLSQP,6,952.4258886827234,ft3
Schwen,SLSQP,7,952.4223037782233,ft3
Schwen,SLSQP,8,952.4221986820891,ft3
Schwen,SLSQP,9,952.4225570305263,ft3
Schwen,SLSQP,10,952.4220508767661,ft3
Schwen,COBYLA,1,1018.0170856844002,ft3
Schwen,COBYLA,2,1017.0609610597817,ft3
Schwen,COBYLA,3,1046.5467475320506,ft3
Schwen,COBYLA,4,1015.2531584397618,ft3
Schwen,COBYLA,5,1027.4704566706546,ft3
Schwen,COBYLA,6,998.5088519909949,ft3
Schwen,COBYLA,7,1032.4495274513063,ft3
Schwen,COBYLA,8,994.0635762090758,ft3
Schwen,COBYLA,9,994.3286780606115,ft3
Schwen,COBYLA,10,1010.7644729543795,ft3
Schwen,fides,1,952.4217474251941,ft3
Schwen,fides,2,952.4217506265516,ft3
Schwen,fides,3,952.4217378074817,ft3
Schwen,fides,4,952.4217447547095,ft3
Schwen,fides,5,952.4217399368285,ft3
Schwen,fides,6,952.4217272309174,ft3
Schwen,fides,7,952.4217368860977,ft3
Schwen,fides,8,952.4217262380156,ft3
Schwen,fides,9,952.4217333809579,ft3
Schwen,fides,10,952.4217305941927,ft3
Schwen,BFGS,1,1652.0201545509708,ft3
Schwen,BFGS,2,1823.0089668388491,ft3
Schwen,BFGS,3,1688.6743541988176,ft3
Schwen,BFGS,4,1777.0659542200415,ft3
Schwen,BFGS,5,1984.456329992371,ft3
Schwen,BFGS,6,1734.9197631000616,ft3
Schwen,BFGS,7,1910.0500022453655,ft3
Schwen,BFGS,8,2186.492279633469,ft3
Schwen,BFGS,9,1838.8581754118406,ft3
Schwen,BFGS,10,1600.406566126867,ft3
Schwen,dogleg,1,3878.145665165404,ft3
Schwen,dogleg,2,3590.437716457253,ft3
Schwen,dogleg,3,4251.221071404341,ft3
Schwen,dogleg,4,2844.926094622272,ft3
Schwen,dogleg,5,2075.1549707811837,ft3
Schwen,dogleg,6,5051.772879392912,ft3
Schwen,dogleg,7,2785.2572589839706,ft3
Schwen,dogleg,8,3847.013019475366,ft3
Schwen,dogleg,9,3263.6804301127518,ft3
Schwen,dogleg,10,4546.704142926099,ft3
Schwen,ipopt,1,952.4243309930623,ft3
Schwen,ipopt,2,952.4245177584145,ft3
Schwen,ipopt,3,952.4235300803709,ft3
Schwen,ipopt,4,952.4231283467752,ft3
Schwen,ipopt,5,952.4323221465532,ft3
Schwen,ipopt,6,952.4234509374721,ft3
Schwen,ipopt,7,952.4243162770091,ft3
Schwen,ipopt,8,952.4230997267435,ft3
Schwen,ipopt,9,952.4245991122021,ft3
Schwen,ipopt,10,952.4232998549476,ft3
Schwen,cmaes,1,952.4217434586526,ft3
Schwen,cmaes,2,952.4217354899915,ft3
Schwen,cmaes,3,952.4217349035572,ft3
Schwen,cmaes,4,952.4217545792055,ft3
Schwen,cmaes,5,952.4217280915107,ft3
Schwen,cmaes,6,952.4217465367357,ft3
Schwen,cmaes,7,952.4217266795888,ft3
Schwen,cmaes,8,952.4218001954338,ft3
Schwen,cmaes,9,952.4217323247312,ft3
Schwen,cmaes,10,952.4217362654833,ft3
Schwen,pyswarm,1,1156.43491377058,ft3
Schwen,pyswarm,2,1067.630267048384,ft3
Schwen,pyswarm,3,1090.8422087690317,ft3
Schwen,pyswarm,4,1163.2149749800083,ft3
Schwen,pyswarm,5,1152.37686126547,ft3
Schwen,pyswarm,6,1176.1723007393823,ft3
Schwen,pyswarm,7,1062.8994566892427,ft3
Schwen,pyswarm,8,1165.6403061849983,ft3
Schwen,pyswarm,9,1155.7576858685582,ft3
Schwen,pyswarm,10,1175.5718837919976,ft3
Schwen,L-BFGS-B,1,952.4335957164786,ft3
Schwen,L-BFGS-B,2,952.4236421499155,ft3
Schwen,L-BFGS-B,3,952.4257589547393,ft3
Schwen,L-BFGS-B,4,952.4254242471977,ft3
Schwen,L-BFGS-B,5,952.4224485159746,ft3
Schwen,L-BFGS-B,6,952.4228865989103,ft3
Schwen,L-BFGS-B,7,952.4229997068061,ft3
Schwen,L-BFGS-B,8,952.4242688843576,ft3
Schwen,L-BFGS-B,9,952.4347118599748,ft3
Schwen,L-BFGS-B,10,952.4227644480067,ft3
Schwen,Nelder-Mead,1,997.7200808050126,ft3
Schwen,Nelder-Mead,2,997.8462317433094,ft3
Schwen,Nelder-Mead,3,984.9076516921338,ft3
Schwen,Nelder-Mead,4,999.08045423115,ft3
Schwen,Nelder-Mead,5,984.7520223838213,ft3
Schwen,Nelder-Mead,6,1020.6513209562142,ft3
Schwen,Nelder-Mead,7,1012.2459255287671,ft3
Schwen,Nelder-Mead,8,1026.750498432063,ft3
Schwen,Nelder-Mead,9,996.6244820910576,ft3
Schwen,Nelder-Mead,10,998.3192165105722,ft3
Schwen,cg,1,4817.376671049336,ft3
Schwen,cg,2,5795.415097237975,ft3
Schwen,cg,3,3675.697545760776,ft3
Schwen,cg,4,7614.431235005779,ft3
Schwen,cg,5,4109.321366317746,ft3
Schwen,cg,6,3925.0311833389796,ft3
Schwen,cg,7,6352.728948363402,ft3
Schwen,cg,8,7248.496968247093,ft3
Schwen,cg,9,8829.479218939503,ft3
Schwen,cg,10,2422.529872138045,ft3
Schwen,newton-cg,1,1575.4500599860007,ft3
Schwen,newton-cg,2,1367.733508702038,ft3
Schwen,newton-cg,3,1666.6185145885602,ft3
Schwen,newton-cg,4,1722.77377799716,ft3
Schwen,newton-cg,5,1320.5966622169726,ft3
Schwen,newton-cg,6,1205.1706253283753,ft3
Schwen,newton-cg,7,1413.5610133665434,ft3
Schwen,newton-cg,8,1667.1280600740301,ft3
Schwen,newton-cg,9,1505.325881451298,ft3
Schwen,newton-cg,10,1505.6527858123418,ft3
Schwen,nlopt_11,1,952.4217255760846,ft3
Schwen,nlopt_11,2,952.4217257583374,ft3
Schwen,nlopt_11,3,952.4217256652033,ft3
Schwen,nlopt_11,4,952.4217257290031,ft3
Schwen,nlopt_11,5,952.4217256364475,ft3
Schwen,nlopt_11,6,952.4217255017284,ft3
Schwen,nlopt_11,7,952.4217255544118,ft3
Schwen,nlopt_11,8,952.4217257599872,ft3
Schwen,nlopt_11,9,952.4217256829575,ft3
Schwen,nlopt_11,10,952.4217254886951,ft3
Schwen,nlopt_12,1,967.742617997921,ft3
Schwen,nlopt_12,2,1087.9195502958835,ft3
Schwen,nlopt_12,3,1093.4342547855695,ft3
Schwen,nlopt_12,4,1019.9627866969406,ft3
Schwen,nlopt_12,5,1014.6664297609327,ft3
Schwen,nlopt_12,6,1076.4445320022107,ft3
Schwen,nlopt_12,7,1148.8645892298716,ft3
Schwen,nlopt_12,8,1162.8872884795232,ft3
Schwen,nlopt_12,9,1016.8855916263715,ft3
Schwen,nlopt_12,10,1115.3040732735237,ft3
Schwen,nlopt_13,1,952.4217256196711,ft3
Schwen,nlopt_13,2,952.4217255736974,ft3
Schwen,nlopt_13,3,952.4217258551039,ft3
Schwen,nlopt_13,4,952.4217257679248,ft3
Schwen,nlopt_13,5,952.4217257268078,ft3
Schwen,nlopt_13,6,952.4217257219362,ft3
Schwen,nlopt_13,7,952.421725825882,ft3
Schwen,nlopt_13,8,952.4217255434952,ft3
Schwen,nlopt_13,9,952.4217258305478,ft3
Schwen,nlopt_13,10,952.4217256855536,ft3
Schwen,nlopt_14,1,952.4217257690509,ft3
Schwen,nlopt_14,2,952.4217258257936,ft3
Schwen,nlopt_14,3,952.4217257127785,ft3
Schwen,nlopt_14,4,952.4217257486015,ft3
Schwen,nlopt_14,5,952.4217257528976,ft3
Schwen,nlopt_14,6,952.4217254466857,ft3
Schwen,nlopt_14,7,952.4217257648027,ft3
Schwen,nlopt_14,8,952.4217257590612,ft3
Schwen,nlopt_14,9,952.4217254465708,ft3
Schwen,nlopt_14,10,952.4217255011017,ft3
Schwen,nlopt_15,1,953.7757725185502,ft3
Schwen,nlopt_15,2,952.4316469537296,ft3
Schwen,nlopt_15,3,952.4222636878394,ft3
Schwen,nlopt_15,4,952.4222586420872,ft3
Schwen,nlopt_15,5,952.4251011647497,ft3
Schwen,nlopt_15,6,953.8509361457826,ft3
Schwen,nlopt_15,7,952.4226196362736,ft3
Schwen,nlopt_15,8,953.1940304423194,ft3
Schwen,nlopt_15,9,952.4229456615242,ft3
Schwen,nlopt_15,10,952.4227757037928,ft3
Schwen,nlopt_16,1,952.4225582027473,ft3
Schwen,nlopt_16,2,953.1944145539568,ft3
Schwen,nlopt_16,3,952.4226044360706,ft3
Schwen,nlopt_16,4,952.4220280405142,ft3
Schwen,nlopt_16,5,952.4232705555861,ft3
Schwen,nlopt_16,6,952.4227534026279,ft3
Schwen,nlopt_16,7,952.4231966493186,ft3
Schwen,nlopt_16,8,952.4223528509687,ft3
Schwen,nlopt_16,9,953.1955376467683,ft3
Schwen,nlopt_16,10,952.4237402870847,ft3
Schwen,nlopt_18,1,953.1939154600958,ft3
Schwen,nlopt_18,2,952.4311942250482,ft3
Schwen,nlopt_18,3,952.421832542074,ft3
Schwen,nlopt_18,4,952.4217290885905,ft3
Schwen,nlopt_18,5,952.4217329654899,ft3
Schwen,nlopt_18,6,952.4217994588143,ft3
Schwen,nlopt_18,7,952.4217431242333,ft3
Schwen,nlopt_18,8,952.4217264627324,ft3
Schwen,nlopt_18,9,952.4217286352066,ft3
Schwen,nlopt_18,10,952.4217299010023,ft3
Schwen,nlopt_21,1,952.4232327486169,ft3
Schwen,nlopt_21,2,952.4345901908271,ft3
Schwen,nlopt_21,3,952.4277511990664,ft3
Schwen,nlopt_21,4,952.4267495877947,ft3
Schwen,nlopt_21,5,952.4240067060945,ft3
Schwen,nlopt_21,6,952.4243004618155,ft3
Schwen,nlopt_21,7,952.445110767362,ft3
Schwen,nlopt_21,8,952.4247614960498,ft3
Schwen,nlopt_21,9,952.429291438855,ft3
Schwen,nlopt_21,10,952.4336105522896,ft3
Schwen,nlopt_23,1,953.204238243479,ft3
Schwen,nlopt_23,2,952.429522239317,ft3
Schwen,nlopt_23,3,952.4432148603611,ft3
Schwen,nlopt_23,4,953.2004494983162,ft3
Schwen,nlopt_23,5,952.4273235730909,ft3
Schwen,nlopt_23,6,953.1999036423778,ft3
Schwen,nlopt_23,7,952.432056857783,ft3
Schwen,nlopt_23,8,952.4275051841526,ft3
Schwen,nlopt_23,9,952.4268614185987,ft3
Schwen,nlopt_23,10,952.4248257322052,ft3
Schwen,nlopt_26,1,3154.1529320215705,ft3
Schwen,nlopt_26,2,2041.6114890401934,ft3
Schwen,nlopt_26,3,2655.969720693231,ft3
Schwen,nlopt_26,4,1697.0063609372512,ft3
Schwen,nlopt_26,5,3057.9404666575074,ft3
Schwen,nlopt_26,6,2585.8430262155994,ft3
Schwen,nlopt_26,7,2771.219886141269,ft3
Schwen,nlopt_26,8,2796.102859060035,ft3
Schwen,nlopt_26,9,2608.985159230783,ft3
Schwen,nlopt_26,10,3173.1131941666576,ft3
Schwen,nlopt_28,1,954.3499612142635,ft3
Schwen,nlopt_28,2,953.9670935167437,ft3
Schwen,nlopt_28,3,952.5304848894316,ft3
Schwen,nlopt_28,4,952.96436458402,ft3
Schwen,nlopt_28,5,954.2822005217016,ft3
Schwen,nlopt_28,6,954.0892790123644,ft3
Schwen,nlopt_28,7,953.66334827633,ft3
Schwen,nlopt_28,8,955.247350960784,ft3
Schwen,nlopt_28,9,954.4032324075246,ft3
Schwen,nlopt_28,10,954.139776984806,ft3
Schwen,nlopt_29,1,952.4316933348974,ft3
Schwen,nlopt_29,2,952.4590256925771,ft3
Schwen,nlopt_29,3,952.4251758887573,ft3
Schwen,nlopt_29,4,952.4263752393398,ft3
Schwen,nlopt_29,5,952.4226702890797,ft3
Schwen,nlopt_29,6,952.4283674743557,ft3
Schwen,nlopt_29,7,952.4230659020549,ft3
Schwen,nlopt_29,8,952.4294084981572,ft3
Schwen,nlopt_29,9,952.454373108811,ft3
Schwen,nlopt_29,10,952.4243013858844,ft3
Schwen,nlopt_34,1,953.8520087291294,ft3
Schwen,nlopt_34,2,952.4324285901397,ft3
Schwen,nlopt_34,3,952.426438449508,ft3
Schwen,nlopt_34,4,953.1978628565931,ft3
Schwen,nlopt_34,5,952.4255400374653,ft3
Schwen,nlopt_34,6,953.7753035402674,ft3
Schwen,nlopt_34,7,952.6982926091231,ft3
Schwen,nlopt_34,8,953.8438797096086,ft3
Schwen,nlopt_34,9,953.1983664122145,ft3
Schwen,nlopt_34,10,952.4348536075793,ft3
Schwen,nlopt_36,1,952.4217257049689,ft3
Schwen,nlopt_36,2,952.4217258070453,ft3
Schwen,nlopt_36,3,952.4217254935509,ft3
Schwen,nlopt_36,4,952.4217254693594,ft3
Schwen,nlopt_36,5,952.4217255903715,ft3
Schwen,nlopt_36,6,952.4217257304441,ft3
Schwen,nlopt_36,7,952.4217254629023,ft3
Schwen,nlopt_36,8,952.4217254948245,ft3
Schwen,nlopt_36,9,952.4217257017953,ft3
Schwen,nlopt_36,10,952.4217255204627,ft3
Schwen,nlopt_37,1,952.4217255605492,ft3
Schwen,nlopt_37,2,952.421725655746,ft3
Schwen,nlopt_37,3,952.4217256072335,ft3
Schwen,nlopt_37,4,952.4217256912015,ft3
Schwen,nlopt_37,5,952.4217257542167,ft3
Schwen,nlopt_37,6,952.4217255863275,ft3
Schwen,nlopt_37,7,952.4217256967781,ft3
Schwen,nlopt_37,8,952.4217254671811,ft3
Schwen,nlopt_37,9,952.4217254646708,ft3
Schwen,nlopt_37,10,952.4217257574763,ft3
Schwen,nlopt_39,1,952.4256553608782,ft3
Schwen,nlopt_39,2,952.4238650821752,ft3
Schwen,nlopt_39,3,953.8496305066517,ft3
Schwen,nlopt_39,4,952.4306117700617,ft3
Schwen,nlopt_39,5,952.4338342086952,ft3
Schwen,nlopt_39,6,952.4238930049293,ft3
Schwen,nlopt_39,7,952.4282508804279,ft3
Schwen,nlopt_39,8,952.4264894346277,ft3
Schwen,nlopt_39,9,952.4292772860254,ft3
Schwen,nlopt_39,10,952.4241914371505,ft3
Schwen,tnc,1,954.2509302781671,ft3
Schwen,tnc,2,952.7728878276757,ft3
Schwen,tnc,3,952.950827245079,ft3
Schwen,tnc,4,953.6663890657805,ft3
Schwen,tnc,5,953.8373220685627,ft3
Schwen,tnc,6,954.0125514993391,ft3
Schwen,tnc,7,953.1012360825002,ft3
Schwen,tnc,8,953.704813961892,ft3
Schwen,tnc,9,952.7615607332402,ft3
Schwen,tnc,10,952.9364905363436,ft3
Schwen,trust-krylov,1,3768.6165723739346,ft3
Schwen,trust-krylov,2,4348.097900967715,ft3
Schwen,trust-krylov,3,2711.98417972697,ft3
Schwen,trust-krylov,4,1507.706312421465,ft3
Schwen,trust-krylov,5,4747.368720321878,ft3
Schwen,trust-krylov,6,2083.564504389817,ft3
Schwen,trust-krylov,7,2567.358071669451,ft3
Schwen,trust-krylov,8,1641.0337853062613,ft3
Schwen,trust-krylov,9,1450.8517230392472,ft3
Schwen,trust-krylov,10,2298.602399880283,ft3
Schwen,trust-ncg,1,3257.6201942991834,ft3
Schwen,trust-ncg,2,3727.900170270486,ft3
Schwen,trust-ncg,3,2047.1273101467314,ft3
Schwen,trust-ncg,4,2585.324241108945,ft3
Schwen,trust-ncg,5,6942.185613874462,ft3
Schwen,trust-ncg,6,7952.256632393137,ft3
Schwen,trust-ncg,7,10940.24065550579,ft3
Schwen,trust-ncg,8,7790.304058944945,ft3
Schwen,trust-ncg,9,5659.831343045784,ft3
Schwen,trust-ncg,10,5224.570065950964,ft3
Smith,SLSQP,1,26615.1093501543,ft3
Smith,SLSQP,2,270153.5809741765,ft3
Smith,SLSQP,3,360816.77545650327,ft3
Smith,SLSQP,4,586150.0461152047,ft3
Smith,SLSQP,5,144819.52291953808,ft3
Smith,SLSQP,6,407181.14301292686,ft3
Smith,SLSQP,7,136775.848428589,ft3
Smith,SLSQP,8,237299.09887810302,ft3
Smith,SLSQP,9,461128.6752610612,ft3
Smith,SLSQP,10,26060.890630157708,ft3
Smith,COBYLA,1,36588.01382808939,ft3
Smith,COBYLA,2,33743.928139433236,ft3
Smith,COBYLA,3,35645.83901350108,ft3
Smith,COBYLA,4,32976.39435216479,ft3
Smith,COBYLA,5,33898.53513230627,ft3
Smith,COBYLA,6,35901.189525781614,ft3
Smith,COBYLA,7,30921.4089254184,ft3
Smith,COBYLA,8,33796.75893145518,ft3
Smith,COBYLA,9,35171.0387879389,ft3
Smith,COBYLA,10,32368.04312571963,ft3
Smith,fides,1,20922.257345977592,ft3
Smith,fides,2,20922.489031987498,ft3
Smith,fides,3,21608.01146220954,ft3
Smith,fides,4,20922.156791881644,ft3
Smith,fides,5,20922.220288933877,ft3
Smith,fides,6,20922.31230062138,ft3
Smith,fides,7,20922.36448616303,ft3
Smith,fides,8,20922.173315492986,ft3
Smith,fides,9,20922.191186960998,ft3
Smith,fides,10,20922.233058388916,ft3
Smith,BFGS,1,683352.8661099796,ft3
Smith,BFGS,2,3127886.6353156604,ft3
Smith,BFGS,3,1859672.063750849,ft3
Smith,BFGS,4,6153438.8624768695,ft3
Smith,BFGS,5,712122.6222934858,ft3
Smith,BFGS,6,4684559.073136895,ft3
Smith,BFGS,7,468124.49096662074,ft3
Smith,BFGS,8,2276534.5458016344,ft3
Smith,BFGS,9,4000916.9468388874,ft3
Smith,BFGS,10,10532945.685662,ft3
Smith,dogleg,1,1544487.7116000499,ft3
Smith,dogleg,2,1090267.0712805404,ft3
Smith,dogleg,3,2715250.93158766,ft3
Smith,dogleg,4,1052560.512190614,ft3
Smith,dogleg,5,1251072.846609793,ft3
Smith,dogleg,6,746374.880867208,ft3
Smith,dogleg,7,1286250.2689487296,ft3
Smith,dogleg,8,1037386.0525523543,ft3
Smith,dogleg,9,1396554.8919080608,ft3
Smith,dogleg,10,1368278.8384078084,ft3
Smith,ipopt,1,28521.769071907234,ft3
Smith,ipopt,2,42739.87421510344,ft3
Smith,ipopt,3,25960.915226650184,ft3
Smith,ipopt,4,42813.58732221474,ft3
Smith,ipopt,5,42759.05568936358,ft3
Smith,ipopt,6,60536.03662508159,ft3
Smith,ipopt,7,29414.1432478326,ft3
Smith,ipopt,8,59758.77289943563,ft3
Smith,ipopt,9,26759.280541289347,ft3
Smith,ipopt,10,32133.641510259782,ft3
Smith,cmaes,1,16387360256448.975,ft3
Smith,cmaes,2,19915554033.290443,ft3
Smith,cmaes,3,352862418553.5822,ft3
Smith,cmaes,4,97143883981.17769,ft3
Smith,cmaes,5,3744350287543.465,ft3
Smith,cmaes,6,7197347264205.991,ft3
Smith,cmaes,7,37609219.84415992,ft3
Smith,cmaes,8,1893230284288.0276,ft3
Smith,cmaes,9,475123571662.0425,ft3
Smith,cmaes,10,64134732024.232735,ft3
Smith,pyswarm,1,99803.46311844344,ft3
Smith,pyswarm,2,83378.58308199812,ft3
Smith,pyswarm,3,100746.74805358506,ft3
Smith,pyswarm,4,54788.38955577215,ft3
Smith,pyswarm,5,99071.32368739833,ft3
Smith,pyswarm,6,92273.6239961561,ft3
Smith,pyswarm,7,87422.66632316599,ft3
Smith,pyswarm,8,84823.3281055091,ft3
Smith,pyswarm,9,94900.38094568088,ft3
Smith,pyswarm,10,44590.63205561805,ft3
Smith,L-BFGS-B,1,21647.843748762196,ft3
Smith,L-BFGS-B,2,24693.893010131313,ft3
Smith,L-BFGS-B,3,24695.19374181466,ft3
Smith,L-BFGS-B,4,24599.11677453307,ft3
Smith,L-BFGS-B,5,22519.858137921397,ft3
Smith,L-BFGS-B,6,24693.383475309885,ft3
Smith,L-BFGS-B,7,23359.78271817376,ft3
Smith,L-BFGS-B,8,24685.772014435497,ft3
Smith,L-BFGS-B,9,23887.798688179075,ft3
Smith,L-BFGS-B,10,22520.665278035485,ft3
Smith,Nelder-Mead,1,38236.871594202246,ft3
Smith,Nelder-Mead,2,38998.89591735647,ft3
Smith,Nelder-Mead,3,46925.12678825505,ft3
Smith,Nelder-Mead,4,34694.38498584359,ft3
Smith,Nelder-Mead,5,45392.72228941079,ft3
Smith,Nelder-Mead,6,42333.47116536823,ft3
Smith,Nelder-Mead,7,39450.86710712063,ft3
Smith,Nelder-Mead,8,37493.51056224654,ft3
Smith,Nelder-Mead,9,42985.458535018704,ft3
Smith,Nelder-Mead,10,42126.08489603788,ft3
Smith,cg,1,5008024.818175559,ft3
Smith,cg,2,9477386.827271972,ft3
Smith,cg,3,1645574.4232417983,ft3
Smith,cg,4,590765.0021466436,ft3
Smith,cg,5,9937364.216015987,ft3
Smith,cg,6,6342922.345649919,ft3
Smith,cg,7,647972.8967665008,ft3
Smith,cg,8,86262.24885275832,ft3
Smith,cg,9,3391881.7264214125,ft3
Smith,cg,10,10851371.541217916,ft3
Smith,newton-cg,1,104291139500.26633,ft3
Smith,newton-cg,2,132219.39290554193,ft3
Smith,newton-cg,3,1966545157.3402133,ft3
Smith,newton-cg,4,1010279.9471986643,ft3
Smith,newton-cg,5,27687807938.35685,ft3
Smith,newton-cg,6,171840885.3117406,ft3
Smith,newton-cg,7,1150591.2703243447,ft3
Smith,newton-cg,8,15282817695.365124,ft3
Smith,newton-cg,9,982857944.1636721,ft3
Smith,newton-cg,10,82238576.49822253,ft3
Smith,nlopt_11,1,22523.128917593196,ft3
Smith,nlopt_11,2,24590.253712232272,ft3
Smith,nlopt_11,3,22515.64900899663,ft3
Smith,nlopt_11,4,22520.95375336555,ft3
Smith,nlopt_11,5,22520.4206198488,ft3
Smith,nlopt_11,6,24592.759173551123,ft3
Smith,nlopt_11,7,21608.91432376563,ft3
Smith,nlopt_11,8,22513.997895468558,ft3
Smith,nlopt_11,9,22520.090315330694,ft3
Smith,nlopt_11,10,22519.384072012836,ft3
Smith,nlopt_12,1,28534.448010428685,ft3
Smith,nlopt_12,2,25642.449824547097,ft3
Smith,nlopt_12,3,67487.31030040627,ft3
Smith,nlopt_12,4,36895.135458065946,ft3
Smith,nlopt_12,5,27067.261041412854,ft3
Smith,nlopt_12,6,28228.588733834404,ft3
Smith,nlopt_12,7,29739.7831558119,ft3
Smith,nlopt_12,8,27421.41493702685,ft3
Smith,nlopt_12,9,28473.14058030193,ft3
Smith,nlopt_12,10,27498.971418503876,ft3
Smith,nlopt_13,1,20923.488544743817,ft3
Smith,nlopt_13,2,24592.19333060278,ft3
Smith,nlopt_13,3,22521.93908434541,ft3
Smith,nlopt_13,4,20924.568969727377,ft3
Smith,nlopt_13,5,20925.822862205398,ft3
Smith,nlopt_13,6,22520.747804254257,ft3
Smith,nlopt_13,7,20924.008953940476,ft3
Smith,nlopt_13,8,22521.15137903597,ft3
Smith,nlopt_13,9,20925.162021370754,ft3
Smith,nlopt_13,10,24591.77503776435,ft3
Smith,nlopt_14,1,24592.624685093673,ft3
Smith,nlopt_14,2,22517.931359031263,ft3
Smith,nlopt_14,3,20927.41660835278,ft3
Smith,nlopt_14,4,20928.02458429739,ft3
Smith,nlopt_14,5,24599.973341254237,ft3
Smith,nlopt_14,6,22516.129239838283,ft3
Smith,nlopt_14,7,24590.31313258938,ft3
Smith,nlopt_14,8,22521.40000037143,ft3
Smith,nlopt_14,9,22521.824028245992,ft3
Smith,nlopt_14,10,24692.19986323308,ft3
Smith,nlopt_15,1,32968.0829947567,ft3
Smith,nlopt_15,2,24934.272628509374,ft3
Smith,nlopt_15,3,26530.033150468487,ft3
Smith,nlopt_15,4,26263.958454832726,ft3
Smith,nlopt_15,5,26164.64089763684,ft3
Smith,nlopt_15,6,29411.152161569946,ft3
Smith,nlopt_15,7,26146.356487513447,ft3
Smith,nlopt_15,8,25065.871158663045,ft3
Smith,nlopt_15,9,27184.769840601213,ft3
Smith,nlopt_15,10,25388.652113876615,ft3
Smith,nlopt_16,1,1650250867601.6099,ft3
Smith,nlopt_16,2,1233890364.6795735,ft3
Smith,nlopt_16,3,6436675092.571586,ft3
Smith,nlopt_16,4,69355590471.05641,ft3
Smith,nlopt_16,5,228307116868.34955,ft3
Smith,nlopt_16,6,10992873462.545313,ft3
Smith,nlopt_16,7,1396681532387.151,ft3
Smith,nlopt_16,8,2117027099.867485,ft3
Smith,nlopt_16,9,19588999274.976326,ft3
Smith,nlopt_16,10,148604226273989.94,ft3
Smith,nlopt_18,1,28904.047187643246,ft3
Smith,nlopt_18,2,32686.446746201233,ft3
Smith,nlopt_18,3,24598.075047911072,ft3
Smith,nlopt_18,4,21620.050509974408,ft3
Smith,nlopt_18,5,24594.29465750414,ft3
Smith,nlopt_18,6,32883.37998866437,ft3
Smith,nlopt_18,7,25666.362481509652,ft3
Smith,nlopt_18,8,24710.19943021072,ft3
Smith,nlopt_18,9,60019.66165771801,ft3
Smith,nlopt_18,10,26157.5569006288,ft3
Smith,nlopt_21,1,26162.879814712254,ft3
Smith,nlopt_21,2,25673.668001913138,ft3
Smith,nlopt_21,3,26683.911079027006,ft3
Smith,nlopt_21,4,25732.963242038637,ft3
Smith,nlopt_21,5,26079.839107495456,ft3
Smith,nlopt_21,6,32873.97733682124,ft3
Smith,nlopt_21,7,41724.34634703713,ft3
Smith,nlopt_21,8,24721.979079147426,ft3
Smith,nlopt_21,9,42852.84069519669,ft3
Smith,nlopt_21,10,24742.440327793152,ft3
Smith,nlopt_23,1,26216.11788857091,ft3
Smith,nlopt_23,2,27413.380631755546,ft3
Smith,nlopt_23,3,25679.929404471215,ft3
Smith,nlopt_23,4,113277.59387340916,ft3
Smith,nlopt_23,5,25686.736516159017,ft3
Smith,nlopt_23,6,60537.33842672205,ft3
Smith,nlopt_23,7,60539.4653739151,ft3
Smith,nlopt_23,8,26219.44191327773,ft3
Smith,nlopt_23,9,26702.71288907785,ft3
Smith,nlopt_23,10,58122.46113217901,ft3
Smith,nlopt_26,1,60799.13707844382,ft3
Smith,nlopt_26,2,19348572.537719242,ft3
Smith,nlopt_26,3,11935786949.708181,ft3
Smith,nlopt_26,4,3274531448.836477,ft3
Smith,nlopt_26,5,4928675886.14066,ft3
Smith,nlopt_26,6,19765755.251400203,ft3
Smith,nlopt_26,7,700026.2206127368,ft3
Smith,nlopt_26,8,363555.0642545391,ft3
Smith,nlopt_26,9,169433.5648954963,ft3
Smith,nlopt_26,10,14510394813.693775,ft3
Smith,nlopt_28,1,28409.083251323013,ft3
Smith,nlopt_28,2,42909.150210567444,ft3
Smith,nlopt_28,3,29437.82055770167,ft3
Smith,nlopt_28,4,34651.69140390216,ft3
Smith,nlopt_28,5,31992.95235661405,ft3
Smith,nlopt_28,6,35472.184156280695,ft3
Smith,nlopt_28,7,25264.424397153893,ft3
Smith,nlopt_28,8,35286.36596547302,ft3
Smith,nlopt_28,9,33733.64858881445,ft3
Smith,nlopt_28,10,26306.491865578086,ft3
Smith,nlopt_29,1,148340.64471684085,ft3
Smith,nlopt_29,2,2084338436240.494,ft3
Smith,nlopt_29,3,148355.55475285585,ft3
Smith,nlopt_29,4,223458772.60935608,ft3
Smith,nlopt_29,5,148349.966275704,ft3
Smith,nlopt_29,6,1845473899.0769353,ft3
Smith,nlopt_29,7,113727.67046967536,ft3
Smith,nlopt_29,8,152087871205.02353,ft3
Smith,nlopt_29,9,480490150371.3447,ft3
Smith,nlopt_29,10,9590860798322.016,ft3
Smith,nlopt_34,1,26151.104122295652,ft3
Smith,nlopt_34,2,33131.87638412694,ft3
Smith,nlopt_34,3,42796.247859121504,ft3
Smith,nlopt_34,4,41759.86183825968,ft3
Smith,nlopt_34,5,42530.92829755853,ft3
Smith,nlopt_34,6,28256.63480665509,ft3
Smith,nlopt_34,7,28900.152767588697,ft3
Smith,nlopt_34,8,58120.39326327999,ft3
Smith,nlopt_34,9,28548.69437344555,ft3
Smith,nlopt_34,10,35422.33594992734,ft3
Smith,nlopt_36,1,20925.490372352597,ft3
Smith,nlopt_36,2,21610.736966501194,ft3
Smith,nlopt_36,3,24590.64977109968,ft3
Smith,nlopt_36,4,21610.411575277725,ft3
Smith,nlopt_36,5,21614.16454445394,ft3
Smith,nlopt_36,6,23672.996202359176,ft3
Smith,nlopt_36,7,24591.822548422017,ft3
Smith,nlopt_36,8,24691.443577735838,ft3
Smith,nlopt_36,9,24591.733318408642,ft3
Smith,nlopt_36,10,20930.131862637583,ft3
Smith,nlopt_37,1,22516.80390293672,ft3
Smith,nlopt_37,2,22516.044559165923,ft3
Smith,nlopt_37,3,21609.77684252574,ft3
Smith,nlopt_37,4,24593.05543522254,ft3
Smith,nlopt_37,5,22516.200357652266,ft3
Smith,nlopt_37,6,24592.380061454565,ft3
Smith,nlopt_37,7,21608.73685479031,ft3
Smith,nlopt_37,8,24593.066212859336,ft3
Smith,nlopt_37,9,22521.616565158492,ft3
Smith,nlopt_37,10,22515.450185613554,ft3
Smith,nlopt_39,1,42855.75831401488,ft3
Smith,nlopt_39,2,60124.30571518868,ft3
Smith,nlopt_39,3,42764.134435061686,ft3
Smith,nlopt_39,4,45138.78325010174,ft3
Smith,nlopt_39,5,28658.846805030116,ft3
Smith,nlopt_39,6,25667.686886691816,ft3
Smith,nlopt_39,7,42377.60221779392,ft3
Smith,nlopt_39,8,23571.16019958929,ft3
Smith,nlopt_39,9,26239.96255724652,ft3
Smith,nlopt_39,10,60028.14831750173,ft3
Smith,tnc,1,28207.373294259094,ft3
Smith,tnc,2,31142.775943092613,ft3
Smith,tnc,3,32146.8273357558,ft3
Smith,tnc,4,30384.228270316173,ft3
Smith,tnc,5,30533.69358791977,ft3
Smith,tnc,6,30843.994949733977,ft3
Smith,tnc,7,31145.57407227163,ft3
Smith,tnc,8,30207.20173355596,ft3
Smith,tnc,9,27996.802112136877,ft3
Smith,tnc,10,31315.26624502706,ft3
Smith,trust-krylov,1,66379.56891946997,ft3
Smith,trust-krylov,2,103435.85120853824,ft3
Smith,trust-krylov,3,75226.35560818638,ft3
Smith,trust-krylov,4,74314.97348829459,ft3
Smith,trust-krylov,5,73126.60382555707,ft3
Smith,trust-krylov,6,35363.867517526785,ft3
Smith,trust-krylov,7,38535.09325270004,ft3
Smith,trust-krylov,8,79646.18657658307,ft3
Smith,trust-krylov,9,39873.60395786273,ft3
Smith,trust-krylov,10,68401.11785992737,ft3
Smith,trust-ncg,1,69149.34582319109,ft3
Smith,trust-ncg,2,59586.6084979182,ft3
Smith,trust-ncg,3,47809.172656642535,ft3
Smith,trust-ncg,4,71793.69126733548,ft3
Smith,trust-ncg,5,69948.29440589911,ft3
Smith,trust-ncg,6,58252.46955795822,ft3
Smith,trust-ncg,7,64246.41284930244,ft3
Smith,trust-ncg,8,31638.845951211388,ft3
Smith,trust-ncg,9,75749.75357066414,ft3
Smith,trust-ncg,10,40732.100348805216,ft3
Sneyd,SLSQP,1,-319.792328473579,ft3
Sneyd,SLSQP,2,-319.7923313393255,ft3
Sneyd,SLSQP,3,-319.7923252503688,ft3
Sneyd,SLSQP,4,-319.7923316352597,ft3
Sneyd,SLSQP,5,-319.7923299640205,ft3
Sneyd,SLSQP,6,-319.7923341360967,ft3
Sneyd,SLSQP,7,-319.7923333017238,ft3
Sneyd,SLSQP,8,-319.7923292285002,ft3
Sneyd,SLSQP,9,-319.792329740846,ft3
Sneyd,SLSQP,10,-319.79232950006235,ft3
Sneyd,COBYLA,1,-316.73874553054003,ft3
Sneyd,COBYLA,2,-313.89439442277126,ft3
Sneyd,COBYLA,3,-314.186872891273,ft3
Sneyd,COBYLA,4,-313.05771857530027,ft3
Sneyd,COBYLA,5,-316.653788897877,ft3
Sneyd,COBYLA,6,-317.6529501006535,ft3
Sneyd,COBYLA,7,-315.05461054867857,ft3
Sneyd,COBYLA,8,-313.8044480103304,ft3
Sneyd,COBYLA,9,-312.7822489635794,ft3
Sneyd,COBYLA,10,-311.7731473161331,ft3
Sneyd,fides,1,-319.79232847883594,ft3
Sneyd,fides,2,-319.79232991308993,ft3
Sneyd,fides,3,-319.7923292829343,ft3
Sneyd,fides,4,-319.79233022785746,ft3
Sneyd,fides,5,-319.79232975885725,ft3
Sneyd,fides,6,-319.79233171530666,ft3
Sneyd,fides,7,-319.792331045427,ft3
Sneyd,fides,8,-319.7923291830911,ft3
Sneyd,fides,9,-319.79233028302485,ft3
Sneyd,fides,10,-319.7923310061041,ft3
Sneyd,BFGS,1,-319.40231703823446,ft3
Sneyd,BFGS,2,-319.74201287263435,ft3
Sneyd,BFGS,3,-319.6893042351577,ft3
Sneyd,BFGS,4,-319.21164984199197,ft3
Sneyd,BFGS,5,-319.76904419551437,ft3
Sneyd,BFGS,6,-319.5620545449577,ft3
Sneyd,BFGS,7,-319.64554206271896,ft3
Sneyd,BFGS,8,-319.7232013573849,ft3
Sneyd,BFGS,9,-319.77040059951247,ft3
Sneyd,BFGS,10,-319.72770726581405,ft3
Sneyd,dogleg,1,-225.48757527577155,ft3
Sneyd,dogleg,2,-249.7504214553933,ft3
Sneyd,dogleg,3,-231.5902285738358,ft3
Sneyd,dogleg,4,-262.55661691444675,ft3
Sneyd,dogleg,5,-222.68866749510735,ft3
Sneyd,dogleg,6,-231.19122634892034,ft3
Sneyd,dogleg,7,-234.2564586205595,ft3
Sneyd,dogleg,8,-212.544844383165,ft3
Sneyd,dogleg,9,-244.44769420479366,ft3
Sneyd,dogleg,10,-222.53525027930544,ft3
Sneyd,ipopt,1,-319.7917871926855,ft3
Sneyd,ipopt,2,-319.79170965560985,ft3
Sneyd,ipopt,3,-319.79203862063764,ft3
Sneyd,ipopt,4,-319.79201867050756,ft3
Sneyd,ipopt,5,-319.79209487257305,ft3
Sneyd,ipopt,6,-319.79184758607283,ft3
Sneyd,ipopt,7,-319.7917111994353,ft3
Sneyd,ipopt,8,-319.79193083157315,ft3
Sneyd,ipopt,9,-319.7919295575876,ft3
Sneyd,ipopt,10,-319.7919403679965,ft3
Sneyd,cmaes,1,-319.79234288588094,ft3
Sneyd,cmaes,2,-319.7923415274271,ft3
Sneyd,cmaes,3,-319.7923442689089,ft3
Sneyd,cmaes,4,-319.7923448285165,ft3
Sneyd,cmaes,5,-319.79234562534367,ft3
Sneyd,cmaes,6,-319.79234504848125,ft3
Sneyd,cmaes,7,-319.79234068995265,ft3
Sneyd,cmaes,8,-319.7923439902263,ft3
Sneyd,cmaes,9,-319.792342164603,ft3
Sneyd,cmaes,10,-319.79234395495007,ft3
Sneyd,pyswarm,1,-311.83267140247045,ft3
Sneyd,pyswarm,2,-317.1767155050887,ft3
Sneyd,pyswarm,3,-313.6196136135598,ft3
Sneyd,pyswarm,4,-311.45522361560637,ft3
Sneyd,pyswarm,5,-315.6423239956013,ft3
Sneyd,pyswarm,6,-312.54656745762264,ft3
Sneyd,pyswarm,7,-309.4609890495826,ft3
Sneyd,pyswarm,8,-313.4580005896449,ft3
Sneyd,pyswarm,9,-308.49075231347285,ft3
Sneyd,pyswarm,10,-313.62607442441265,ft3
Sneyd,L-BFGS-B,1,-319.7922924476593,ft3
Sneyd,L-BFGS-B,2,-319.7923247575485,ft3
Sneyd,L-BFGS-B,3,-319.7923205876881,ft3
Sneyd,L-BFGS-B,4,-319.79231598623136,ft3
Sneyd,L-BFGS-B,5,-319.7923289650607,ft3
Sneyd,L-BFGS-B,6,-319.79229595331606,ft3
Sneyd,L-BFGS-B,7,-319.792327104987,ft3
Sneyd,L-BFGS-B,8,-319.79228166106026,ft3
Sneyd,L-BFGS-B,9,-319.79221051400174,ft3
Sneyd,L-BFGS-B,10,-319.7923274969138,ft3
Sneyd,Nelder-Mead,1,-319.7213303966444,ft3
Sneyd,Nelder-Mead,2,-319.3971591152104,ft3
Sneyd,Nelder-Mead,3,-319.072851211485,ft3
Sneyd,Nelder-Mead,4,-316.9366448269769,ft3
Sneyd,Nelder-Mead,5,-317.71139948645805,ft3
Sneyd,Nelder-Mead,6,-318.44525308190657,ft3
Sneyd,Nelder-Mead,7,-318.35100725589894,ft3
Sneyd,Nelder-Mead,8,-318.50746887253086,ft3
Sneyd,Nelder-Mead,9,-317.8400930318363,ft3
Sneyd,Nelder-Mead,10,-316.3155658188545,ft3
Sneyd,cg,1,-319.7752756885835,ft3
Sneyd,cg,2,-319.7757946491483,ft3
Sneyd,cg,3,-319.7554946427196,ft3
Sneyd,cg,4,-319.73542118032776,ft3
Sneyd,cg,5,-319.7785073625012,ft3
Sneyd,cg,6,-319.78047601180214,ft3
Sneyd,cg,7,-319.77267672830624,ft3
Sneyd,cg,8,-319.7655711966434,ft3
Sneyd,cg,9,-319.75547651751543,ft3
Sneyd,cg,10,-319.76531445985984,ft3
Sneyd,newton-cg,1,-319.7871650309053,ft3
Sneyd,newton-cg,2,-319.7837719864841,ft3
Sneyd,newton-cg,3,-319.7864293339854,ft3
Sneyd,newton-cg,4,-319.78244774251857,ft3
Sneyd,newton-cg,5,-319.7837991382644,ft3
Sneyd,newton-cg,6,-319.7880794436725,ft3
Sneyd,newton-cg,7,-319.77321559023164,ft3
Sneyd,newton-cg,8,-319.7819746937064,ft3
Sneyd,newton-cg,9,-319.78838545153684,ft3
Sneyd,newton-cg,10,-319.7831912712464,ft3
Sneyd,nlopt_11,1,-319.7923338891301,ft3
Sneyd,nlopt_11,2,-319.79233434025133,ft3
Sneyd,nlopt_11,3,-319.7923345194165,ft3
Sneyd,nlopt_11,4,-319.7923338936637,ft3
Sneyd,nlopt_11,5,-319.7923335898598,ft3
Sneyd,nlopt_11,6,-319.7923335185767,ft3
Sneyd,nlopt_11,7,-319.7923348897692,ft3
Sneyd,nlopt_11,8,-319.79233355254956,ft3
Sneyd,nlopt_11,9,-319.7923347105977,ft3
Sneyd,nlopt_11,10,-319.79233389403623,ft3
Sneyd,nlopt_12,1,-319.7875426069026,ft3
Sneyd,nlopt_12,2,-319.7910571369334,ft3
Sneyd,nlopt_12,3,-319.7903610909822,ft3
Sneyd,nlopt_12,4,-319.7884882397168,ft3
Sneyd,nlopt_12,5,-319.7813822260007,ft3
Sneyd,nlopt_12,6,-319.7910379372604,ft3
Sneyd,nlopt_12,7,-319.7866214966941,ft3
Sneyd,nlopt_12,8,-319.78468498520897,ft3
Sneyd,nlopt_12,9,-319.79098383955136,ft3
Sneyd,nlopt_12,10,-319.78447078810075,ft3
Sneyd,nlopt_13,1,-319.7923351854479,ft3
Sneyd,nlopt_13,2,-319.79233430484356,ft3
Sneyd,nlopt_13,3,-319.7923337269374,ft3
Sneyd,nlopt_13,4,-319.7923343766368,ft3
Sneyd,nlopt_13,5,-319.7923336607,ft3
Sneyd,nlopt_13,6,-319.7923336151348,ft3
Sneyd,nlopt_13,7,-319.79233324994647,ft3
Sneyd,nlopt_13,8,-319.79233341186415,ft3
Sneyd,nlopt_13,9,-319.7923334753055,ft3
Sneyd,nlopt_13,10,-319.79233286540534,ft3
Sneyd,nlopt_14,1,-319.7923338670311,ft3
Sneyd,nlopt_14,2,-319.7923340656746,ft3
Sneyd,nlopt_14,3,-319.792334483324,ft3
Sneyd,nlopt_14,4,-319.7923333567833,ft3
Sneyd,nlopt_14,5,-319.79233354318984,ft3
Sneyd,nlopt_14,6,-319.7923344293363,ft3
Sneyd,nlopt_14,7,-319.79233475560073,ft3
Sneyd,nlopt_14,8,-319.792334395444,ft3
Sneyd,nlopt_14,9,-319.7923339879086,ft3
Sneyd,nlopt_14,10,-319.7923339331509,ft3
Sneyd,nlopt_15,1,-319.76320602630784,ft3
Sneyd,nlopt_15,2,-319.36795033814985,ft3
Sneyd,nlopt_15,3,-319.602185358097,ft3
Sneyd,nlopt_15,4,-319.34051473996374,ft3
Sneyd,nlopt_15,5,-315.82539090319983,ft3
Sneyd,nlopt_15,6,-319.3763996156229,ft3
Sneyd,nlopt_15,7,-318.982557717029,ft3
Sneyd,nlopt_15,8,-319.2038403128457,ft3
Sneyd,nlopt_15,9,-319.71456784740155,ft3
Sneyd,nlopt_15,10,-319.7282553144857,ft3
Sneyd,nlopt_16,1,-319.7897194847651,ft3
Sneyd,nlopt_16,2,-319.7833071963456,ft3
Sneyd,nlopt_16,3,-318.98171532115,ft3
Sneyd,nlopt_16,4,-319.7855358005598,ft3
Sneyd,nlopt_16,5,-319.7922115168509,ft3
Sneyd,nlopt_16,6,-319.78051483225926,ft3
Sneyd,nlopt_16,7,-319.79080908498855,ft3
Sneyd,nlopt_16,8,-319.7870358745497,ft3
Sneyd,nlopt_16,9,-319.78088432094773,ft3
Sneyd,nlopt_16,10,-319.7888202717804,ft3
Sneyd,nlopt_18,1,-319.79149195484916,ft3
Sneyd,nlopt_18,2,-319.7922499970043,ft3
Sneyd,nlopt_18,3,-319.7923146465912,ft3
Sneyd,nlopt_18,4,-317.1591885957895,ft3
Sneyd,nlopt_18,5,-319.792333601393,ft3
Sneyd,nlopt_18,6,-319.79225535465025,ft3
Sneyd,nlopt_18,7,-319.7921403707349,ft3
Sneyd,nlopt_18,8,-319.7921561372762,ft3
Sneyd,nlopt_18,9,-319.7920318038916,ft3
Sneyd,nlopt_18,10,-319.7920247572182,ft3
Sneyd,nlopt_21,1,-319.7920744141993,ft3
Sneyd,nlopt_21,2,-319.7922791863954,ft3
Sneyd,nlopt_21,3,-319.7923014760324,ft3
Sneyd,nlopt_21,4,-319.791676433895,ft3
Sneyd,nlopt_21,5,-319.79187498062555,ft3
Sneyd,nlopt_21,6,-319.792052046604,ft3
Sneyd,nlopt_21,7,-319.791215857656,ft3
Sneyd,nlopt_21,8,-319.7921740116593,ft3
Sneyd,nlopt_21,9,-319.7915952568187,ft3
Sneyd,nlopt_21,10,-319.7921086378158,ft3
Sneyd,nlopt_23,1,-319.781041207597,ft3
Sneyd,nlopt_23,2,-319.781041207597,ft3
Sneyd,nlopt_23,3,-319.7911464280499,ft3
Sneyd,nlopt_23,4,-319.79180826375864,ft3
Sneyd,nlopt_23,5,-319.7821257686712,ft3
Sneyd,nlopt_23,6,-319.7917054812579,ft3
Sneyd,nlopt_23,7,-319.7813225609627,ft3
Sneyd,nlopt_23,8,-319.781041207597,ft3
Sneyd,nlopt_23,9,-319.781041207597,ft3
Sneyd,nlopt_23,10,-319.7920892361442,ft3
Sneyd,nlopt_26,1,-319.7830923466036,ft3
Sneyd,nlopt_26,2,-319.78522078699353,ft3
Sneyd,nlopt_26,3,-319.72854192953736,ft3
Sneyd,nlopt_26,4,-319.78441898143575,ft3
Sneyd,nlopt_26,5,-319.75525273767016,ft3
Sneyd,nlopt_26,6,-319.7639331861033,ft3
Sneyd,nlopt_26,7,-319.7843485226037,ft3
Sneyd,nlopt_26,8,-319.77634064503286,ft3
Sneyd,nlopt_26,9,-319.46014218762014,ft3
Sneyd,nlopt_26,10,-319.75298827364793,ft3
Sneyd,nlopt_28,1,-319.7913789183208,ft3
Sneyd,nlopt_28,2,-318.9561384572416,ft3
Sneyd,nlopt_28,3,-319.7724874694885,ft3
Sneyd,nlopt_28,4,-319.2042501877868,ft3
Sneyd,nlopt_28,5,-319.5298039374237,ft3
Sneyd,nlopt_28,6,-319.7447712476776,ft3
Sneyd,nlopt_28,7,-318.90767899244344,ft3
Sneyd,nlopt_28,8,-319.791120912256,ft3
Sneyd,nlopt_28,9,-319.7904954794868,ft3
Sneyd,nlopt_28,10,-319.39459372663316,ft3
Sneyd,nlopt_29,1,-319.7918571720984,ft3
Sneyd,nlopt_29,2,-319.79205304188764,ft3
Sneyd,nlopt_29,3,-319.7919503844259,ft3
Sneyd,nlopt_29,4,-319.79190432116235,ft3
Sneyd,nlopt_29,5,-319.79228868289977,ft3
Sneyd,nlopt_29,6,-319.79167705160444,ft3
Sneyd,nlopt_29,7,-319.79154212797425,ft3
Sneyd,nlopt_29,8,-319.7916104937986,ft3
Sneyd,nlopt_29,9,-319.7922442034161,ft3
Sneyd,nlopt_29,10,-319.79208843676446,ft3
Sneyd,nlopt_34,1,-319.787511247074,ft3
Sneyd,nlopt_34,2,-319.7880993533921,ft3
Sneyd,nlopt_34,3,-319.79024039039575,ft3
Sneyd,nlopt_34,4,-319.77688379931806,ft3
Sneyd,nlopt_34,5,-319.79007113772485,ft3
Sneyd,nlopt_34,6,-319.78844749056793,ft3
Sneyd,nlopt_34,7,-319.7859824686915,ft3
Sneyd,nlopt_34,8,-319.7899943655254,ft3
Sneyd,nlopt_34,9,-319.78013470348316,ft3
Sneyd,nlopt_34,10,-319.7903319466829,ft3
Sneyd,nlopt_36,1,-319.7923340709279,ft3
Sneyd,nlopt_36,2,-319.79233454791256,ft3
Sneyd,nlopt_36,3,-319.7923345519891,ft3
Sneyd,nlopt_36,4,-319.7923350545768,ft3
Sneyd,nlopt_36,5,-319.7923336104754,ft3
Sneyd,nlopt_36,6,-319.79233324577166,ft3
Sneyd,nlopt_36,7,-319.79233384699296,ft3
Sneyd,nlopt_36,8,-319.7923348967059,ft3
Sneyd,nlopt_36,9,-319.7923343266598,ft3
Sneyd,nlopt_36,10,-319.79233383196714,ft3
Sneyd,nlopt_37,1,-319.79233417073453,ft3
Sneyd,nlopt_37,2,-319.792334125208,ft3
Sneyd,nlopt_37,3,-319.7923343890083,ft3
Sneyd,nlopt_37,4,-319.79233481992446,ft3
Sneyd,nlopt_37,5,-319.792333809899,ft3
Sneyd,nlopt_37,6,-319.79233408794306,ft3
Sneyd,nlopt_37,7,-319.79233366012534,ft3
Sneyd,nlopt_37,8,-319.7923342248447,ft3
Sneyd,nlopt_37,9,-319.79233464283266,ft3
Sneyd,nlopt_37,10,-319.79233439199123,ft3
Sneyd,nlopt_39,1,-319.790862069723,ft3
Sneyd,nlopt_39,2,-319.7922644262377,ft3
Sneyd,nlopt_39,3,-319.791415721815,ft3
Sneyd,nlopt_39,4,-319.79205685860404,ft3
Sneyd,nlopt_39,5,-319.7885066198894,ft3
Sneyd,nlopt_39,6,-319.79212622545725,ft3
Sneyd,nlopt_39,7,-319.7921959191283,ft3
Sneyd,nlopt_39,8,-319.781041207597,ft3
Sneyd,nlopt_39,9,-319.79216765800777,ft3
Sneyd,nlopt_39,10,-319.79156060271737,ft3
Sneyd,tnc,1,-314.5951923017574,ft3
Sneyd,tnc,2,-316.18903524186993,ft3
Sneyd,tnc,3,-313.5754169485937,ft3
Sneyd,tnc,4,-317.8550724412616,ft3
Sneyd,tnc,5,-317.56558297344924,ft3
Sneyd,tnc,6,-313.94527734977675,ft3
Sneyd,tnc,7,-315.31092019999585,ft3
Sneyd,tnc,8,-317.2567327284474,ft3
Sneyd,tnc,9,-316.16574903277734,ft3
Sneyd,tnc,10,-318.6286505390677,ft3
Sneyd,trust-krylov,1,-319.77956633531727,ft3
Sneyd,trust-krylov,2,-319.76728380654265,ft3
Sneyd,trust-krylov,3,-319.7809323907038,ft3
Sneyd,trust-krylov,4,-319.77290242434134,ft3
Sneyd,trust-krylov,5,-319.781660051037,ft3
Sneyd,trust-krylov,6,-319.7853253274616,ft3
Sneyd,trust-krylov,7,-319.7862278746288,ft3
Sneyd,trust-krylov,8,-319.77352303690407,ft3
Sneyd,trust-krylov,9,-319.77454689452566,ft3
Sneyd,trust-krylov,10,-319.7812780659852,ft3
Sneyd,trust-ncg,1,-318.9853537056456,ft3
Sneyd,trust-ncg,2,-318.80666682443325,ft3
Sneyd,trust-ncg,3,-319.66606772721565,ft3
Sneyd,trust-ncg,4,-318.7296478766762,ft3
Sneyd,trust-ncg,5,-319.5221348204862,ft3
Sneyd,trust-ncg,6,-319.0506892370905,ft3
Sneyd,trust-ncg,7,-318.84585753063607,ft3
Sneyd,trust-ncg,8,-319.28277273938863,ft3
Sneyd,trust-ncg,9,-319.120960335103,ft3
Sneyd,trust-ncg,10,-318.9705278489663,ft3
Weber,SLSQP,1,298.78184012541783,ft3
Weber,SLSQP,2,300.84280433063896,ft3
Weber,SLSQP,3,298.5044188869329,ft3
Weber,SLSQP,4,299.1984425917277,ft3
Weber,SLSQP,5,300.00426813343734,ft3
Weber,SLSQP,6,301.4399891038427,ft3
Weber,SLSQP,7,300.7248663012731,ft3
Weber,SLSQP,8,298.9103360218128,ft3
Weber,SLSQP,9,298.0370875263956,ft3
Weber,SLSQP,10,297.9969568775766,ft3
Weber,COBYLA,1,437.76354532800394,ft3
Weber,COBYLA,2,413.70997795680904,ft3
Weber,COBYLA,3,411.70248113750574,ft3
Weber,COBYLA,4,414.72811879174697,ft3
Weber,COBYLA,5,433.6625824858088,ft3
Weber,COBYLA,6,419.22244995759524,ft3
Weber,COBYLA,7,432.34877970591833,ft3
Weber,COBYLA,8,432.3548386978241,ft3
Weber,COBYLA,9,412.11217556969495,ft3
Weber,COBYLA,10,424.8627753628988,ft3
Weber,fides,1,296.8350483327309,ft3
Weber,fides,2,296.83723208228037,ft3
Weber,fides,3,296.8267798494162,ft3
Weber,fides,4,296.9061324624691,ft3
Weber,fides,5,296.8194961508094,ft3
Weber,fides,6,296.8574453574107,ft3
Weber,fides,7,296.8470341858958,ft3
Weber,fides,8,296.8281296798061,ft3
Weber,fides,9,296.7407389457381,ft3
Weber,fides,10,296.97773408367914,ft3
Weber,BFGS,1,392.72546236611174,ft3
Weber,BFGS,2,382.7485006254227,ft3
Weber,BFGS,3,400.87695014425844,ft3
Weber,BFGS,4,386.61588970674376,ft3
Weber,BFGS,5,370.1783926846774,ft3
Weber,BFGS,6,376.2937855352143,ft3
Weber,BFGS,7,371.96804341927236,ft3
Weber,BFGS,8,382.18799174104663,ft3
Weber,BFGS,9,362.87838878432996,ft3
Weber,BFGS,10,369.4001013897907,ft3
Weber,dogleg,1,624.5576242225912,ft3
Weber,dogleg,2,653.8193668557631,ft3
Weber,dogleg,3,724.2708927581634,ft3
Weber,dogleg,4,653.6186837981732,ft3
Weber,dogleg,5,669.9068848790043,ft3
Weber,dogleg,6,613.440408160762,ft3
Weber,dogleg,7,571.6316812789423,ft3
Weber,dogleg,8,672.0178541387594,ft3
Weber,dogleg,9,673.0205549665272,ft3
Weber,dogleg,10,630.7214488740319,ft3
Weber,ipopt,1,298.25374272789406,ft3
Weber,ipopt,2,298.4820410444271,ft3
Weber,ipopt,3,297.8015503568987,ft3
Weber,ipopt,4,298.3815442648922,ft3
Weber,ipopt,5,299.3266134860286,ft3
Weber,ipopt,6,297.8611758773883,ft3
Weber,ipopt,7,299.03814175178644,ft3
Weber,ipopt,8,297.8513687328099,ft3
Weber,ipopt,9,301.6206267561019,ft3
Weber,ipopt,10,297.61180638402755,ft3
Weber,cmaes,1,296.2019293605427,ft3
Weber,cmaes,2,297.0713047680713,ft3
Weber,cmaes,3,297.09416241128577,ft3
Weber,cmaes,4,297.1329211067376,ft3
Weber,cmaes,5,297.0924627695234,ft3
Weber,cmaes,6,297.1073160638735,ft3
Weber,cmaes,7,297.1074107852127,ft3
Weber,cmaes,8,296.366213128077,ft3
Weber,cmaes,9,296.2024105729525,ft3
Weber,cmaes,10,296.8092075444102,ft3
Weber,pyswarm,1,440.12462438565115,ft3
Weber,pyswarm,2,445.37199456341557,ft3
Weber,pyswarm,3,445.60788657320137,ft3
Weber,pyswarm,4,438.9987173091669,ft3
Weber,pyswarm,5,441.1922928018577,ft3
Weber,pyswarm,6,439.88700605297305,ft3
Weber,pyswarm,7,448.14778864469747,ft3
Weber,pyswarm,8,459.03576000150264,ft3
Weber,pyswarm,9,437.6558398818602,ft3
Weber,pyswarm,10,441.57179525529943,ft3
Weber,L-BFGS-B,1,319.4458922663947,ft3
Weber,L-BFGS-B,2,307.9010957762803,ft3
Weber,L-BFGS-B,3,305.2632470972269,ft3
Weber,L-BFGS-B,4,321.3570749257881,ft3
Weber,L-BFGS-B,5,308.0780939332336,ft3
Weber,L-BFGS-B,6,326.0825404899595,ft3
Weber,L-BFGS-B,7,297.69866230661734,ft3
Weber,L-BFGS-B,8,339.4418004276733,ft3
Weber,L-BFGS-B,9,318.46514491423574,ft3
Weber,L-BFGS-B,10,299.27041895770753,ft3
Weber,Nelder-Mead,1,386.2379988808979,ft3
Weber,Nelder-Mead,2,397.55338572099527,ft3
Weber,Nelder-Mead,3,416.8598097366801,ft3
Weber,Nelder-Mead,4,396.396699146046,ft3
Weber,Nelder-Mead,5,401.211960682221,ft3
Weber,Nelder-Mead,6,393.4952584545836,ft3
Weber,Nelder-Mead,7,393.8138169963165,ft3
Weber,Nelder-Mead,8,405.85378102076857,ft3
Weber,Nelder-Mead,9,392.1894406046701,ft3
Weber,Nelder-Mead,10,382.2648171193639,ft3
Weber,cg,1,337.47774531507554,ft3
Weber,cg,2,367.70739657664683,ft3
Weber,cg,3,335.1627781711377,ft3
Weber,cg,4,344.886269299778,ft3
Weber,cg,5,349.9247368177932,ft3
Weber,cg,6,337.6893453788749,ft3
Weber,cg,7,368.5370942683202,ft3
Weber,cg,8,362.70662284757043,ft3
Weber,cg,9,338.19822727524627,ft3
Weber,cg,10,336.50236932515554,ft3
Weber,newton-cg,1,412.05999600973007,ft3
Weber,newton-cg,2,412.7631911989164,ft3
Weber,newton-cg,3,403.26113006896503,ft3
Weber,newton-cg,4,417.1201136358697,ft3
Weber,newton-cg,5,422.3344281340868,ft3
Weber,newton-cg,6,404.57476296627874,ft3
Weber,newton-cg,7,397.0290478249548,ft3
Weber,newton-cg,8,412.7974602178046,ft3
Weber,newton-cg,9,415.5480289100609,ft3
Weber,newton-cg,10,413.07461419077674,ft3
Weber,nlopt_11,1,301.45831093020524,ft3
Weber,nlopt_11,2,298.01010107820014,ft3
Weber,nlopt_11,3,297.7282699268852,ft3
Weber,nlopt_11,4,299.474120573935,ft3
Weber,nlopt_11,5,297.9284863146204,ft3
Weber,nlopt_11,6,298.0082491178803,ft3
Weber,nlopt_11,7,297.70416348116396,ft3
Weber,nlopt_11,8,304.5047804243163,ft3
Weber,nlopt_11,9,297.8928176229585,ft3
Weber,nlopt_11,10,297.7168118349313,ft3
Weber,nlopt_12,1,301.3719517805936,ft3
Weber,nlopt_12,2,345.8666065782426,ft3
Weber,nlopt_12,3,325.40719648229197,ft3
Weber,nlopt_12,4,311.5595237303057,ft3
Weber,nlopt_12,5,321.507254652627,ft3
Weber,nlopt_12,6,313.9442988219033,ft3
Weber,nlopt_12,7,321.5210842452895,ft3
Weber,nlopt_12,8,318.1974046458535,ft3
Weber,nlopt_12,9,319.4934955132602,ft3
Weber,nlopt_12,10,333.10928797230173,ft3
Weber,nlopt_13,1,306.6748759245142,ft3
Weber,nlopt_13,2,308.27368391987324,ft3
Weber,nlopt_13,3,301.32421178672575,ft3
Weber,nlopt_13,4,301.03594539580797,ft3
Weber,nlopt_13,5,299.1476638422812,ft3
Weber,nlopt_13,6,303.622848193731,ft3
Weber,nlopt_13,7,297.92927534505384,ft3
Weber,nlopt_13,8,298.5231743341809,ft3
Weber,nlopt_13,9,301.2694183722912,ft3
Weber,nlopt_13,10,308.1680258079632,ft3
Weber,nlopt_14,1,298.1245519750431,ft3
Weber,nlopt_14,2,307.55781435060356,ft3
Weber,nlopt_14,3,314.0356838186766,ft3
Weber,nlopt_14,4,303.74330714841517,ft3
Weber,nlopt_14,5,299.55519032384075,ft3
Weber,nlopt_14,6,301.13530065923067,ft3
Weber,nlopt_14,7,301.23522011557804,ft3
Weber,nlopt_14,8,302.309588409428,ft3
Weber,nlopt_14,9,299.4495274761185,ft3
Weber,nlopt_14,10,304.7357970374368,ft3
Weber,nlopt_15,1,353.5655453919518,ft3
Weber,nlopt_15,2,373.8709004491467,ft3
Weber,nlopt_15,3,355.84231493572076,ft3
Weber,nlopt_15,4,371.1467956455434,ft3
Weber,nlopt_15,5,376.66193494372374,ft3
Weber,nlopt_15,6,345.66167669864467,ft3
Weber,nlopt_15,7,331.63759518773975,ft3
Weber,nlopt_15,8,363.10407506283514,ft3
Weber,nlopt_15,9,352.1607654106305,ft3
Weber,nlopt_15,10,362.8955626360731,ft3
Weber,nlopt_16,1,368.5418187334161,ft3
Weber,nlopt_16,2,330.3882432451305,ft3
Weber,nlopt_16,3,362.11485420103793,ft3
Weber,nlopt_16,4,329.8532709297152,ft3
Weber,nlopt_16,5,332.79912814991144,ft3
Weber,nlopt_16,6,344.77642488058115,ft3
Weber,nlopt_16,7,353.35996197928546,ft3
Weber,nlopt_16,8,319.5435958819438,ft3
Weber,nlopt_16,9,353.1443621393642,ft3
Weber,nlopt_16,10,353.27460839645863,ft3
Weber,nlopt_18,1,324.1987652428386,ft3
Weber,nlopt_18,2,311.9438789689846,ft3
Weber,nlopt_18,3,313.2416627438136,ft3
Weber,nlopt_18,4,304.9407757499408,ft3
Weber,nlopt_18,5,304.6156611522325,ft3
Weber,nlopt_18,6,301.349241252918,ft3
Weber,nlopt_18,7,301.2529379078685,ft3
Weber,nlopt_18,8,299.2527257022468,ft3
Weber,nlopt_18,9,300.622608486177,ft3
Weber,nlopt_18,10,300.8965450801911,ft3
Weber,nlopt_21,1,311.30344107254206,ft3
Weber,nlopt_21,2,320.1928138012457,ft3
Weber,nlopt_21,3,306.53019464333534,ft3
Weber,nlopt_21,4,311.3459635103611,ft3
Weber,nlopt_21,5,313.4897725052342,ft3
Weber,nlopt_21,6,299.5155241193107,ft3
Weber,nlopt_21,7,308.59745796984055,ft3
Weber,nlopt_21,8,308.5413598851293,ft3
Weber,nlopt_21,9,297.87791557190076,ft3
Weber,nlopt_21,10,324.1795181704455,ft3
Weber,nlopt_23,1,317.3939074626687,ft3
Weber,nlopt_23,2,310.7672993681765,ft3
Weber,nlopt_23,3,303.15163575408303,ft3
Weber,nlopt_23,4,310.6885083667811,ft3
Weber,nlopt_23,5,343.6289624007652,ft3
Weber,nlopt_23,6,352.0692889028702,ft3
Weber,nlopt_23,7,310.10810707713256,ft3
Weber,nlopt_23,8,337.9689290910579,ft3
Weber,nlopt_23,9,350.9840304743204,ft3
Weber,nlopt_23,10,310.228861035735,ft3
Weber,nlopt_26,1,340.3788290934672,ft3
Weber,nlopt_26,2,320.73915963750466,ft3
Weber,nlopt_26,3,314.2378325908244,ft3
Weber,nlopt_26,4,398.86153926128173,ft3
Weber,nlopt_26,5,381.13851120940694,ft3
Weber,nlopt_26,6,388.4343147534504,ft3
Weber,nlopt_26,7,398.32226296134667,ft3
Weber,nlopt_26,8,364.69657904936383,ft3
Weber,nlopt_26,9,369.22961707411207,ft3
Weber,nlopt_26,10,385.4229854966937,ft3
Weber,nlopt_28,1,331.7807660229157,ft3
Weber,nlopt_28,2,362.72975450122135,ft3
Weber,nlopt_28,3,373.19799890497615,ft3
Weber,nlopt_28,4,352.60694772154704,ft3
Weber,nlopt_28,5,340.32915263993567,ft3
Weber,nlopt_28,6,334.7447257220912,ft3
Weber,nlopt_28,7,339.5982197480067,ft3
Weber,nlopt_28,8,327.93353670270506,ft3
Weber,nlopt_28,9,345.9607658455304,ft3
Weber,nlopt_28,10,357.2904551152683,ft3
Weber,nlopt_29,1,301.37267170173936,ft3
Weber,nlopt_29,2,302.6018702993226,ft3
Weber,nlopt_29,3,301.39657550747893,ft3
Weber,nlopt_29,4,303.4964788205101,ft3
Weber,nlopt_29,5,306.7832021400571,ft3
Weber,nlopt_29,6,302.77062571183444,ft3
Weber,nlopt_29,7,299.43978428002094,ft3
Weber,nlopt_29,8,301.4086313582285,ft3
Weber,nlopt_29,9,303.1647129362634,ft3
Weber,nlopt_29,10,307.40304581822323,ft3
Weber,nlopt_34,1,380.45749503986764,ft3
Weber,nlopt_34,2,389.5447209869519,ft3
Weber,nlopt_34,3,366.1347739233281,ft3
Weber,nlopt_34,4,403.4281022945024,ft3
Weber,nlopt_34,5,308.10459964730774,ft3
Weber,nlopt_34,6,427.2650181136283,ft3
Weber,nlopt_34,7,422.8936376296533,ft3
Weber,nlopt_34,8,377.2350691907925,ft3
Weber,nlopt_34,9,378.1715585971059,ft3
Weber,nlopt_34,10,447.7480456259502,ft3
Weber,nlopt_36,1,298.07516030880464,ft3
Weber,nlopt_36,2,301.0095884934188,ft3
Weber,nlopt_36,3,298.1953375619702,ft3
Weber,nlopt_36,4,303.58807943645144,ft3
Weber,nlopt_36,5,302.21592505527303,ft3
Weber,nlopt_36,6,298.18670616280434,ft3
Weber,nlopt_36,7,297.89877192389946,ft3
Weber,nlopt_36,8,297.8421581951066,ft3
Weber,nlopt_36,9,301.20816886260155,ft3
Weber,nlopt_36,10,301.1366269258368,ft3
Weber,nlopt_37,1,300.92155157565287,ft3
Weber,nlopt_37,2,300.88255187336097,ft3
Weber,nlopt_37,3,297.7927213467244,ft3
Weber,nlopt_37,4,301.05657538719436,ft3
Weber,nlopt_37,5,301.0722988825953,ft3
Weber,nlopt_37,6,301.14957063958275,ft3
Weber,nlopt_37,7,301.28207051325865,ft3
Weber,nlopt_37,8,298.19538929638634,ft3
Weber,nlopt_37,9,297.6547409579227,ft3
Weber,nlopt_37,10,297.8051717320317,ft3
Weber,nlopt_39,1,341.4512239637562,ft3
Weber,nlopt_39,2,336.99874828880536,ft3
Weber,nlopt_39,3,297.1084473787749,ft3
Weber,nlopt_39,4,320.9484965236279,ft3
Weber,nlopt_39,5,302.98384909271886,ft3
Weber,nlopt_39,6,329.0595976584814,ft3
Weber,nlopt_39,7,337.80754886425154,ft3
Weber,nlopt_39,8,327.84609943087,ft3
Weber,nlopt_39,9,310.03404546829387,ft3
Weber,nlopt_39,10,330.8264757430826,ft3
Weber,tnc,1,357.8086892391061,ft3
Weber,tnc,2,365.3408943377307,ft3
Weber,tnc,3,342.1462018504876,ft3
Weber,tnc,4,336.9237677062559,ft3
Weber,tnc,5,342.3454100492293,ft3
Weber,tnc,6,337.39679174973696,ft3
Weber,tnc,7,340.1825088753102,ft3
Weber,tnc,8,349.9507148709017,ft3
Weber,tnc,9,371.7997016590326,ft3
Weber,tnc,10,345.28251270962835,ft3
Weber,trust-krylov,1,359.19906501221686,ft3
Weber,trust-krylov,2,351.98172279569303,ft3
Weber,trust-krylov,3,354.8527142118513,ft3
Weber,trust-krylov,4,326.29274854069104,ft3
Weber,trust-krylov,5,354.94487080808125,ft3
Weber,trust-krylov,6,347.7005508644461,ft3
Weber,trust-krylov,7,350.89274516820376,ft3
Weber,trust-krylov,8,351.616932825359,ft3
Weber,trust-krylov,9,339.94151119400453,ft3
Weber,trust-krylov,10,366.46333645629716,ft3
Weber,trust-ncg,1,386.28327072027815,ft3
Weber,trust-ncg,2,365.6785007983665,ft3
Weber,trust-ncg,3,356.2359725549281,ft3
Weber,trust-ncg,4,355.34406197952717,ft3
Weber,trust-ncg,5,402.30626114568133,ft3
Weber,trust-ncg,6,383.3576256801335,ft3
Weber,trust-ncg,7,355.23946441665123,ft3
Weber,trust-ncg,8,320.4699556708201,ft3
Weber,trust-ncg,9,350.9299933939584,ft3
Weber,trust-ncg,10,374.84922951728663,ft3
Zhao,SLSQP,1,517.6494387118257,ft3
Zhao,SLSQP,2,507.45442383875866,ft3
Zhao,SLSQP,3,512.7130089442503,ft3
Zhao,SLSQP,4,514.9751188072332,ft3
Zhao,SLSQP,5,527.8935694151279,ft3
Zhao,SLSQP,6,503.4827873058294,ft3
Zhao,SLSQP,7,507.75098301878705,ft3
Zhao,SLSQP,8,506.10394827150304,ft3
Zhao,SLSQP,9,507.822725061211,ft3
Zhao,SLSQP,10,510.20401277566606,ft3
Zhao,COBYLA,1,656.4931675550718,ft3
Zhao,COBYLA,2,656.162909552233,ft3
Zhao,COBYLA,3,641.9409162772389,ft3
Zhao,COBYLA,4,657.4728908110602,ft3
Zhao,COBYLA,5,652.5166101273977,ft3
Zhao,COBYLA,6,659.2315096200249,ft3
Zhao,COBYLA,7,649.420519084001,ft3
Zhao,COBYLA,8,653.0157990209983,ft3
Zhao,COBYLA,9,652.1408586294442,ft3
Zhao,COBYLA,10,649.107411953967,ft3
Zhao,fides,1,501.228199482653,ft3
Zhao,fides,2,501.2281918667919,ft3
Zhao,fides,3,501.22822659704264,ft3
Zhao,fides,4,501.2315528634098,ft3
Zhao,fides,5,501.23067643813624,ft3
Zhao,fides,6,501.23013944114496,ft3
Zhao,fides,7,501.23365459916033,ft3
Zhao,fides,8,501.22805497255104,ft3
Zhao,fides,9,501.2286544838222,ft3
Zhao,fides,10,501.229517392876,ft3
Zhao,BFGS,1,558.4925848573063,ft3
Zhao,BFGS,2,552.3237724963983,ft3
Zhao,BFGS,3,580.8379855545974,ft3
Zhao,BFGS,4,573.5725287084797,ft3
Zhao,BFGS,5,586.5991420024584,ft3
Zhao,BFGS,6,576.6401830563096,ft3
Zhao,BFGS,7,605.3358948310412,ft3
Zhao,BFGS,8,503.2820294225757,ft3
Zhao,BFGS,9,536.6206234173151,ft3
Zhao,BFGS,10,575.3382778989946,ft3
Zhao,dogleg,1,776.4281522479362,ft3
Zhao,dogleg,2,780.7580291964396,ft3
Zhao,dogleg,3,770.0847836597347,ft3
Zhao,dogleg,4,757.3590218441981,ft3
Zhao,dogleg,5,837.2125306180815,ft3
Zhao,dogleg,6,825.0426904288784,ft3
Zhao,dogleg,7,752.0094373543157,ft3
Zhao,dogleg,8,823.4948320124389,ft3
Zhao,dogleg,9,769.7492301314088,ft3
Zhao,dogleg,10,755.0438775449185,ft3
Zhao,ipopt,1,579.2359712395424,ft3
Zhao,ipopt,2,574.5139791941607,ft3
Zhao,ipopt,3,557.3767352294963,ft3
Zhao,ipopt,4,585.1744122820672,ft3
Zhao,ipopt,5,599.1066386400058,ft3
Zhao,ipopt,6,552.4304684606386,ft3
Zhao,ipopt,7,562.2927393663459,ft3
Zhao,ipopt,8,554.8913689261593,ft3
Zhao,ipopt,9,574.1275732144173,ft3
Zhao,ipopt,10,554.9442760645998,ft3
Zhao,cmaes,1,501.2281335571169,ft3
Zhao,cmaes,2,501.22948114947576,ft3
Zhao,cmaes,3,501.2284081117582,ft3
Zhao,cmaes,4,501.2291810360754,ft3
Zhao,cmaes,5,501.2279556787663,ft3
Zhao,cmaes,6,501.22831555964547,ft3
Zhao,cmaes,7,501.23068563807277,ft3
Zhao,cmaes,8,501.229962822594,ft3
Zhao,cmaes,9,501.22963809794385,ft3
Zhao,cmaes,10,501.2296869613935,ft3
Zhao,pyswarm,1,702.5922097655516,ft3
Zhao,pyswarm,2,713.4738767180653,ft3
Zhao,pyswarm,3,709.7784837949156,ft3
Zhao,pyswarm,4,710.7636188499044,ft3
Zhao,pyswarm,5,714.2048579894412,ft3
Zhao,pyswarm,6,702.9552129596036,ft3
Zhao,pyswarm,7,711.6399575241293,ft3
Zhao,pyswarm,8,709.1454617318598,ft3
Zhao,pyswarm,9,695.3509113337989,ft3
Zhao,pyswarm,10,710.882572272788,ft3
Zhao,L-BFGS-B,1,526.295800099811,ft3
Zhao,L-BFGS-B,2,526.2470663615851,ft3
Zhao,L-BFGS-B,3,520.1983845928809,ft3
Zhao,L-BFGS-B,4,549.6005092039791,ft3
Zhao,L-BFGS-B,5,533.2499334112201,ft3
Zhao,L-BFGS-B,6,524.3266990710708,ft3
Zhao,L-BFGS-B,7,533.9454862480843,ft3
Zhao,L-BFGS-B,8,519.6040777158094,ft3
Zhao,L-BFGS-B,9,521.5391856203415,ft3
Zhao,L-BFGS-B,10,547.4857792442883,ft3
Zhao,Nelder-Mead,1,645.1864341701729,ft3
Zhao,Nelder-Mead,2,651.4628615922529,ft3
Zhao,Nelder-Mead,3,644.857004741967,ft3
Zhao,Nelder-Mead,4,644.2956381733807,ft3
Zhao,Nelder-Mead,5,647.0612348388104,ft3
Zhao,Nelder-Mead,6,657.2421956045246,ft3
Zhao,Nelder-Mead,7,650.5737381544985,ft3
Zhao,Nelder-Mead,8,658.7543547579943,ft3
Zhao,Nelder-Mead,9,659.6134219075634,ft3
Zhao,Nelder-Mead,10,660.258039155197,ft3
Zhao,cg,1,606.0478539268958,ft3
Zhao,cg,2,631.4304184627362,ft3
Zhao,cg,3,580.842309517556,ft3
Zhao,cg,4,604.0968075935843,ft3
Zhao,cg,5,632.4220495086579,ft3
Zhao,cg,6,606.0499490041261,ft3
Zhao,cg,7,629.903761904457,ft3
Zhao,cg,8,633.2313976200024,ft3
Zhao,cg,9,606.0566616760335,ft3
Zhao,cg,10,618.3153091436515,ft3
Zhao,newton-cg,1,578.8401363552699,ft3
Zhao,newton-cg,2,562.9144655079941,ft3
Zhao,newton-cg,3,562.6292767869882,ft3
Zhao,newton-cg,4,579.0553025041336,ft3
Zhao,newton-cg,5,577.5513311569746,ft3
Zhao,newton-cg,6,562.3934952429682,ft3
Zhao,newton-cg,7,566.5024995376359,ft3
Zhao,newton-cg,8,562.6541511737001,ft3
Zhao,newton-cg,9,573.3539790373549,ft3
Zhao,newton-cg,10,566.8597497885277,ft3
Zhao,nlopt_11,1,503.1502648909722,ft3
Zhao,nlopt_11,2,503.8937248275375,ft3
Zhao,nlopt_11,3,503.1594785197127,ft3
Zhao,nlopt_11,4,503.15038685131043,ft3
Zhao,nlopt_11,5,507.0903002919242,ft3
Zhao,nlopt_11,6,503.14841176061157,ft3
Zhao,nlopt_11,7,507.0870803839465,ft3
Zhao,nlopt_11,8,507.1125898105427,ft3
Zhao,nlopt_11,9,503.1483695256041,ft3
Zhao,nlopt_11,10,503.1489715985117,ft3
Zhao,nlopt_12,1,555.0848657740764,ft3
Zhao,nlopt_12,2,559.2659004093714,ft3
Zhao,nlopt_12,3,574.8722833648999,ft3
Zhao,nlopt_12,4,567.7669310238209,ft3
Zhao,nlopt_12,5,547.5245835610574,ft3
Zhao,nlopt_12,6,539.7797835947182,ft3
Zhao,nlopt_12,7,503.25033746080334,ft3
Zhao,nlopt_12,8,548.123381530428,ft3
Zhao,nlopt_12,9,550.8279221115544,ft3
Zhao,nlopt_12,10,547.8215339798759,ft3
Zhao,nlopt_13,1,550.0244264235359,ft3
Zhao,nlopt_13,2,543.6070098397523,ft3
Zhao,nlopt_13,3,526.4387709464393,ft3
Zhao,nlopt_13,4,507.0490329743364,ft3
Zhao,nlopt_13,5,533.411625179123,ft3
Zhao,nlopt_13,6,547.0811787319566,ft3
Zhao,nlopt_13,7,531.6832602052183,ft3
Zhao,nlopt_13,8,531.7675790782778,ft3
Zhao,nlopt_13,9,526.509643545817,ft3
Zhao,nlopt_13,10,540.9293030760479,ft3
Zhao,nlopt_14,1,537.0827776196791,ft3
Zhao,nlopt_14,2,531.2475723466955,ft3
Zhao,nlopt_14,3,522.2941286481025,ft3
Zhao,nlopt_14,4,522.3102200160238,ft3
Zhao,nlopt_14,5,548.896274878272,ft3
Zhao,nlopt_14,6,522.2940518142808,ft3
Zhao,nlopt_14,7,526.2454415916395,ft3
Zhao,nlopt_14,8,526.2296986500949,ft3
Zhao,nlopt_14,9,544.5747087148312,ft3
Zhao,nlopt_14,10,548.1084464884254,ft3
Zhao,nlopt_15,1,599.2025307398735,ft3
Zhao,nlopt_15,2,622.43466703953,ft3
Zhao,nlopt_15,3,611.7149760853791,ft3
Zhao,nlopt_15,4,618.1520129968703,ft3
Zhao,nlopt_15,5,607.7050024718815,ft3
Zhao,nlopt_15,6,608.6053704612347,ft3
Zhao,nlopt_15,7,637.441672563205,ft3
Zhao,nlopt_15,8,628.0390748706468,ft3
Zhao,nlopt_15,9,633.1171922551868,ft3
Zhao,nlopt_15,10,622.4340064783289,ft3
Zhao,nlopt_16,1,599.1890845693479,ft3
Zhao,nlopt_16,2,599.1919261576865,ft3
Zhao,nlopt_16,3,593.1934977680111,ft3
Zhao,nlopt_16,4,578.1228052918658,ft3
Zhao,nlopt_16,5,575.6175482832389,ft3
Zhao,nlopt_16,6,580.7956681532121,ft3
Zhao,nlopt_16,7,599.177686587665,ft3
Zhao,nlopt_16,8,577.5568254411356,ft3
Zhao,nlopt_16,9,603.296321781329,ft3
Zhao,nlopt_16,10,579.5318734616975,ft3
Zhao,nlopt_18,1,545.6674006846384,ft3
Zhao,nlopt_18,2,535.1882917275302,ft3
Zhao,nlopt_18,3,580.8380200344621,ft3
Zhao,nlopt_18,4,562.6834862622295,ft3
Zhao,nlopt_18,5,578.9077353666495,ft3
Zhao,nlopt_18,6,559.7737528725559,ft3
Zhao,nlopt_18,7,552.315983837024,ft3
Zhao,nlopt_18,8,540.7740940605377,ft3
Zhao,nlopt_18,9,563.1971774888843,ft3
Zhao,nlopt_18,10,576.0356220911964,ft3
Zhao,nlopt_21,1,578.2090102097901,ft3
Zhao,nlopt_21,2,579.5520081010932,ft3
Zhao,nlopt_21,3,555.8486113442732,ft3
Zhao,nlopt_21,4,574.213314015078,ft3
Zhao,nlopt_21,5,576.174302516695,ft3
Zhao,nlopt_21,6,549.7640656978537,ft3
Zhao,nlopt_21,7,554.468361970585,ft3
Zhao,nlopt_21,8,555.4598414301257,ft3
Zhao,nlopt_21,9,580.0045813548426,ft3
Zhao,nlopt_21,10,555.9249981095002,ft3
Zhao,nlopt_23,1,606.0550882629103,ft3
Zhao,nlopt_23,2,606.0467717457177,ft3
Zhao,nlopt_23,3,580.8033011935422,ft3
Zhao,nlopt_23,4,610.7618825644145,ft3
Zhao,nlopt_23,5,603.1986208229459,ft3
Zhao,nlopt_23,6,602.6230869341348,ft3
Zhao,nlopt_23,7,617.5029722497685,ft3
Zhao,nlopt_23,8,617.5029722497685,ft3
Zhao,nlopt_23,9,604.107394218467,ft3
Zhao,nlopt_23,10,580.8380443441708,ft3
Zhao,nlopt_26,1,536.7786629903889,ft3
Zhao,nlopt_26,2,593.9925458628443,ft3
Zhao,nlopt_26,3,600.0563260360509,ft3
Zhao,nlopt_26,4,610.2879351148757,ft3
Zhao,nlopt_26,5,628.4654833082197,ft3
Zhao,nlopt_26,6,550.7856872125705,ft3
Zhao,nlopt_26,7,621.576577340082,ft3
Zhao,nlopt_26,8,585.4699629180243,ft3
Zhao,nlopt_26,9,578.9169383779288,ft3
Zhao,nlopt_26,10,610.0154830018843,ft3
Zhao,nlopt_28,1,569.1978371944397,ft3
Zhao,nlopt_28,2,565.0818600943949,ft3
Zhao,nlopt_28,3,579.8360442765944,ft3
Zhao,nlopt_28,4,575.8410661081692,ft3
Zhao,nlopt_28,5,588.2858811666042,ft3
Zhao,nlopt_28,6,577.506662016281,ft3
Zhao,nlopt_28,7,574.4300364067154,ft3
Zhao,nlopt_28,8,573.883776818924,ft3
Zhao,nlopt_28,9,586.3744109345516,ft3
Zhao,nlopt_28,10,555.7519063863099,ft3
Zhao,nlopt_29,1,501.80986640561156,ft3
Zhao,nlopt_29,2,502.00997382048706,ft3
Zhao,nlopt_29,3,501.95173266560107,ft3
Zhao,nlopt_29,4,501.86374125177224,ft3
Zhao,nlopt_29,5,501.9462229339844,ft3
Zhao,nlopt_29,6,503.6542417645385,ft3
Zhao,nlopt_29,7,501.4915978691482,ft3
Zhao,nlopt_29,8,501.6395747432337,ft3
Zhao,nlopt_29,9,501.57402224766355,ft3
Zhao,nlopt_29,10,501.66853444236864,ft3
Zhao,nlopt_34,1,585.476029643954,ft3
Zhao,nlopt_34,2,685.1907614021974,ft3
Zhao,nlopt_34,3,653.721295296676,ft3
Zhao,nlopt_34,4,581.5738115833335,ft3
Zhao,nlopt_34,5,604.202041184003,ft3
Zhao,nlopt_34,6,664.6480436891841,ft3
Zhao,nlopt_34,7,594.8921861476141,ft3
Zhao,nlopt_34,8,660.470011847292,ft3
Zhao,nlopt_34,9,600.0557873087072,ft3
Zhao,nlopt_34,10,649.2596863269699,ft3
Zhao,nlopt_36,1,503.1483675964373,ft3
Zhao,nlopt_36,2,503.14836989013173,ft3
Zhao,nlopt_36,3,507.087009039004,ft3
Zhao,nlopt_36,4,503.1486688982078,ft3
Zhao,nlopt_36,5,503.14928350322845,ft3
Zhao,nlopt_36,6,503.14856955119575,ft3
Zhao,nlopt_36,7,503.1532280442205,ft3
Zhao,nlopt_36,8,503.15189074948916,ft3
Zhao,nlopt_36,9,503.1496996621538,ft3
Zhao,nlopt_36,10,512.1379631622757,ft3
Zhao,nlopt_37,1,507.08721063330506,ft3
Zhao,nlopt_37,2,503.1690261714612,ft3
Zhao,nlopt_37,3,503.14837847776596,ft3
Zhao,nlopt_37,4,501.229068390806,ft3
Zhao,nlopt_37,5,510.95058540296543,ft3
Zhao,nlopt_37,6,503.1484073252278,ft3
Zhao,nlopt_37,7,503.156772550137,ft3
Zhao,nlopt_37,8,507.1031660402437,ft3
Zhao,nlopt_37,9,503.15400337260184,ft3
Zhao,nlopt_37,10,503.14902630546396,ft3
Zhao,nlopt_39,1,610.2397600584925,ft3
Zhao,nlopt_39,2,597.2651056794018,ft3
Zhao,nlopt_39,3,610.5034774418805,ft3
Zhao,nlopt_39,4,617.5029722497685,ft3
Zhao,nlopt_39,5,617.5029722497685,ft3
Zhao,nlopt_39,6,599.1902128270991,ft3
Zhao,nlopt_39,7,605.9529158289484,ft3
Zhao,nlopt_39,8,578.4368321567306,ft3
Zhao,nlopt_39,9,603.2193123054516,ft3
Zhao,nlopt_39,10,574.8075964534521,ft3
Zhao,tnc,1,596.9773509459334,ft3
Zhao,tnc,2,605.9425390848901,ft3
Zhao,tnc,3,613.2642880097708,ft3
Zhao,tnc,4,594.0939726036435,ft3
Zhao,tnc,5,598.8161167111914,ft3
Zhao,tnc,6,612.607522648812,ft3
Zhao,tnc,7,613.0082512424301,ft3
Zhao,tnc,8,594.7451028754247,ft3
Zhao,tnc,9,612.6537870586585,ft3
Zhao,tnc,10,621.725035740684,ft3
Zhao,trust-krylov,1,556.8527929125057,ft3
Zhao,trust-krylov,2,557.1268739590731,ft3
Zhao,trust-krylov,3,505.27740139150086,ft3
Zhao,trust-krylov,4,533.2228306574902,ft3
Zhao,trust-krylov,5,533.9619089719936,ft3
Zhao,trust-krylov,6,537.1000242099364,ft3
Zhao,trust-krylov,7,547.6507525183349,ft3
Zhao,trust-krylov,8,522.3582724663129,ft3
Zhao,trust-krylov,9,556.2448975702952,ft3
Zhao,trust-krylov,10,524.3170455384645,ft3
Zhao,trust-ncg,1,586.9077538527287,ft3
Zhao,trust-ncg,2,609.3741051520298,ft3
Zhao,trust-ncg,3,575.6557313176477,ft3
Zhao,trust-ncg,4,606.0440217134176,ft3
Zhao,trust-ncg,5,570.1317346295796,ft3
Zhao,trust-ncg,6,606.0476615190044,ft3
Zhao,trust-ncg,7,580.8375073257337,ft3
Zhao,trust-ncg,8,534.033805839797,ft3
Zhao,trust-ncg,9,578.9167460494539,ft3
Zhao,trust-ncg,10,574.2231438432201,ft3
Zheng,SLSQP,1,-287.5164251420501,ft3
Zheng,SLSQP,2,-289.5579436489297,ft3
Zheng,SLSQP,3,-289.68260289722014,ft3
Zheng,SLSQP,4,-288.9744370064766,ft3
Zheng,SLSQP,5,-288.9970206453567,ft3
Zheng,SLSQP,6,-288.9752719801098,ft3
Zheng,SLSQP,7,-291.037020630477,ft3
Zheng,SLSQP,8,-289.69307108166237,ft3
Zheng,SLSQP,9,-290.2746203186024,ft3
Zheng,SLSQP,10,-290.1159667873868,ft3
Zheng,COBYLA,1,-230.70169675857565,ft3
Zheng,COBYLA,2,-237.1134432879025,ft3
Zheng,COBYLA,3,-230.32438788404934,ft3
Zheng,COBYLA,4,-236.26726416104373,ft3
Zheng,COBYLA,5,-230.74830343624964,ft3
Zheng,COBYLA,6,-227.81788441037736,ft3
Zheng,COBYLA,7,-226.16151354364015,ft3
Zheng,COBYLA,8,-233.85539203608636,ft3
Zheng,COBYLA,9,-227.19468432962117,ft3
Zheng,COBYLA,10,-234.16626049178382,ft3
Zheng,fides,1,-293.6972632547484,ft3
Zheng,fides,2,-293.6873922529244,ft3
Zheng,fides,3,-293.6947262773237,ft3
Zheng,fides,4,-293.6942797390327,ft3
Zheng,fides,5,-293.7000212159026,ft3
Zheng,fides,6,-293.7092748163064,ft3
Zheng,fides,7,-293.66520073517665,ft3
Zheng,fides,8,-293.6914690521888,ft3
Zheng,fides,9,-293.70406363122197,ft3
Zheng,fides,10,-293.6841365471812,ft3
Zheng,BFGS,1,-270.923718681903,ft3
Zheng,BFGS,2,-271.8968791003392,ft3
Zheng,BFGS,3,-268.2019300169678,ft3
Zheng,BFGS,4,-255.20042593901698,ft3
Zheng,BFGS,5,-270.0552149617968,ft3
Zheng,BFGS,6,-266.46205107971684,ft3
Zheng,BFGS,7,-271.0204591858236,ft3
Zheng,BFGS,8,-279.4878114616163,ft3
Zheng,BFGS,9,-264.925422150194,ft3
Zheng,BFGS,10,-272.775847617297,ft3
Zheng,dogleg,1,-232.98717998554935,ft3
Zheng,dogleg,2,-177.75666111826285,ft3
Zheng,dogleg,3,-171.6180457361361,ft3
Zheng,dogleg,4,-244.0959738463395,ft3
Zheng,dogleg,5,-175.54554534849714,ft3
Zheng,dogleg,6,-178.62038654106317,ft3
Zheng,dogleg,7,-175.98323893909912,ft3
Zheng,dogleg,8,-175.3185263633693,ft3
Zheng,dogleg,9,-211.5878045760469,ft3
Zheng,dogleg,10,-177.68386483765826,ft3
Zheng,ipopt,1,-292.7844658163655,ft3
Zheng,ipopt,2,-293.4922586730434,ft3
Zheng,ipopt,3,-293.0541899344316,ft3
Zheng,ipopt,4,-293.08576238986956,ft3
Zheng,ipopt,5,-293.26320483532504,ft3
Zheng,ipopt,6,-293.40463543105005,ft3
Zheng,ipopt,7,-293.4174683632327,ft3
Zheng,ipopt,8,-293.52654576603027,ft3
Zheng,ipopt,9,-293.4281140476249,ft3
Zheng,ipopt,10,-293.48636246925383,ft3
Zheng,cmaes,1,-293.19415742579383,ft3
Zheng,cmaes,2,-293.11275419618966,ft3
Zheng,cmaes,3,-293.6322535947903,ft3
Zheng,cmaes,4,-293.7000856120391,ft3
Zheng,cmaes,5,-293.2805395476063,ft3
Zheng,cmaes,6,-293.19305250534023,ft3
Zheng,cmaes,7,-293.32484211922986,ft3
Zheng,cmaes,8,-292.97584910987644,ft3
Zheng,cmaes,9,-293.4422449634773,ft3
Zheng,cmaes,10,-293.19363442632994,ft3
Zheng,pyswarm,1,-223.20388282062666,ft3
Zheng,pyswarm,2,-242.680341382402,ft3
Zheng,pyswarm,3,-225.88993428663818,ft3
Zheng,pyswarm,4,-236.80949843963373,ft3
Zheng,pyswarm,5,-234.785254511221,ft3
Zheng,pyswarm,6,-230.13862389198022,ft3
Zheng,pyswarm,7,-220.76739788249608,ft3
Zheng,pyswarm,8,-226.42701759640946,ft3
Zheng,pyswarm,9,-224.39977437637202,ft3
Zheng,pyswarm,10,-227.40379186960024,ft3
Zheng,L-BFGS-B,1,-290.97750110799876,ft3
Zheng,L-BFGS-B,2,-292.7371472953624,ft3
Zheng,L-BFGS-B,3,-290.93405663103624,ft3
Zheng,L-BFGS-B,4,-291.56346426055774,ft3
Zheng,L-BFGS-B,5,-291.69447511591693,ft3
Zheng,L-BFGS-B,6,-291.56573813460943,ft3
Zheng,L-BFGS-B,7,-293.0802634576107,ft3
Zheng,L-BFGS-B,8,-291.24836238425456,ft3
Zheng,L-BFGS-B,9,-290.77176226975246,ft3
Zheng,L-BFGS-B,10,-292.5751599610377,ft3
Zheng,Nelder-Mead,1,-229.0074851151747,ft3
Zheng,Nelder-Mead,2,-239.16723008594064,ft3
Zheng,Nelder-Mead,3,-229.23171380391958,ft3
Zheng,Nelder-Mead,4,-239.3833257135184,ft3
Zheng,Nelder-Mead,5,-241.75953970176886,ft3
Zheng,Nelder-Mead,6,-231.94256155008952,ft3
Zheng,Nelder-Mead,7,-228.96266505045904,ft3
Zheng,Nelder-Mead,8,-234.0831737214888,ft3
Zheng,Nelder-Mead,9,-232.28404449027153,ft3
Zheng,Nelder-Mead,10,-246.9607328879019,ft3
Zheng,cg,1,-284.8052529519991,ft3
Zheng,cg,2,-283.52987800625806,ft3
Zheng,cg,3,-285.7348989049719,ft3
Zheng,cg,4,-286.18736621957424,ft3
Zheng,cg,5,-283.54714037905035,ft3
Zheng,cg,6,-284.7813192905635,ft3
Zheng,cg,7,-285.76296321761134,ft3
Zheng,cg,8,-288.10450558447775,ft3
Zheng,cg,9,-284.45279557046877,ft3
Zheng,cg,10,-285.9577203115307,ft3
Zheng,newton-cg,1,-263.7222202555947,ft3
Zheng,newton-cg,2,-260.44763738362116,ft3
Zheng,newton-cg,3,-273.47272539983464,ft3
Zheng,newton-cg,4,-267.0417694874721,ft3
Zheng,newton-cg,5,-272.75023538903844,ft3
Zheng,newton-cg,6,-271.3299389240105,ft3
Zheng,newton-cg,7,-271.3299389240105,ft3
Zheng,newton-cg,8,-264.86676536115965,ft3
Zheng,newton-cg,9,-258.66255126718323,ft3
Zheng,newton-cg,10,-269.28771842486395,ft3
Zheng,nlopt_11,1,-292.485488948925,ft3
Zheng,nlopt_11,2,-292.46608269189716,ft3
Zheng,nlopt_11,3,-292.09083487648024,ft3
Zheng,nlopt_11,4,-292.42205639747635,ft3
Zheng,nlopt_11,5,-292.93519891288594,ft3
Zheng,nlopt_11,6,-292.51369466447414,ft3
Zheng,nlopt_11,7,-292.2613927203813,ft3
Zheng,nlopt_11,8,-291.54186832685775,ft3
Zheng,nlopt_11,9,-292.08167562503354,ft3
Zheng,nlopt_11,10,-292.2631620574087,ft3
Zheng,nlopt_12,1,-290.33574570658624,ft3
Zheng,nlopt_12,2,-291.32360487310183,ft3
Zheng,nlopt_12,3,-290.6839963535009,ft3
Zheng,nlopt_12,4,-290.4014435455919,ft3
Zheng,nlopt_12,5,-289.5227813918542,ft3
Zheng,nlopt_12,6,-285.36007744207325,ft3
Zheng,nlopt_12,7,-289.3337603698066,ft3
Zheng,nlopt_12,8,-287.0955027284928,ft3
Zheng,nlopt_12,9,-291.0398493118695,ft3
Zheng,nlopt_12,10,-289.05639502881746,ft3
Zheng,nlopt_13,1,-291.3911679989539,ft3
Zheng,nlopt_13,2,-291.381627249179,ft3
Zheng,nlopt_13,3,-290.7944182677641,ft3
Zheng,nlopt_13,4,-291.3332007532158,ft3
Zheng,nlopt_13,5,-291.3047754287499,ft3
Zheng,nlopt_13,6,-290.305042983684,ft3
Zheng,nlopt_13,7,-290.77838890212996,ft3
Zheng,nlopt_13,8,-290.68160815238895,ft3
Zheng,nlopt_13,9,-292.1852657286591,ft3
Zheng,nlopt_13,10,-291.749219344024,ft3
Zheng,nlopt_14,1,-291.68548633950934,ft3
Zheng,nlopt_14,2,-291.1377090373707,ft3
Zheng,nlopt_14,3,-292.47512786115334,ft3
Zheng,nlopt_14,4,-289.858902616226,ft3
Zheng,nlopt_14,5,-291.17210321202697,ft3
Zheng,nlopt_14,6,-292.6673494029641,ft3
Zheng,nlopt_14,7,-290.4054641507623,ft3
Zheng,nlopt_14,8,-289.35828347704563,ft3
Zheng,nlopt_14,9,-291.55859970844085,ft3
Zheng,nlopt_14,10,-290.7149871977394,ft3
Zheng,nlopt_15,1,-291.80791771272095,ft3
Zheng,nlopt_15,2,-290.1817919099965,ft3
Zheng,nlopt_15,3,-292.35267819712493,ft3
Zheng,nlopt_15,4,-288.7382874449095,ft3
Zheng,nlopt_15,5,-286.0713516926576,ft3
Zheng,nlopt_15,6,-291.6323538958728,ft3
Zheng,nlopt_15,7,-291.22869770025477,ft3
Zheng,nlopt_15,8,-287.9946858143979,ft3
Zheng,nlopt_15,9,-290.55878131690804,ft3
Zheng,nlopt_15,10,-291.16637533759996,ft3
Zheng,nlopt_16,1,-292.3368606831627,ft3
Zheng,nlopt_16,2,-292.46685976330946,ft3
Zheng,nlopt_16,3,-290.9909997588597,ft3
Zheng,nlopt_16,4,-290.44288442709643,ft3
Zheng,nlopt_16,5,-290.92875985678256,ft3
Zheng,nlopt_16,6,-291.36844496091305,ft3
Zheng,nlopt_16,7,-289.70906350562313,ft3
Zheng,nlopt_16,8,-291.61303503302673,ft3
Zheng,nlopt_16,9,-291.9289345526134,ft3
Zheng,nlopt_16,10,-291.53947674088016,ft3
Zheng,nlopt_18,1,-291.9688979967287,ft3
Zheng,nlopt_18,2,-291.7000093167168,ft3
Zheng,nlopt_18,3,-291.53556070510774,ft3
Zheng,nlopt_18,4,-291.6545939078402,ft3
Zheng,nlopt_18,5,-291.38157663768226,ft3
Zheng,nlopt_18,6,-292.0037372355268,ft3
Zheng,nlopt_18,7,-292.5048602185873,ft3
Zheng,nlopt_18,8,-292.66242215932743,ft3
Zheng,nlopt_18,9,-291.80490022216543,ft3
Zheng,nlopt_18,10,-292.4184239857793,ft3
Zheng,nlopt_21,1,-290.6782754620672,ft3
Zheng,nlopt_21,2,-291.31887610316926,ft3
Zheng,nlopt_21,3,-289.63066996430274,ft3
Zheng,nlopt_21,4,-289.10529942042103,ft3
Zheng,nlopt_21,5,-289.55540939367125,ft3
Zheng,nlopt_21,6,-289.85227646201815,ft3
Zheng,nlopt_21,7,-290.3489043737968,ft3
Zheng,nlopt_21,8,-291.331456154522,ft3
Zheng,nlopt_21,9,-288.03059272964975,ft3
Zheng,nlopt_21,10,-290.05297932550087,ft3
Zheng,nlopt_23,1,-289.9324457457691,ft3
Zheng,nlopt_23,2,-285.136511526374,ft3
Zheng,nlopt_23,3,-283.27882220890604,ft3
Zheng,nlopt_23,4,-289.6930539028111,ft3
Zheng,nlopt_23,5,-284.6378876534387,ft3
Zheng,nlopt_23,6,-284.55618231122736,ft3
Zheng,nlopt_23,7,-283.3778126066243,ft3
Zheng,nlopt_23,8,-283.1848198538666,ft3
Zheng,nlopt_23,9,-285.938621781898,ft3
Zheng,nlopt_23,10,-281.9621342501833,ft3
Zheng,nlopt_26,1,-271.9412447439972,ft3
Zheng,nlopt_26,2,-280.77308559982316,ft3
Zheng,nlopt_26,3,-278.4434671339186,ft3
Zheng,nlopt_26,4,-270.7667111571229,ft3
Zheng,nlopt_26,5,-279.1876284801191,ft3
Zheng,nlopt_26,6,-274.2249256962281,ft3
Zheng,nlopt_26,7,-270.68451159374035,ft3
Zheng,nlopt_26,8,-282.28906422323536,ft3
Zheng,nlopt_26,9,-286.334336753864,ft3
Zheng,nlopt_26,10,-265.110874410979,ft3
Zheng,nlopt_28,1,-260.78088064671743,ft3
Zheng,nlopt_28,2,-263.3883207380952,ft3
Zheng,nlopt_28,3,-263.63804041956104,ft3
Zheng,nlopt_28,4,-261.37637117390057,ft3
Zheng,nlopt_28,5,-266.73062658440807,ft3
Zheng,nlopt_28,6,-271.65547343244344,ft3
Zheng,nlopt_28,7,-266.4362923727816,ft3
Zheng,nlopt_28,8,-261.0984099995829,ft3
Zheng,nlopt_28,9,-271.37769321916113,ft3
Zheng,nlopt_28,10,-267.4180108050369,ft3
Zheng,nlopt_29,1,-292.0123389972379,ft3
Zheng,nlopt_29,2,-292.26318337686655,ft3
Zheng,nlopt_29,3,-291.9446737084702,ft3
Zheng,nlopt_29,4,-292.8546049395717,ft3
Zheng,nlopt_29,5,-292.1792668645331,ft3
Zheng,nlopt_29,6,-293.1834240205439,ft3
Zheng,nlopt_29,7,-292.6637857989524,ft3
Zheng,nlopt_29,8,-292.32903785398327,ft3
Zheng,nlopt_29,9,-292.27065665150644,ft3
Zheng,nlopt_29,10,-291.1944273487886,ft3
Zheng,nlopt_34,1,-274.1982797462074,ft3
Zheng,nlopt_34,2,-250.42098936601417,ft3
Zheng,nlopt_34,3,-258.1165011393075,ft3
Zheng,nlopt_34,4,-257.55995743674697,ft3
Zheng,nlopt_34,5,-231.0001893495849,ft3
Zheng,nlopt_34,6,-263.12761719567914,ft3
Zheng,nlopt_34,7,-272.00908079307777,ft3
Zheng,nlopt_34,8,-258.8449446212735,ft3
Zheng,nlopt_34,9,-271.2255767989243,ft3
Zheng,nlopt_34,10,-264.1344174618899,ft3
Zheng,nlopt_36,1,-292.39228640140067,ft3
Zheng,nlopt_36,2,-292.903593079351,ft3
Zheng,nlopt_36,3,-292.84244807142574,ft3
Zheng,nlopt_36,4,-291.7994927117527,ft3
Zheng,nlopt_36,5,-292.9559887988336,ft3
Zheng,nlopt_36,6,-292.18707195328125,ft3
Zheng,nlopt_36,7,-291.5429804046662,ft3
Zheng,nlopt_36,8,-292.9738461547458,ft3
Zheng,nlopt_36,9,-292.42626450114346,ft3
Zheng,nlopt_36,10,-292.53041467515936,ft3
Zheng,nlopt_37,1,-292.5722644608374,ft3
Zheng,nlopt_37,2,-291.92477757743,ft3
Zheng,nlopt_37,3,-291.8172440641148,ft3
Zheng,nlopt_37,4,-291.8833665685694,ft3
Zheng,nlopt_37,5,-292.61543235898864,ft3
Zheng,nlopt_37,6,-292.39174778120423,ft3
Zheng,nlopt_37,7,-292.1038653654404,ft3
Zheng,nlopt_37,8,-292.94293333622056,ft3
Zheng,nlopt_37,9,-292.56892994927586,ft3
Zheng,nlopt_37,10,-292.97523608393374,ft3
Zheng,nlopt_39,1,-284.2005407362167,ft3
Zheng,nlopt_39,2,-289.6957176845093,ft3
Zheng,nlopt_39,3,-284.92327480235315,ft3
Zheng,nlopt_39,4,-283.8523278183527,ft3
Zheng,nlopt_39,5,-284.51681065789467,ft3
Zheng,nlopt_39,6,-284.8178684460364,ft3
Zheng,nlopt_39,7,-279.8749879072833,ft3
Zheng,nlopt_39,8,-286.7255121908301,ft3
Zheng,nlopt_39,9,-286.2588683651534,ft3
Zheng,nlopt_39,10,-285.7917636852616,ft3
Zheng,tnc,1,-275.9772490023826,ft3
Zheng,tnc,2,-275.49300179407135,ft3
Zheng,tnc,3,-274.5166269468233,ft3
Zheng,tnc,4,-277.7296377304461,ft3
Zheng,tnc,5,-273.604760942765,ft3
Zheng,tnc,6,-279.70156159946197,ft3
Zheng,tnc,7,-273.40717959913684,ft3
Zheng,tnc,8,-278.00946601733636,ft3
Zheng,tnc,9,-276.83426121129895,ft3
Zheng,tnc,10,-273.4399555520197,ft3
Zheng,trust-krylov,1,-289.695435164273,ft3
Zheng,trust-krylov,2,-288.91427477550707,ft3
Zheng,trust-krylov,3,-287.8916985166156,ft3
Zheng,trust-krylov,4,-290.544089683421,ft3
Zheng,trust-krylov,5,-290.38675560586347,ft3
Zheng,trust-krylov,6,-288.9060521735818,ft3
Zheng,trust-krylov,7,-286.711114661624,ft3
Zheng,trust-krylov,8,-288.91728501963377,ft3
Zheng,trust-krylov,9,-289.0140365309813,ft3
Zheng,trust-krylov,10,-288.9337128437844,ft3
Zheng,trust-ncg,1,-271.46275511644694,ft3
Zheng,trust-ncg,2,-282.7953715073028,ft3
Zheng,trust-ncg,3,-278.2663434449635,ft3
Zheng,trust-ncg,4,-278.4542740530758,ft3
Zheng,trust-ncg,5,-281.2821635383048,ft3
Zheng,trust-ncg,6,-284.3340004057092,ft3
Zheng,trust-ncg,7,-281.7840902796714,ft3
Zheng,trust-ncg,8,-286.94840246432335,ft3
Zheng,trust-ncg,9,-288.27477635412976,ft3
Zheng,trust-ncg,10,-282.6201079637045,ft3
Armistead,sacess_dhc,1,-301.9161865685212,ft3
Armistead,sacess_dhc,2,-301.91618654909246,ft3
Armistead,sacess_dhc,3,-301.9161864360152,ft3
Armistead,sacess_dhc,4,-301.91618641516305,ft3
Armistead,sacess_dhc,5,-301.9161875783513,ft3
Armistead,sacess_dhc,6,-301.9161864519574,ft3
Armistead,sacess_dhc,7,-301.9161864439097,ft3
Armistead,sacess_dhc,8,-301.9161873739598,ft3
Armistead,sacess_dhc,9,-301.91618723882993,ft3
Armistead,sacess_dhc,10,-301.9161864327693,ft3
Armistead,sacess_ipopt,1,-301.91618637465126,ft3
Armistead,sacess_ipopt,2,-301.91618632521306,ft3
Armistead,sacess_ipopt,3,-301.9161863121591,ft3
Armistead,sacess_ipopt,4,-301.9161864218409,ft3
Armistead,sacess_ipopt,5,-301.91618640230183,ft3
Armistead,sacess_ipopt,6,-301.9161863809384,ft3
Armistead,sacess_ipopt,7,-301.916186342909,ft3
Armistead,sacess_ipopt,8,-301.916186354522,ft3
Armistead,sacess_ipopt,9,-301.9161862562537,ft3
Armistead,sacess_ipopt,10,-301.9161862786901,ft3
Armistead,sacess,1,-301.9161869425283,ft3
Armistead,sacess,2,-301.9161861151617,ft3
Armistead,sacess,3,-301.9161863289864,ft3
Armistead,sacess,4,-301.9161862300188,ft3
Armistead,sacess,5,-301.91618633832456,ft3
Armistead,sacess,6,-301.91618632530367,ft3
Armistead,sacess,7,-301.9161863226287,ft3
Armistead,sacess,8,-301.9161862282448,ft3
Armistead,sacess,9,-301.91618637609105,ft3
Armistead,sacess,10,-301.91618631263964,ft3
Beer,sacess_dhc,1,-61530.83762261304,ft3
Beer,sacess_dhc,2,-59155.82229569144,ft3
Beer,sacess_dhc,3,-58139.756362308006,ft3
Beer,sacess_dhc,4,-56435.43728583687,ft3
Beer,sacess_dhc,5,-60258.8557281739,ft3
Beer,sacess_dhc,6,-61861.86520095378,ft3
Beer,sacess_dhc,7,-58165.85638281965,ft3
Beer,sacess_dhc,8,-61866.1264256554,ft3
Beer,sacess_dhc,9,-61866.872694705125,ft3
Beer,sacess_dhc,10,-59008.61664830308,ft3
Beer,sacess_ipopt,1,-57078.803550411256,ft3
Beer,sacess_ipopt,2,-59505.33871888196,ft3
Beer,sacess_ipopt,3,-61671.865195207225,ft3
Beer,sacess_ipopt,4,-59437.65866635574,ft3
Beer,sacess_ipopt,5,-56700.60948624279,ft3
Beer,sacess_ipopt,6,-58447.53655157902,ft3
Beer,sacess_ipopt,7,-57356.59918663876,ft3
Beer,sacess_ipopt,8,-33233.65759320597,ft3
Beer,sacess_ipopt,9,-42426.89218269551,ft3
Beer,sacess_ipopt,10,-48495.63185456252,ft3
Beer,sacess,1,-52775.06811703381,ft3
Beer,sacess,2,-22968.493999208786,ft3
Beer,sacess,3,-31480.392083905528,ft3
Beer,sacess,4,-28346.26929386259,ft3
Beer,sacess,5,-36185.138575990655,ft3
Beer,sacess,6,-32108.295906508287,ft3
Beer,sacess,7,-19880.525120223265,ft3
Beer,sacess,8,-48608.87727163488,ft3
Beer,sacess,9,-16089.17784836918,ft3
Beer,sacess,10,-38160.02088957816,ft3
Bertozzi,sacess_dhc,1,158.86426663024923,ft3
Bertozzi,sacess_dhc,2,158.86426683080003,ft3
Bertozzi,sacess_dhc,3,158.8642663084783,ft3
Bertozzi,sacess_dhc,4,158.86426639643747,ft3
Bertozzi,sacess_dhc,5,158.8642666704347,ft3
Bertozzi,sacess_dhc,6,158.8642664073822,ft3
Bertozzi,sacess_dhc,7,158.8642665427006,ft3
Bertozzi,sacess_dhc,8,158.8642666178139,ft3
Bertozzi,sacess_dhc,9,158.86426638755034,ft3
Bertozzi,sacess_dhc,10,158.864266402666,ft3
Bertozzi,sacess_ipopt,1,158.86426719105924,ft3
Bertozzi,sacess_ipopt,2,158.86426701645695,ft3
Bertozzi,sacess_ipopt,3,158.8642671264604,ft3
Bertozzi,sacess_ipopt,4,158.86426639283593,ft3
Bertozzi,sacess_ipopt,5,158.8642672546895,ft3
Bertozzi,sacess_ipopt,6,158.86426653155647,ft3
Bertozzi,sacess_ipopt,7,158.86426653747264,ft3
Bertozzi,sacess_ipopt,8,158.86426654672883,ft3
Bertozzi,sacess_ipopt,9,158.86426689940856,ft3
Bertozzi,sacess_ipopt,10,158.86426711604048,ft3
Bertozzi,sacess,1,158.86427151664415,ft3
Bertozzi,sacess,2,158.8642711172144,ft3
Bertozzi,sacess,3,158.86427139468427,ft3
Bertozzi,sacess,4,158.86427104596802,ft3
Bertozzi,sacess,5,158.86427088506355,ft3
Bertozzi,sacess,6,158.86427013490805,ft3
Bertozzi,sacess,7,158.86427018614432,ft3
Bertozzi,sacess,8,158.86427123258989,ft3
Bertozzi,sacess,9,158.86427102472194,ft3
Bertozzi,sacess,10,158.86427125117007,ft3
Blasi,sacess_dhc,1,-1090.561776603928,ft3
Blasi,sacess_dhc,2,-1090.561776603928,ft3
Blasi,sacess_dhc,3,-1090.561776603927,ft3
Blasi,sacess_dhc,4,-1090.561776603928,ft3
Blasi,sacess_dhc,5,-1090.561776603927,ft3
Blasi,sacess_dhc,6,-1090.5617766039293,ft3
Blasi,sacess_dhc,7,-1090.5617766039272,ft3
Blasi,sacess_dhc,8,-1090.5617766039268,ft3
Blasi,sacess_dhc,9,-1090.5617766039275,ft3
Blasi,sacess_dhc,10,-1090.561776603928,ft3
Blasi,sacess_ipopt,1,-1090.5617766038831,ft3
Blasi,sacess_ipopt,2,-1090.5617766038815,ft3
Blasi,sacess_ipopt,3,-1090.5617766038736,ft3
Blasi,sacess_ipopt,4,-1090.5617766038629,ft3
Blasi,sacess_ipopt,5,-1090.5617766038913,ft3
Blasi,sacess_ipopt,6,-1090.56177660388,ft3
Blasi,sacess_ipopt,7,-1090.561776603891,ft3
Blasi,sacess_ipopt,8,-1090.561776603892,ft3
Blasi,sacess_ipopt,9,-1090.5617766038783,ft3
Blasi,sacess_ipopt,10,-1090.5617766038963,ft3
Blasi,sacess,1,-1090.5610903051836,ft3
Blasi,sacess,2,-1090.5609523064154,ft3
Blasi,sacess,3,-1090.560670570747,ft3
Blasi,sacess,4,-1090.560602972321,ft3
Blasi,sacess,5,-1090.5613150410995,ft3
Blasi,sacess,6,-1090.5610659277127,ft3
Blasi,sacess,7,-1090.5615512029233,ft3
Blasi,sacess,8,-1090.5613403681575,ft3
Blasi,sacess,9,-1090.5608473145817,ft3
Blasi,sacess,10,-1090.5607943213342,ft3
Boehm,sacess_dhc,1,138.2219714142396,ft3
Boehm,sacess_dhc,2,138.22197188937503,ft3
Boehm,sacess_dhc,3,138.22197098240997,ft3
Boehm,sacess_dhc,4,138.22197147698898,ft3
Boehm,sacess_dhc,5,138.2219716485125,ft3
Boehm,sacess_dhc,6,138.22197125625576,ft3
Boehm,sacess_dhc,7,138.2219714813152,ft3
Boehm,sacess_dhc,8,138.2219715353464,ft3
Boehm,sacess_dhc,9,138.2219716516054,ft3
Boehm,sacess_dhc,10,138.2219715098127,ft3
Boehm,sacess_ipopt,1,138.22197244813336,ft3
Boehm,sacess_ipopt,2,138.2219718939932,ft3
Boehm,sacess_ipopt,3,138.22197218271845,ft3
Boehm,sacess_ipopt,4,138.22197191138392,ft3
Boehm,sacess_ipopt,5,138.22197238603937,ft3
Boehm,sacess_ipopt,6,138.22197238231513,ft3
Boehm,sacess_ipopt,7,138.22197206975287,ft3
Boehm,sacess_ipopt,8,138.2219715941631,ft3
Boehm,sacess_ipopt,9,138.22197145031268,ft3
Boehm,sacess_ipopt,10,138.22197209200556,ft3
Boehm,sacess,1,138.2219729429355,ft3
Boehm,sacess,2,138.22197321197504,ft3
Boehm,sacess,3,138.2219731143771,ft3
Boehm,sacess,4,138.22197284861292,ft3
Boehm,sacess,5,138.2219727312114,ft3
Boehm,sacess,6,138.2219722419735,ft3
Boehm,sacess,7,138.22197308342427,ft3
Boehm,sacess,8,138.2219727371537,ft3
Boehm,sacess,9,138.221972478986,ft3
Boehm,sacess,10,138.22197328935383,ft3
Borghans,sacess_dhc,1,-101.91796860932352,ft3
Borghans,sacess_dhc,2,-102.15106471419188,ft3
Borghans,sacess_dhc,3,-111.08305820783796,ft3
Borghans,sacess_dhc,4,-127.00608430141264,ft3
Borghans,sacess_dhc,5,-118.07578581987904,ft3
Borghans,sacess_dhc,6,-120.6227394190801,ft3
Borghans,sacess_dhc,7,-114.24720044803075,ft3
Borghans,sacess_dhc,8,-113.44779369124474,ft3
Borghans,sacess_dhc,9,-113.63128818439743,ft3
Borghans,sacess_dhc,10,-109.38588247198244,ft3
Borghans,sacess_ipopt,1,-100.78530342076591,ft3
Borghans,sacess_ipopt,2,-99.36928920632744,ft3
Borghans,sacess_ipopt,3,-96.19140627654306,ft3
Borghans,sacess_ipopt,4,-108.47402398147553,ft3
Borghans,sacess_ipopt,5,-95.05595617679823,ft3
Borghans,sacess_ipopt,6,-95.50899759108448,ft3
Borghans,sacess_ipopt,7,-108.74920255654852,ft3
Borghans,sacess_ipopt,8,-115.5175893903543,ft3
Borghans,sacess_ipopt,9,-96.31541528907628,ft3
Borghans,sacess_ipopt,10,-98.12088345584527,ft3
Borghans,sacess,1,-107.84703341614768,ft3
Borghans,sacess,2,-93.71168873044044,ft3
Borghans,sacess,3,-97.87791298146048,ft3
Borghans,sacess,4,-95.68387936795801,ft3
Borghans,sacess,5,-82.59959605541478,ft3
Borghans,sacess,6,-92.72726488207653,ft3
Borghans,sacess,7,-103.29609945396479,ft3
Borghans,sacess,8,-90.71099314563568,ft3
Borghans,sacess,9,-87.3828139522591,ft3
Borghans,sacess,10,-95.20913173142557,ft3
Brannmark,sacess_dhc,1,143.94376345687448,ft3
Brannmark,sacess_dhc,2,143.07136743465844,ft3
Brannmark,sacess_dhc,3,144.95725022795975,ft3
Brannmark,sacess_dhc,4,144.1462528696651,ft3
Brannmark,sacess_dhc,5,143.57028055427963,ft3
Brannmark,sacess_dhc,6,143.29401041966807,ft3
Brannmark,sacess_dhc,7,143.19070481127915,ft3
Brannmark,sacess_dhc,8,143.8293079028764,ft3
Brannmark,sacess_dhc,9,143.92819617062267,ft3
Brannmark,sacess_dhc,10,144.3523767915402,ft3
Brannmark,sacess_ipopt,1,142.15415913204103,ft3
Brannmark,sacess_ipopt,2,142.24760281159212,ft3
Brannmark,sacess_ipopt,3,142.3234314518486,ft3
Brannmark,sacess_ipopt,4,142.29716029863476,ft3
Brannmark,sacess_ipopt,5,142.2195606644152,ft3
Brannmark,sacess_ipopt,6,142.2347628173222,ft3
Brannmark,sacess_ipopt,7,142.23173454536402,ft3
Brannmark,sacess_ipopt,8,141.8910717824596,ft3
Brannmark,sacess_ipopt,9,142.14691416389,ft3
Brannmark,sacess_ipopt,10,142.97300813079428,ft3
Brannmark,sacess,1,143.4082722141136,ft3
Brannmark,sacess,2,143.7664816283812,ft3
Brannmark,sacess,3,143.0009858841306,ft3
Brannmark,sacess,4,148.8522497846693,ft3
Brannmark,sacess,5,144.6048436253144,ft3
Brannmark,sacess,6,149.50958970554348,ft3
Brannmark,sacess,7,158.1072466450295,ft3
Brannmark,sacess,8,142.39110885015015,ft3
Brannmark,sacess,9,143.58826871592305,ft3
Brannmark,sacess,10,143.90746625645443,ft3
Bruno,sacess_dhc,1,-46.68819023029741,ft3
Bruno,sacess_dhc,2,-46.68819001712092,ft3
Bruno,sacess_dhc,3,-46.68819065677036,ft3
Bruno,sacess_dhc,4,-46.688189153897646,ft3
Bruno,sacess_dhc,5,-46.68819036703243,ft3
Bruno,sacess_dhc,6,-46.68819047802953,ft3
Bruno,sacess_dhc,7,-46.688189432297065,ft3
Bruno,sacess_dhc,8,-46.68818994040784,ft3
Bruno,sacess_dhc,9,-46.68819054315092,ft3
Bruno,sacess_dhc,10,-46.68818976805617,ft3
Bruno,sacess_ipopt,1,-46.688190078201934,ft3
Bruno,sacess_ipopt,2,-46.68819003339102,ft3
Bruno,sacess_ipopt,3,-46.68819075494769,ft3
Bruno,sacess_ipopt,4,-46.68818946420132,ft3
Bruno,sacess_ipopt,5,-46.68819015637375,ft3
Bruno,sacess_ipopt,6,-46.68818888154738,ft3
Bruno,sacess_ipopt,7,-46.68818906267136,ft3
Bruno,sacess_ipopt,8,-46.68818964492377,ft3
Bruno,sacess_ipopt,9,-46.68819075527382,ft3
Bruno,sacess_ipopt,10,-46.68818998049748,ft3
Bruno,sacess,1,-46.68775263640414,ft3
Bruno,sacess,2,-46.68783563400067,ft3
Bruno,sacess,3,-46.68788258194269,ft3
Bruno,sacess,4,-46.68786560998216,ft3
Bruno,sacess,5,-46.68762341220072,ft3
Bruno,sacess,6,-46.687763034130406,ft3
Bruno,sacess,7,-46.687824912104325,ft3
Bruno,sacess,8,-46.68767665097613,ft3
Bruno,sacess,9,-46.68754187052892,ft3
Bruno,sacess,10,-46.68788834032093,ft3
Chen,sacess_dhc,1,9402.513564979186,ft3
Chen,sacess_dhc,2,7445.368716971454,ft3
Chen,sacess_dhc,3,8742.052280438611,ft3
Chen,sacess_dhc,4,8491.89601477188,ft3
Chen,sacess_dhc,5,6779.238137736221,ft3
Chen,sacess_dhc,6,6040.052934840764,ft3
Chen,sacess_dhc,7,9367.183998653742,ft3
Chen,sacess_dhc,8,5482.160130069584,ft3
Chen,sacess_dhc,9,6114.2495263362525,ft3
Chen,sacess_dhc,10,5945.705952869344,ft3
Chen,sacess_ipopt,1,2669.6535907799025,ft3
Chen,sacess_ipopt,2,6810.378513277151,ft3
Chen,sacess_ipopt,3,2050.736466806439,ft3
Chen,sacess_ipopt,4,773.0633484841438,ft3
Chen,sacess_ipopt,5,621.4452899087493,ft3
Chen,sacess_ipopt,6,1751.9656416403277,ft3
Chen,sacess_ipopt,7,1116.0212577682837,ft3
Chen,sacess_ipopt,8,5331.656926858198,ft3
Chen,sacess_ipopt,9,2210.698250714226,ft3
Chen,sacess_ipopt,10,1114.6937683613353,ft3
Chen,sacess,1,3789.515691972464,ft3
Chen,sacess,2,5454.284475933908,ft3
Chen,sacess,3,3344.312755731833,ft3
Chen,sacess,4,1703.6412040721807,ft3
Chen,sacess,5,3182.6934441451685,ft3
Chen,sacess,6,1885.051605071252,ft3
Chen,sacess,7,2166.181559262891,ft3
Chen,sacess,8,5393.965667453189,ft3
Chen,sacess,9,5520.419300300257,ft3
Chen,sacess,10,2172.881184459054,ft3
Crauste,sacess_dhc,1,190.97389128354783,ft3
Crauste,sacess_dhc,2,190.97382784957028,ft3
Crauste,sacess_dhc,3,190.97780625133444,ft3
Crauste,sacess_dhc,4,190.9736377611,ft3
Crauste,sacess_dhc,5,190.9740770917549,ft3
Crauste,sacess_dhc,6,190.97412672680477,ft3
Crauste,sacess_dhc,7,190.97934886173073,ft3
Crauste,sacess_dhc,8,190.97314396571048,ft3
Crauste,sacess_dhc,9,190.97360106788767,ft3
Crauste,sacess_dhc,10,190.9737577806212,ft3
Crauste,sacess_ipopt,1,190.9647789040453,ft3
Crauste,sacess_ipopt,2,190.96524162921585,ft3
Crauste,sacess_ipopt,3,190.96473459829923,ft3
Crauste,sacess_ipopt,4,190.9645063206009,ft3
Crauste,sacess_ipopt,5,190.96551448018988,ft3
Crauste,sacess_ipopt,6,190.9658160256036,ft3
Crauste,sacess_ipopt,7,190.9649714539976,ft3
Crauste,sacess_ipopt,8,190.9646810991007,ft3
Crauste,sacess_ipopt,9,190.96448929621744,ft3
Crauste,sacess_ipopt,10,190.9648479789728,ft3
Crauste,sacess,1,190.97338647179777,ft3
Crauste,sacess,2,190.97424346392296,ft3
Crauste,sacess,3,190.9740609699076,ft3
Crauste,sacess,4,190.9729543662471,ft3
Crauste,sacess,5,190.97437335364003,ft3
Crauste,sacess,6,190.9743915919533,ft3
Crauste,sacess,7,190.97414247082017,ft3
Crauste,sacess,8,190.97404586356097,ft3
Crauste,sacess,9,190.97455218647627,ft3
Crauste,sacess,10,190.9755915962462,ft3
Elowitz,sacess_dhc,1,-65.4917794721295,ft3
Elowitz,sacess_dhc,2,-65.49313843542113,ft3
Elowitz,sacess_dhc,3,-65.49079558656436,ft3
Elowitz,sacess_dhc,4,-65.33702533439784,ft3
Elowitz,sacess_dhc,5,-65.46894946598773,ft3
Elowitz,sacess_dhc,6,-65.4426746798648,ft3
Elowitz,sacess_dhc,7,-65.4534410176755,ft3
Elowitz,sacess_dhc,8,-65.461655197853,ft3
Elowitz,sacess_dhc,9,-65.49045212541894,ft3
Elowitz,sacess_dhc,10,-65.47573793492771,ft3
Elowitz,sacess_ipopt,1,-63.238662566682734,ft3
Elowitz,sacess_ipopt,2,-65.62697671380823,ft3
Elowitz,sacess_ipopt,3,-65.60453268162028,ft3
Elowitz,sacess_ipopt,4,-65.45956100670489,ft3
Elowitz,sacess_ipopt,5,-65.5867708578826,ft3
Elowitz,sacess_ipopt,6,-65.47650952901499,ft3
Elowitz,sacess_ipopt,7,-65.48628414385675,ft3
Elowitz,sacess_ipopt,8,-65.43027631573587,ft3
Elowitz,sacess_ipopt,9,-65.49235968116652,ft3
Elowitz,sacess_ipopt,10,-65.48021719993305,ft3
Elowitz,sacess,1,-65.39072381631127,ft3
Elowitz,sacess,2,-65.39128338053094,ft3
Elowitz,sacess,3,-65.57454371965422,ft3
Elowitz,sacess,4,-65.38001681580018,ft3
Elowitz,sacess,5,-62.97859913659178,ft3
Elowitz,sacess,6,-65.33762864296699,ft3
Elowitz,sacess,7,-65.49121669838897,ft3
Elowitz,sacess,8,-65.44931628925609,ft3
Elowitz,sacess,9,-65.44808069911066,ft3
Elowitz,sacess,10,-65.44544619522287,ft3
Fiedler,sacess_dhc,1,-58.58368790051015,ft3
Fiedler,sacess_dhc,2,-58.58279203587357,ft3
Fiedler,sacess_dhc,3,-58.583505293376675,ft3
Fiedler,sacess_dhc,4,-58.58284594014862,ft3
Fiedler,sacess_dhc,5,-58.580634137140216,ft3
Fiedler,sacess_dhc,6,-58.58390282252403,ft3
Fiedler,sacess_dhc,7,-58.57792310384326,ft3
Fiedler,sacess_dhc,8,-58.58324452986525,ft3
Fiedler,sacess_dhc,9,-58.581640734195815,ft3
Fiedler,sacess_dhc,10,-58.57976847771313,ft3
Fiedler,sacess_ipopt,1,-58.583772584703006,ft3
Fiedler,sacess_ipopt,2,-58.5835787799989,ft3
Fiedler,sacess_ipopt,3,-58.58385301062473,ft3
Fiedler,sacess_ipopt,4,-58.58369833037018,ft3
Fiedler,sacess_ipopt,5,-58.583828578972785,ft3
Fiedler,sacess_ipopt,6,-58.58366722464569,ft3
Fiedler,sacess_ipopt,7,-58.58376239866752,ft3
Fiedler,sacess_ipopt,8,-58.58350072908192,ft3
Fiedler,sacess_ipopt,9,-58.58379384881443,ft3
Fiedler,sacess_ipopt,10,-58.58377950617317,ft3
Fiedler,sacess,1,-49.494903508984926,ft3
Fiedler,sacess,2,-57.51492702503711,ft3
Fiedler,sacess,3,-58.46606394078847,ft3
Fiedler,sacess,4,-58.50142933958599,ft3
Fiedler,sacess,5,-56.20078852695107,ft3
Fiedler,sacess,6,-58.42997175442856,ft3
Fiedler,sacess,7,-57.40889240466254,ft3
Fiedler,sacess,8,-58.496753260191454,ft3
Fiedler,sacess,9,-49.49420812629205,ft3
Fiedler,sacess,10,-58.51441806648578,ft3
Fujita,sacess_dhc,1,-66.58083554505913,ft3
Fujita,sacess_dhc,2,-45.82046340334248,ft3
Fujita,sacess_dhc,3,-66.58099682968243,ft3
Fujita,sacess_dhc,4,-66.58099638552535,ft3
Fujita,sacess_dhc,5,-66.57700505392695,ft3
Fujita,sacess_dhc,6,-66.58030589178696,ft3
Fujita,sacess_dhc,7,-66.58050570558771,ft3
Fujita,sacess_dhc,8,-66.57764919185492,ft3
Fujita,sacess_dhc,9,-66.58007580924115,ft3
Fujita,sacess_dhc,10,41.90710418415795,ft3
Fujita,sacess_ipopt,1,-66.58096995060981,ft3
Fujita,sacess_ipopt,2,-66.58039992625021,ft3
Fujita,sacess_ipopt,3,-66.58100365195467,ft3
Fujita,sacess_ipopt,4,-66.58063209449566,ft3
Fujita,sacess_ipopt,5,-66.5809723572564,ft3
Fujita,sacess_ipopt,6,-66.58084245409148,ft3
Fujita,sacess_ipopt,7,-66.58083835867107,ft3
Fujita,sacess_ipopt,8,-66.58076810208587,ft3
Fujita,sacess_ipopt,9,-66.57998190382378,ft3
Fujita,sacess_ipopt,10,-66.58087326397164,ft3
Fujita,sacess,1,-53.02086375089806,ft3
Fujita,sacess,2,-66.57450752824901,ft3
Fujita,sacess,3,-66.57740556345944,ft3
Fujita,sacess,4,-45.815050895151344,ft3
Fujita,sacess,5,-66.57719721351361,ft3
Fujita,sacess,6,-66.57738526793707,ft3
Fujita,sacess,7,-66.57173451592503,ft3
Fujita,sacess,8,-66.58079156861956,ft3
Fujita,sacess,9,-66.57886085768656,ft3
Fujita,sacess,10,-66.58059996959221,ft3
Giordano,sacess_dhc,1,-3470.231263080332,ft3
Giordano,sacess_dhc,2,-3476.7644674670955,ft3
Giordano,sacess_dhc,3,-3479.9320872929843,ft3
Giordano,sacess_dhc,4,-3467.259228409181,ft3
Giordano,sacess_dhc,5,-3462.135181357671,ft3
Giordano,sacess_dhc,6,-3480.812741055442,ft3
Giordano,sacess_dhc,7,-3466.2288997811484,ft3
Giordano,sacess_dhc,8,-3469.1912611900634,ft3
Giordano,sacess_dhc,9,-3457.299425845955,ft3
Giordano,sacess_dhc,10,-3438.6745645717706,ft3
Giordano,sacess_ipopt,1,-3479.1961150532497,ft3
Giordano,sacess_ipopt,2,-3479.3037312796428,ft3
Giordano,sacess_ipopt,3,-3479.6546309199066,ft3
Giordano,sacess_ipopt,4,-3480.826928584064,ft3
Giordano,sacess_ipopt,5,-3475.615427807196,ft3
Giordano,sacess_ipopt,6,-3478.136755203048,ft3
Giordano,sacess_ipopt,7,-3476.397859103054,ft3
Giordano,sacess_ipopt,8,-3477.0571600118,ft3
Giordano,sacess_ipopt,9,-3478.062130196503,ft3
Giordano,sacess_ipopt,10,-3476.046258031437,ft3
Giordano,sacess,1,-3474.208227334921,ft3
Giordano,sacess,2,-3473.7005611285326,ft3
Giordano,sacess,3,-3469.2516480528857,ft3
Giordano,sacess,4,-3470.258676314017,ft3
Giordano,sacess,5,-3457.7574846272046,ft3
Giordano,sacess,6,-3463.729081834435,ft3
Giordano,sacess,7,-3469.2901017933186,ft3
Giordano,sacess,8,-3475.9400930845795,ft3
Giordano,sacess,9,-3467.4653560724414,ft3
Giordano,sacess,10,-3470.609871113575,ft3
Isensee,sacess_dhc,1,4534.6071169993875,ft3
Isensee,sacess_dhc,2,4531.066780687524,ft3
Isensee,sacess_dhc,3,4536.411378151016,ft3
Isensee,sacess_dhc,4,4529.459311291304,ft3
Isensee,sacess_dhc,5,4529.37454816999,ft3
Isensee,sacess_dhc,6,4528.946046422179,ft3
Isensee,sacess_dhc,7,4527.175638715282,ft3
Isensee,sacess_dhc,8,4532.920607248705,ft3
Isensee,sacess_dhc,9,4525.931817610218,ft3
Isensee,sacess_dhc,10,4538.110145254243,ft3
Isensee,sacess_ipopt,1,4527.733711128088,ft3
Isensee,sacess_ipopt,2,4526.332676951388,ft3
Isensee,sacess_ipopt,3,4527.019442045258,ft3
Isensee,sacess_ipopt,4,4527.498876022232,ft3
Isensee,sacess_ipopt,5,4525.704141155677,ft3
Isensee,sacess_ipopt,6,4525.640852968317,ft3
Isensee,sacess_ipopt,7,4525.055192688127,ft3
Isensee,sacess_ipopt,8,4525.788841645846,ft3
Isensee,sacess_ipopt,9,4524.543367887104,ft3
Isensee,sacess_ipopt,10,4525.458268851912,ft3
Isensee,sacess,1,4525.215104312041,ft3
Isensee,sacess,2,4534.070304909931,ft3
Isensee,sacess,3,4538.070559648049,ft3
Isensee,sacess,4,4527.3413027854685,ft3
Isensee,sacess,5,4526.559838263132,ft3
Isensee,sacess,6,4526.433068122336,ft3
Isensee,sacess,7,4533.418118336714,ft3
Isensee,sacess,8,4526.829139484737,ft3
Isensee,sacess,9,4525.601472691459,ft3
Isensee,sacess,10,4530.14930801557,ft3
Laske,sacess_dhc,1,276.05406404674096,ft3
Laske,sacess_dhc,2,276.05406276326033,ft3
Laske,sacess_dhc,3,276.0540638773675,ft3
Laske,sacess_dhc,4,276.05406264185854,ft3
Laske,sacess_dhc,5,276.0540642385959,ft3
Laske,sacess_dhc,6,276.0540633134001,ft3
Laske,sacess_dhc,7,276.0540733416124,ft3
Laske,sacess_dhc,8,276.0540650113354,ft3
Laske,sacess_dhc,9,276.0540753789968,ft3
Laske,sacess_dhc,10,276.05407797516955,ft3
Laske,sacess_ipopt,1,276.0540618414574,ft3
Laske,sacess_ipopt,2,276.05406191923765,ft3
Laske,sacess_ipopt,3,276.05406193316344,ft3
Laske,sacess_ipopt,4,276.0540618439218,ft3
Laske,sacess_ipopt,5,276.05406193333766,ft3
Laske,sacess_ipopt,6,276.0540617792655,ft3
Laske,sacess_ipopt,7,276.05406177543443,ft3
Laske,sacess_ipopt,8,276.0540618799104,ft3
Laske,sacess_ipopt,9,276.05406198439084,ft3
Laske,sacess_ipopt,10,276.05406185692004,ft3
Laske,sacess,1,276.0545373666924,ft3
Laske,sacess,2,276.05445676843976,ft3
Laske,sacess,3,276.0545592477604,ft3
Laske,sacess,4,276.05455832439145,ft3
Laske,sacess,5,276.0545950731708,ft3
Laske,sacess,6,276.05456462984824,ft3
Laske,sacess,7,276.05440399733186,ft3
Laske,sacess,8,276.05472292566134,ft3
Laske,sacess,9,276.05468506131893,ft3
Laske,sacess,10,276.0543251180118,ft3
Lucarelli,sacess_dhc,1,1686.4298572375214,ft3
Lucarelli,sacess_dhc,2,1704.3954929794083,ft3
Lucarelli,sacess_dhc,3,1684.5922722038836,ft3
Lucarelli,sacess_dhc,4,1722.4376495071872,ft3
Lucarelli,sacess_dhc,5,1693.127631216418,ft3
Lucarelli,sacess_dhc,6,1719.2720971384874,ft3
Lucarelli,sacess_dhc,7,1683.1906348093707,ft3
Lucarelli,sacess_dhc,8,1698.9675174915628,ft3
Lucarelli,sacess_dhc,9,1690.1690744357759,ft3
Lucarelli,sacess_dhc,10,1742.1671107009727,ft3
Lucarelli,sacess_ipopt,1,1706.1690522998679,ft3
Lucarelli,sacess_ipopt,2,1690.732616881645,ft3
Lucarelli,sacess_ipopt,3,1789.2813317335556,ft3
Lucarelli,sacess_ipopt,4,1749.114279311937,ft3
Lucarelli,sacess_ipopt,5,1821.3583007019931,ft3
Lucarelli,sacess_ipopt,6,1684.2295533322003,ft3
Lucarelli,sacess_ipopt,7,1695.838476348144,ft3
Lucarelli,sacess_ipopt,8,1696.0478713637667,ft3
Lucarelli,sacess_ipopt,9,1752.8511811862425,ft3
Lucarelli,sacess_ipopt,10,1722.3200920547026,ft3
Lucarelli,sacess,1,1779.8545827098199,ft3
Lucarelli,sacess,2,1817.795521227053,ft3
Lucarelli,sacess,3,1791.7786751217427,ft3
Lucarelli,sacess,4,1718.9671915505583,ft3
Lucarelli,sacess,5,1755.2277297130163,ft3
Lucarelli,sacess,6,1779.4678090664738,ft3
Lucarelli,sacess,7,1859.8702867975085,ft3
Lucarelli,sacess,8,1790.166539281193,ft3
Lucarelli,sacess,9,1739.751753530622,ft3
Lucarelli,sacess,10,1877.650518990928,ft3
Okuonghae,sacess_dhc,1,375.95880451577943,ft3
Okuonghae,sacess_dhc,2,374.16771939679035,ft3
Okuonghae,sacess_dhc,3,374.54027564538256,ft3
Okuonghae,sacess_dhc,4,374.1131253618496,ft3
Okuonghae,sacess_dhc,5,374.0968034780115,ft3
Okuonghae,sacess_dhc,6,376.0966271892769,ft3
Okuonghae,sacess_dhc,7,374.21566658745286,ft3
Okuonghae,sacess_dhc,8,374.7350599779576,ft3
Okuonghae,sacess_dhc,9,374.9419665848692,ft3
Okuonghae,sacess_dhc,10,373.7212768992077,ft3
Okuonghae,sacess_ipopt,1,373.62091244409794,ft3
Okuonghae,sacess_ipopt,2,373.60970643414174,ft3
Okuonghae,sacess_ipopt,3,373.60146982910067,ft3
Okuonghae,sacess_ipopt,4,373.66094970178136,ft3
Okuonghae,sacess_ipopt,5,373.5909933163084,ft3
Okuonghae,sacess_ipopt,6,373.6089800981177,ft3
Okuonghae,sacess_ipopt,7,373.57411714388337,ft3
Okuonghae,sacess_ipopt,8,373.61818683943903,ft3
Okuonghae,sacess_ipopt,9,373.56805179295145,ft3
Okuonghae,sacess_ipopt,10,373.6105662936292,ft3
Okuonghae,sacess,1,374.61136204756207,ft3
Okuonghae,sacess,2,375.9121516044738,ft3
Okuonghae,sacess,3,374.16393827919194,ft3
Okuonghae,sacess,4,374.5275829994425,ft3
Okuonghae,sacess,5,374.47859106168846,ft3
Okuonghae,sacess,6,374.44581811839936,ft3
Okuonghae,sacess,7,374.25269514156633,ft3
Okuonghae,sacess,8,374.59587640176966,ft3
Okuonghae,sacess,9,374.41160041159327,ft3
Okuonghae,sacess,10,374.24284089813926,ft3
Oliveira,sacess_dhc,1,7906.2435899096945,ft3
Oliveira,sacess_dhc,2,7905.110260095415,ft3
Oliveira,sacess_dhc,3,7906.293238914471,ft3
Oliveira,sacess_dhc,4,7905.835502039718,ft3
Oliveira,sacess_dhc,5,7906.2285318083295,ft3
Oliveira,sacess_dhc,6,7906.332988194695,ft3
Oliveira,sacess_dhc,7,7906.280979451694,ft3
Oliveira,sacess_dhc,8,7906.2853884704355,ft3
Oliveira,sacess_dhc,9,7906.26062754764,ft3
Oliveira,sacess_dhc,10,7905.874386336083,ft3
Oliveira,sacess_ipopt,1,7907.364266533981,ft3
Oliveira,sacess_ipopt,2,7906.963615522543,ft3
Oliveira,sacess_ipopt,3,7905.44734335727,ft3
Oliveira,sacess_ipopt,4,7906.8863096568175,ft3
Oliveira,sacess_ipopt,5,7906.309203951707,ft3
Oliveira,sacess_ipopt,6,7906.229199768909,ft3
Oliveira,sacess_ipopt,7,7906.695072547353,ft3
Oliveira,sacess_ipopt,8,7906.290863488819,ft3
Oliveira,sacess_ipopt,9,7906.092924529946,ft3
Oliveira,sacess_ipopt,10,7906.290943082957,ft3
Oliveira,sacess,1,7906.300346935379,ft3
Oliveira,sacess,2,7906.207885384928,ft3
Oliveira,sacess,3,7905.19174283684,ft3
Oliveira,sacess,4,7906.238560572717,ft3
Oliveira,sacess,5,7906.33217539796,ft3
Oliveira,sacess,6,7906.315827943828,ft3
Oliveira,sacess,7,7906.296626280023,ft3
Oliveira,sacess,8,7906.255778613485,ft3
Oliveira,sacess,9,7906.312450610228,ft3
Oliveira,sacess,10,7906.289132193456,ft3
Perelson,sacess_dhc,1,222.28076903387887,ft3
Perelson,sacess_dhc,2,222.28076909200763,ft3
Perelson,sacess_dhc,3,222.28076911060583,ft3
Perelson,sacess_dhc,4,222.28076910882663,ft3
Perelson,sacess_dhc,5,222.28076910972092,ft3
Perelson,sacess_dhc,6,222.28076909025597,ft3
Perelson,sacess_dhc,7,222.28076897961927,ft3
Perelson,sacess_dhc,8,222.28076910571104,ft3
Perelson,sacess_dhc,9,222.28076907753683,ft3
Perelson,sacess_dhc,10,222.28076911329885,ft3
Perelson,sacess_ipopt,1,222.28076906985564,ft3
Perelson,sacess_ipopt,2,222.28076909698817,ft3
Perelson,sacess_ipopt,3,222.28076912231336,ft3
Perelson,sacess_ipopt,4,222.2807690889348,ft3
Perelson,sacess_ipopt,5,222.280769122192,ft3
Perelson,sacess_ipopt,6,222.28076912125331,ft3
Perelson,sacess_ipopt,7,222.2807690273118,ft3
Perelson,sacess_ipopt,8,222.28076908606027,ft3
Perelson,sacess_ipopt,9,222.2807691074334,ft3
Perelson,sacess_ipopt,10,222.28076910583476,ft3
Perelson,sacess,1,222.2807706838366,ft3
Perelson,sacess,2,222.28077291708695,ft3
Perelson,sacess,3,222.2807706106188,ft3
Perelson,sacess,4,222.2807699694558,ft3
Perelson,sacess,5,222.28076988900705,ft3
Perelson,sacess,6,222.28076995884584,ft3
Perelson,sacess,7,222.2807710849684,ft3
Perelson,sacess,8,222.2807698630892,ft3
Perelson,sacess,9,222.2807708168897,ft3
Perelson,sacess,10,222.2807707876136,ft3
Rahman,sacess_dhc,1,21.153489624842354,ft3
Rahman,sacess_dhc,2,21.1535576071592,ft3
Rahman,sacess_dhc,3,21.153522799553425,ft3
Rahman,sacess_dhc,4,21.153566975720025,ft3
Rahman,sacess_dhc,5,21.153582159264843,ft3
Rahman,sacess_dhc,6,21.153600778580383,ft3
Rahman,sacess_dhc,7,21.153801538385117,ft3
Rahman,sacess_dhc,8,21.1535874251133,ft3
Rahman,sacess_dhc,9,21.153787116638675,ft3
Rahman,sacess_dhc,10,21.153518137880205,ft3
Rahman,sacess_ipopt,1,21.15348620784715,ft3
Rahman,sacess_ipopt,2,21.153486259041863,ft3
Rahman,sacess_ipopt,3,21.153486272431177,ft3
Rahman,sacess_ipopt,4,21.153486256676803,ft3
Rahman,sacess_ipopt,5,21.15348618486081,ft3
Rahman,sacess_ipopt,6,21.153486257714185,ft3
Rahman,sacess_ipopt,7,21.153486245281684,ft3
Rahman,sacess_ipopt,8,21.153486252880377,ft3
Rahman,sacess_ipopt,9,21.15348623955592,ft3
Rahman,sacess_ipopt,10,21.153486150456757,ft3
Rahman,sacess,1,21.15361599939674,ft3
Rahman,sacess,2,21.153604752311114,ft3
Rahman,sacess,3,21.1536782289787,ft3
Rahman,sacess,4,21.153565325835118,ft3
Rahman,sacess,5,21.153548553531238,ft3
Rahman,sacess,6,21.15368193726452,ft3
Rahman,sacess,7,21.15361319989158,ft3
Rahman,sacess,8,21.15364564241284,ft3
Rahman,sacess,9,21.153611798313932,ft3
Rahman,sacess,10,21.153619630266903,ft3
Raia,sacess_dhc,1,345.3169336526063,ft3
Raia,sacess_dhc,2,345.3120674052687,ft3
Raia,sacess_dhc,3,385.64385130323706,ft3
Raia,sacess_dhc,4,350.27126634176756,ft3
Raia,sacess_dhc,5,349.107834964359,ft3
Raia,sacess_dhc,6,349.1073816710919,ft3
Raia,sacess_dhc,7,350.17995082208006,ft3
Raia,sacess_dhc,8,350.26478492535443,ft3
Raia,sacess_dhc,9,385.64383849550137,ft3
Raia,sacess_dhc,10,350.27412837109136,ft3
Raia,sacess_ipopt,1,345.3097853049952,ft3
Raia,sacess_ipopt,2,345.3097828538114,ft3
Raia,sacess_ipopt,3,345.309783358156,ft3
Raia,sacess_ipopt,4,345.30979071599813,ft3
Raia,sacess_ipopt,5,345.3097802710073,ft3
Raia,sacess_ipopt,6,345.3097931571701,ft3
Raia,sacess_ipopt,7,345.3097847600531,ft3
Raia,sacess_ipopt,8,345.30978525498085,ft3
Raia,sacess_ipopt,9,345.3098020867926,ft3
Raia,sacess_ipopt,10,345.30979044674655,ft3
Raia,sacess,1,396.2536027629301,ft3
Raia,sacess,2,350.2679108238332,ft3
Raia,sacess,3,351.8193802968997,ft3
Raia,sacess,4,371.64768128306343,ft3
Raia,sacess,5,350.23383590801546,ft3
Raia,sacess,6,350.2743794917458,ft3
Raia,sacess,7,349.11147890796184,ft3
Raia,sacess,8,345.3104715339507,ft3
Raia,sacess,9,350.2517881845175,ft3
Raia,sacess,10,391.6901933690557,ft3
Raimundez,sacess_dhc,1,4229.190193658032,ft3
Raimundez,sacess_dhc,2,5965.278449138232,ft3
Raimundez,sacess_dhc,3,9820.436423673827,ft3
Raimundez,sacess_dhc,4,10269.562165429028,ft3
Raimundez,sacess_dhc,5,2672.053192788533,ft3
Raimundez,sacess_dhc,6,9464.484773643104,ft3
Raimundez,sacess_dhc,7,9646.558541195067,ft3
Raimundez,sacess_dhc,8,9619.330696287818,ft3
Raimundez,sacess_dhc,9,3545.206899745752,ft3
Raimundez,sacess_dhc,10,10826.267182831383,ft3
Raimundez,sacess_ipopt,1,665.7220384851998,ft3
Raimundez,sacess_ipopt,2,751.608729939311,ft3
Raimundez,sacess_ipopt,3,733.8747993371046,ft3
Raimundez,sacess_ipopt,4,731.7516170484342,ft3
Raimundez,sacess_ipopt,5,659.3962168011922,ft3
Raimundez,sacess_ipopt,6,685.9875834056843,ft3
Raimundez,sacess_ipopt,7,994.6828704489988,ft3
Raimundez,sacess_ipopt,8,687.2431385185357,ft3
Raimundez,sacess_ipopt,9,812.0631470538118,ft3
Raimundez,sacess_ipopt,10,684.3968406215871,ft3
Raimundez,sacess,1,6723.7391844748845,ft3
Raimundez,sacess,2,11659.382827785186,ft3
Raimundez,sacess,3,54242.5829773975,ft3
Raimundez,sacess,4,18364.42553108275,ft3
Raimundez,sacess,5,2401.4239970224794,ft3
Raimundez,sacess,6,8637.809785723859,ft3
Raimundez,sacess,7,15589.827074889508,ft3
Raimundez,sacess,8,10718.88991829912,ft3
Raimundez,sacess,9,11146.335669681503,ft3
Raimundez,sacess,10,10320.732014912486,ft3
SalazarCavazos,sacess_dhc,1,366.8615907129448,ft3
SalazarCavazos,sacess_dhc,2,366.86157820873353,ft3
SalazarCavazos,sacess_dhc,3,366.8615951796575,ft3
SalazarCavazos,sacess_dhc,4,366.8615824670701,ft3
SalazarCavazos,sacess_dhc,5,366.8615832935906,ft3
SalazarCavazos,sacess_dhc,6,366.8615747807486,ft3
SalazarCavazos,sacess_dhc,7,366.8615884542062,ft3
SalazarCavazos,sacess_dhc,8,366.861578839688,ft3
SalazarCavazos,sacess_dhc,9,366.861583637341,ft3
SalazarCavazos,sacess_dhc,10,366.86157785826873,ft3
SalazarCavazos,sacess_ipopt,1,366.86157304220654,ft3
SalazarCavazos,sacess_ipopt,2,366.86157300482904,ft3
SalazarCavazos,sacess_ipopt,3,366.86157304891094,ft3
SalazarCavazos,sacess_ipopt,4,366.86157316483553,ft3
SalazarCavazos,sacess_ipopt,5,366.8615730282676,ft3
SalazarCavazos,sacess_ipopt,6,366.86157301445456,ft3
SalazarCavazos,sacess_ipopt,7,366.861573009887,ft3
SalazarCavazos,sacess_ipopt,8,366.8615730045673,ft3
SalazarCavazos,sacess_ipopt,9,366.8615730364209,ft3
SalazarCavazos,sacess_ipopt,10,366.8615730504548,ft3
SalazarCavazos,sacess,1,366.86159918458816,ft3
SalazarCavazos,sacess,2,366.86159833780744,ft3
SalazarCavazos,sacess,3,366.8615957401979,ft3
SalazarCavazos,sacess,4,366.8616015566971,ft3
SalazarCavazos,sacess,5,366.86160214947046,ft3
SalazarCavazos,sacess,6,366.8615928750653,ft3
SalazarCavazos,sacess,7,366.8615911610679,ft3
SalazarCavazos,sacess,8,366.8615911782791,ft3
SalazarCavazos,sacess,9,366.8615935815837,ft3
SalazarCavazos,sacess,10,366.8615989787903,ft3
Schwen,sacess_dhc,1,952.4217316472512,ft3
Schwen,sacess_dhc,2,952.4217303695107,ft3
Schwen,sacess_dhc,3,952.4217270877992,ft3
Schwen,sacess_dhc,4,952.4217273192265,ft3
Schwen,sacess_dhc,5,952.421729376017,ft3
Schwen,sacess_dhc,6,952.4217287380844,ft3
Schwen,sacess_dhc,7,952.4217278876915,ft3
Schwen,sacess_dhc,8,952.4217305474865,ft3
Schwen,sacess_dhc,9,952.4217300371437,ft3
Schwen,sacess_dhc,10,952.4217264048966,ft3
Schwen,sacess_ipopt,1,953.8410296430949,ft3
Schwen,sacess_ipopt,2,952.421729187046,ft3
Schwen,sacess_ipopt,3,952.4217428341718,ft3
Schwen,sacess_ipopt,4,952.4217494742932,ft3
Schwen,sacess_ipopt,5,952.421729014388,ft3
Schwen,sacess_ipopt,6,952.421729835494,ft3
Schwen,sacess_ipopt,7,952.421739393817,ft3
Schwen,sacess_ipopt,8,953.8410303315123,ft3
Schwen,sacess_ipopt,9,952.4217398080777,ft3
Schwen,sacess_ipopt,10,952.42174448,ft3
Schwen,sacess,1,952.4217560902784,ft3
Schwen,sacess,2,952.421772601592,ft3
Schwen,sacess,3,956.5217976031021,ft3
Schwen,sacess,4,954.0267631915625,ft3
Schwen,sacess,5,999.9923311907504,ft3
Schwen,sacess,6,964.0534424802061,ft3
Schwen,sacess,7,953.8410303449884,ft3
Schwen,sacess,8,963.4161384784647,ft3
Schwen,sacess,9,956.5188149734041,ft3
Schwen,sacess,10,963.8818951752064,ft3
Smith,sacess_dhc,1,30320.360032592136,ft3
Smith,sacess_dhc,2,35671.700560556965,ft3
Smith,sacess_dhc,3,28303.13372543895,ft3
Smith,sacess_dhc,4,25588.745421298143,ft3
Smith,sacess_dhc,5,28040.041173893675,ft3
Smith,sacess_dhc,6,26742.114380241266,ft3
Smith,sacess_dhc,7,31836.49235613847,ft3
Smith,sacess_dhc,8,30946.84128941248,ft3
Smith,sacess_dhc,9,53138.20155537863,ft3
Smith,sacess_dhc,10,27109.924748846955,ft3
Smith,sacess_ipopt,1,24734.376116099105,ft3
Smith,sacess_ipopt,2,24634.92703528141,ft3
Smith,sacess_ipopt,3,22180.30137724422,ft3
Smith,sacess_ipopt,4,24731.530626940006,ft3
Smith,sacess_ipopt,5,21747.229556960498,ft3
Smith,sacess_ipopt,6,21813.196677403015,ft3
Smith,sacess_ipopt,7,24820.916275389405,ft3
Smith,sacess_ipopt,8,24789.118402308082,ft3
Smith,sacess_ipopt,9,24782.1603928944,ft3
Smith,sacess_ipopt,10,21612.844400784066,ft3
Smith,sacess,1,42762.43847300745,ft3
Smith,sacess,2,59758.043309018605,ft3
Smith,sacess,3,60534.33745565479,ft3
Smith,sacess,4,27703.405599737325,ft3
Smith,sacess,5,32857.38612283325,ft3
Smith,sacess,6,42739.358896638965,ft3
Smith,sacess,7,60717.28572847935,ft3
Smith,sacess,8,41692.89908439016,ft3
Smith,sacess,9,21674.716547133783,ft3
Smith,sacess,10,41692.82062292398,ft3
Sneyd,sacess_dhc,1,-319.79234450375003,ft3
Sneyd,sacess_dhc,2,-319.7923433717921,ft3
Sneyd,sacess_dhc,3,-319.79234485606594,ft3
Sneyd,sacess_dhc,4,-319.7923442975764,ft3
Sneyd,sacess_dhc,5,-319.7923454317586,ft3
Sneyd,sacess_dhc,6,-319.7923446080887,ft3
Sneyd,sacess_dhc,7,-319.79234433106603,ft3
Sneyd,sacess_dhc,8,-319.792343339037,ft3
Sneyd,sacess_dhc,9,-319.7923447831945,ft3
Sneyd,sacess_dhc,10,-319.79234382411784,ft3
Sneyd,sacess_ipopt,1,-319.7923437393666,ft3
Sneyd,sacess_ipopt,2,-319.79234243510484,ft3
Sneyd,sacess_ipopt,3,-319.7923442413422,ft3
Sneyd,sacess_ipopt,4,-319.7923428665264,ft3
Sneyd,sacess_ipopt,5,-319.79234287462765,ft3
Sneyd,sacess_ipopt,6,-319.7923428212801,ft3
Sneyd,sacess_ipopt,7,-319.79234416561104,ft3
Sneyd,sacess_ipopt,8,-319.7923416743096,ft3
Sneyd,sacess_ipopt,9,-319.79234265343086,ft3
Sneyd,sacess_ipopt,10,-319.79234424939244,ft3
Sneyd,sacess,1,-319.7923431169507,ft3
Sneyd,sacess,2,-319.79234510127526,ft3
Sneyd,sacess,3,-319.7923427183539,ft3
Sneyd,sacess,4,-319.79234265343155,ft3
Sneyd,sacess,5,-319.79234305964127,ft3
Sneyd,sacess,6,-319.79234084948195,ft3
Sneyd,sacess,7,-319.7923432199764,ft3
Sneyd,sacess,8,-319.7923416197477,ft3
Sneyd,sacess,9,-319.7923437327088,ft3
Sneyd,sacess,10,-319.7923425192309,ft3
Weber,sacess_dhc,1,301.29827113263445,ft3
Weber,sacess_dhc,2,297.86281097694814,ft3
Weber,sacess_dhc,3,301.12152074358846,ft3
Weber,sacess_dhc,4,301.22041415536773,ft3
Weber,sacess_dhc,5,300.9060537266699,ft3
Weber,sacess_dhc,6,300.93333154099514,ft3
Weber,sacess_dhc,7,304.5108440990762,ft3
Weber,sacess_dhc,8,298.4889377095281,ft3
Weber,sacess_dhc,9,301.29893029415314,ft3
Weber,sacess_dhc,10,301.2070591709792,ft3
Weber,sacess_ipopt,1,300.93244551395696,ft3
Weber,sacess_ipopt,2,300.77844754186447,ft3
Weber,sacess_ipopt,3,297.78752539266253,ft3
Weber,sacess_ipopt,4,297.8759765679636,ft3
Weber,sacess_ipopt,5,307.9816170388506,ft3
Weber,sacess_ipopt,6,301.2586418598468,ft3
Weber,sacess_ipopt,7,301.2128748765333,ft3
Weber,sacess_ipopt,8,297.73082218354506,ft3
Weber,sacess_ipopt,9,297.84514561812466,ft3
Weber,sacess_ipopt,10,296.98299371796264,ft3
Weber,sacess,1,297.9884574501518,ft3
Weber,sacess,2,297.7791864898017,ft3
Weber,sacess,3,299.54697808939716,ft3
Weber,sacess,4,298.8336241661307,ft3
Weber,sacess,5,301.64576276028515,ft3
Weber,sacess,6,304.67673687865204,ft3
Weber,sacess,7,299.2627361120855,ft3
Weber,sacess,8,306.37404825888655,ft3
Weber,sacess,9,299.8648515159154,ft3
Weber,sacess,10,304.6982598896736,ft3
Zhao,sacess_dhc,1,501.3469444555613,ft3
Zhao,sacess_dhc,2,501.5103081858815,ft3
Zhao,sacess_dhc,3,501.37915974914847,ft3
Zhao,sacess_dhc,4,501.84431823683167,ft3
Zhao,sacess_dhc,5,501.64464600498343,ft3
Zhao,sacess_dhc,6,503.2121420030889,ft3
Zhao,sacess_dhc,7,503.61835823942647,ft3
Zhao,sacess_dhc,8,501.32922398878577,ft3
Zhao,sacess_dhc,9,503.2354630531209,ft3
Zhao,sacess_dhc,10,503.26857172861986,ft3
Zhao,sacess_ipopt,1,503.3797246224341,ft3
Zhao,sacess_ipopt,2,501.353272234046,ft3
Zhao,sacess_ipopt,3,501.442174006226,ft3
Zhao,sacess_ipopt,4,501.67543263833306,ft3
Zhao,sacess_ipopt,5,501.4114499319705,ft3
Zhao,sacess_ipopt,6,501.7279673034445,ft3
Zhao,sacess_ipopt,7,501.3630651894654,ft3
Zhao,sacess_ipopt,8,503.35393993823766,ft3
Zhao,sacess_ipopt,9,501.4371562745976,ft3
Zhao,sacess_ipopt,10,503.4364444769312,ft3
Zhao,sacess,1,505.2340161440328,ft3
Zhao,sacess,2,503.45487908214,ft3
Zhao,sacess,3,504.1226344209404,ft3
Zhao,sacess,4,505.2521183856976,ft3
Zhao,sacess,5,503.66844918088816,ft3
Zhao,sacess,6,504.3447826651181,ft3
Zhao,sacess,7,504.96297189911303,ft3
Zhao,sacess,8,501.95637651931935,ft3
Zhao,sacess,9,504.0279422454168,ft3
Zhao,sacess,10,503.039394018683,ft3
Zheng,sacess_dhc,1,-293.7147187520516,ft3
Zheng,sacess_dhc,2,-293.5019375395758,ft3
Zheng,sacess_dhc,3,-293.52365163895183,ft3
Zheng,sacess_dhc,4,-293.69994404616466,ft3
Zheng,sacess_dhc,5,-293.6344752415028,ft3
Zheng,sacess_dhc,6,-293.5016633031839,ft3
Zheng,sacess_dhc,7,-293.48760452381066,ft3
Zheng,sacess_dhc,8,-291.58536780427613,ft3
Zheng,sacess_dhc,9,-293.23930805040686,ft3
Zheng,sacess_dhc,10,-293.309380977798,ft3
Zheng,sacess_ipopt,1,-293.34097825477784,ft3
Zheng,sacess_ipopt,2,-293.7015529488337,ft3
Zheng,sacess_ipopt,3,-293.511100553502,ft3
Zheng,sacess_ipopt,4,-293.5019862043377,ft3
Zheng,sacess_ipopt,5,-293.5110679477715,ft3
Zheng,sacess_ipopt,6,-293.7140427206141,ft3
Zheng,sacess_ipopt,7,-293.16052072137995,ft3
Zheng,sacess_ipopt,8,-293.70176276746764,ft3
Zheng,sacess_ipopt,9,-293.1119205154772,ft3
Zheng,sacess_ipopt,10,-293.714717635737,ft3
Zheng,sacess,1,-293.1609003095294,ft3
Zheng,sacess,2,-293.05740089440224,ft3
Zheng,sacess,3,-293.3365152886076,ft3
Zheng,sacess,4,-293.3092809129991,ft3
Zheng,sacess,5,-293.52381943713925,ft3
Zheng,sacess,6,-293.634360423953,ft3
Zheng,sacess,7,-293.46636563708654,ft3
Zheng,sacess,8,-293.7011021233778,ft3
Zheng,sacess,9,-293.50200062194534,ft3
Zheng,sacess,10,-293.71383256442334,ft3
